C:\inetpub\wwwroot\e-randevu\dental_management_system\venv\Lib\site-packages\django\db\models\base.py:366: RuntimeWarning: Model 'patients.hastasession' was already registered. Reloading models is not advised as it can lead to inconsistencies, most notably with related models.
  new_class._meta.apps.register_model(new_class._meta.app_label, new_class)
C:\inetpub\wwwroot\e-randevu\dental_management_system\venv\Lib\site-packages\django\db\models\base.py:366: RuntimeWarning: Model 'patients.hastasession' was already registered. Reloading models is not advised as it can lead to inconsistencies, most notably with related models.
  new_class._meta.apps.register_model(new_class._meta.app_label, new_class)
Watching for file changes with StatReloader
[29/Mar/2026 07:44:10] "GET / HTTP/1.1" 200 16347
[29/Mar/2026 07:44:10] "GET / HTTP/1.1" 200 16347
[29/Mar/2026 07:44:10,668] - Broken pipe from ('127.0.0.1', 54675)
[29/Mar/2026 07:44:23] "GET / HTTP/1.1" 200 16347
Not Found: /favicon.ico
[29/Mar/2026 07:44:24] "GET /favicon.ico HTTP/1.1" 404 2952
[29/Mar/2026 07:44:29] "GET /?sehir=%C4%B0stanbul HTTP/1.1" 200 21118
[29/Mar/2026 07:44:29] "GET /media/clinics/logos/download.jpg HTTP/1.1" 200 3832
[29/Mar/2026 07:44:31] "GET / HTTP/1.1" 200 65992
Not Found: /cdn-cgi/scripts/5c5dd728/cloudflare-static/email-decode.min.js
[29/Mar/2026 07:44:32] "GET /cdn-cgi/scripts/5c5dd728/cloudflare-static/email-decode.min.js HTTP/1.1" 404 2515
Not Found: /favicon.ico
[29/Mar/2026 07:44:32] "GET /favicon.ico HTTP/1.1" 404 2362
Traceback (most recent call last):
  File "C:\inetpub\wwwroot\e-randevu\dental_management_system\venv\Lib\site-packages\django\core\handlers\exception.py", line 55, in inner
    response = get_response(request)
               ^^^^^^^^^^^^^^^^^^^^^
  File "C:\inetpub\wwwroot\e-randevu\dental_management_system\venv\Lib\site-packages\django\core\handlers\base.py", line 181, in _get_response
    callback, callback_args, callback_kwargs = self.resolve_request(request)
                                               ^^^^^^^^^^^^^^^^^^^^^^^^^^^^^
  File "C:\inetpub\wwwroot\e-randevu\dental_management_system\venv\Lib\site-packages\django\core\handlers\base.py", line 313, in resolve_request
    resolver_match = resolver.resolve(request.path_info)
                     ^^^^^^^^^^^^^^^^^^^^^^^^^^^^^^^^^^^
  File "C:\inetpub\wwwroot\e-randevu\dental_management_system\venv\Lib\site-packages\django\urls\resolvers.py", line 686, in resolve
    for pattern in self.url_patterns:
                   ^^^^^^^^^^^^^^^^^
  File "C:\inetpub\wwwroot\e-randevu\dental_management_system\venv\Lib\site-packages\django\utils\functional.py", line 47, in __get__
    res = instance.__dict__[self.name] = self.func(instance)
                                         ^^^^^^^^^^^^^^^^^^^
  File "C:\inetpub\wwwroot\e-randevu\dental_management_system\venv\Lib\site-packages\django\urls\resolvers.py", line 738, in url_patterns
    patterns = getattr(self.urlconf_module, "urlpatterns", self.urlconf_module)
                       ^^^^^^^^^^^^^^^^^^^
  File "C:\inetpub\wwwroot\e-randevu\dental_management_system\venv\Lib\site-packages\django\utils\functional.py", line 47, in __get__
    res = instance.__dict__[self.name] = self.func(instance)
                                         ^^^^^^^^^^^^^^^^^^^
  File "C:\inetpub\wwwroot\e-randevu\dental_management_system\venv\Lib\site-packages\django\urls\resolvers.py", line 731, in urlconf_module
    return import_module(self.urlconf_name)
           ^^^^^^^^^^^^^^^^^^^^^^^^^^^^^^^^
  File "C:\Users\Administrator\AppData\Local\Programs\Python\Python311\Lib\importlib\__init__.py", line 126, in import_module
    return _bootstrap._gcd_import(name[level:], package, level)
           ^^^^^^^^^^^^^^^^^^^^^^^^^^^^^^^^^^^^^^^^^^^^^^^^^^^^
  File "<frozen importlib._bootstrap>", line 1206, in _gcd_import
  File "<frozen importlib._bootstrap>", line 1178, in _find_and_load
  File "<frozen importlib._bootstrap>", line 1149, in _find_and_load_unlocked
  File "<frozen importlib._bootstrap>", line 690, in _load_unlocked
  File "<frozen importlib._bootstrap_external>", line 940, in exec_module
  File "<frozen importlib._bootstrap>", line 241, in _call_with_frames_removed
  File "C:\inetpub\wwwroot\e-randevu\dental_management_system\dental\panel_urls.py", line 14, in <module>
    from tenants.odeme_views import abonelik_planlar, abonelik_odeme, abonelik_basarili
  File "C:\inetpub\wwwroot\e-randevu\dental_management_system\tenants\odeme_views.py", line 9, in <module>
    from tenants.iyzico import PLANS, odeme_baslat
  File "C:\inetpub\wwwroot\e-randevu\dental_management_system\tenants\iyzico.py", line 10, in <module>
    import requests
ModuleNotFoundError: No module named 'requests'

During handling of the above exception, another exception occurred:

Traceback (most recent call last):
  File "C:\inetpub\wwwroot\e-randevu\dental_management_system\venv\Lib\site-packages\django\core\handlers\exception.py", line 55, in inner
    response = get_response(request)
               ^^^^^^^^^^^^^^^^^^^^^
  File "C:\inetpub\wwwroot\e-randevu\dental_management_system\venv\Lib\site-packages\django\utils\deprecation.py", line 134, in __call__
    response = response or self.get_response(request)
                           ^^^^^^^^^^^^^^^^^^^^^^^^^^
  File "C:\inetpub\wwwroot\e-randevu\dental_management_system\venv\Lib\site-packages\django\core\handlers\exception.py", line 57, in inner
    response = response_for_exception(request, exc)
               ^^^^^^^^^^^^^^^^^^^^^^^^^^^^^^^^^^^^
  File "C:\inetpub\wwwroot\e-randevu\dental_management_system\venv\Lib\site-packages\django\core\handlers\exception.py", line 140, in response_for_exception
    response = handle_uncaught_exception(
               ^^^^^^^^^^^^^^^^^^^^^^^^^^
  File "C:\inetpub\wwwroot\e-randevu\dental_management_system\venv\Lib\site-packages\django\core\handlers\exception.py", line 181, in handle_uncaught_exception
    return debug.technical_500_response(request, *exc_info)
           ^^^^^^^^^^^^^^^^^^^^^^^^^^^^^^^^^^^^^^^^^^^^^^^^
  File "C:\inetpub\wwwroot\e-randevu\dental_management_system\venv\Lib\site-packages\django\views\debug.py", line 69, in technical_500_response
    html = reporter.get_traceback_html()
           ^^^^^^^^^^^^^^^^^^^^^^^^^^^^^
  File "C:\inetpub\wwwroot\e-randevu\dental_management_system\venv\Lib\site-packages\django\views\debug.py", line 428, in get_traceback_html
    c = Context(self.get_traceback_data(), use_l10n=False)
                ^^^^^^^^^^^^^^^^^^^^^^^^^
  File "C:\inetpub\wwwroot\e-randevu\dental_management_system\venv\Lib\site-packages\django\views\debug.py", line 411, in get_traceback_data
    c["raising_view_name"] = get_caller(self.request)
                             ^^^^^^^^^^^^^^^^^^^^^^^^
  File "C:\inetpub\wwwroot\e-randevu\dental_management_system\venv\Lib\site-packages\django\views\debug.py", line 102, in get_caller
    resolver_match = resolve(request.path)
                     ^^^^^^^^^^^^^^^^^^^^^
  File "C:\inetpub\wwwroot\e-randevu\dental_management_system\venv\Lib\site-packages\django\urls\base.py", line 24, in resolve
    return get_resolver(urlconf).resolve(path)
           ^^^^^^^^^^^^^^^^^^^^^^^^^^^^^^^^^^^
  File "C:\inetpub\wwwroot\e-randevu\dental_management_system\venv\Lib\site-packages\django\urls\resolvers.py", line 686, in resolve
    for pattern in self.url_patterns:
                   ^^^^^^^^^^^^^^^^^
  File "C:\inetpub\wwwroot\e-randevu\dental_management_system\venv\Lib\site-packages\django\utils\functional.py", line 47, in __get__
    res = instance.__dict__[self.name] = self.func(instance)
                                         ^^^^^^^^^^^^^^^^^^^
  File "C:\inetpub\wwwroot\e-randevu\dental_management_system\venv\Lib\site-packages\django\urls\resolvers.py", line 738, in url_patterns
    patterns = getattr(self.urlconf_module, "urlpatterns", self.urlconf_module)
                       ^^^^^^^^^^^^^^^^^^^
  File "C:\inetpub\wwwroot\e-randevu\dental_management_system\venv\Lib\site-packages\django\utils\functional.py", line 47, in __get__
    res = instance.__dict__[self.name] = self.func(instance)
                                         ^^^^^^^^^^^^^^^^^^^
  File "C:\inetpub\wwwroot\e-randevu\dental_management_system\venv\Lib\site-packages\django\urls\resolvers.py", line 731, in urlconf_module
    return import_module(self.urlconf_name)
           ^^^^^^^^^^^^^^^^^^^^^^^^^^^^^^^^
  File "C:\Users\Administrator\AppData\Local\Programs\Python\Python311\Lib\importlib\__init__.py", line 126, in import_module
    return _bootstrap._gcd_import(name[level:], package, level)
           ^^^^^^^^^^^^^^^^^^^^^^^^^^^^^^^^^^^^^^^^^^^^^^^^^^^^
  File "<frozen importlib._bootstrap>", line 1206, in _gcd_import
  File "<frozen importlib._bootstrap>", line 1178, in _find_and_load
  File "<frozen importlib._bootstrap>", line 1149, in _find_and_load_unlocked
  File "<frozen importlib._bootstrap>", line 690, in _load_unlocked
  File "<frozen importlib._bootstrap_external>", line 940, in exec_module
  File "<frozen importlib._bootstrap>", line 241, in _call_with_frames_removed
  File "C:\inetpub\wwwroot\e-randevu\dental_management_system\dental\panel_urls.py", line 14, in <module>
    from tenants.odeme_views import abonelik_planlar, abonelik_odeme, abonelik_basarili
  File "C:\inetpub\wwwroot\e-randevu\dental_management_system\tenants\odeme_views.py", line 9, in <module>
    from tenants.iyzico import PLANS, odeme_baslat
  File "C:\inetpub\wwwroot\e-randevu\dental_management_system\tenants\iyzico.py", line 10, in <module>
    import requests
ModuleNotFoundError: No module named 'requests'

During handling of the above exception, another exception occurred:

Traceback (most recent call last):
  File "C:\inetpub\wwwroot\e-randevu\dental_management_system\venv\Lib\site-packages\django\core\handlers\exception.py", line 55, in inner
    response = get_response(request)
               ^^^^^^^^^^^^^^^^^^^^^
  File "C:\inetpub\wwwroot\e-randevu\dental_management_system\venv\Lib\site-packages\django\utils\deprecation.py", line 134, in __call__
    response = response or self.get_response(request)
                           ^^^^^^^^^^^^^^^^^^^^^^^^^^
  File "C:\inetpub\wwwroot\e-randevu\dental_management_system\venv\Lib\site-packages\django\core\handlers\exception.py", line 57, in inner
    response = response_for_exception(request, exc)
               ^^^^^^^^^^^^^^^^^^^^^^^^^^^^^^^^^^^^
  File "C:\inetpub\wwwroot\e-randevu\dental_management_system\venv\Lib\site-packages\django\core\handlers\exception.py", line 140, in response_for_exception
    response = handle_uncaught_exception(
               ^^^^^^^^^^^^^^^^^^^^^^^^^^
  File "C:\inetpub\wwwroot\e-randevu\dental_management_system\venv\Lib\site-packages\django\core\handlers\exception.py", line 181, in handle_uncaught_exception
    return debug.technical_500_response(request, *exc_info)
           ^^^^^^^^^^^^^^^^^^^^^^^^^^^^^^^^^^^^^^^^^^^^^^^^
  File "C:\inetpub\wwwroot\e-randevu\dental_management_system\venv\Lib\site-packages\django\views\debug.py", line 69, in technical_500_response
    html = reporter.get_traceback_html()
           ^^^^^^^^^^^^^^^^^^^^^^^^^^^^^
  File "C:\inetpub\wwwroot\e-randevu\dental_management_system\venv\Lib\site-packages\django\views\debug.py", line 428, in get_traceback_html
    c = Context(self.get_traceback_data(), use_l10n=False)
                ^^^^^^^^^^^^^^^^^^^^^^^^^
  File "C:\inetpub\wwwroot\e-randevu\dental_management_system\venv\Lib\site-packages\django\views\debug.py", line 411, in get_traceback_data
    c["raising_view_name"] = get_caller(self.request)
                             ^^^^^^^^^^^^^^^^^^^^^^^^
  File "C:\inetpub\wwwroot\e-randevu\dental_management_system\venv\Lib\site-packages\django\views\debug.py", line 102, in get_caller
    resolver_match = resolve(request.path)
                     ^^^^^^^^^^^^^^^^^^^^^
  File "C:\inetpub\wwwroot\e-randevu\dental_management_system\venv\Lib\site-packages\django\urls\base.py", line 24, in resolve
    return get_resolver(urlconf).resolve(path)
           ^^^^^^^^^^^^^^^^^^^^^^^^^^^^^^^^^^^
  File "C:\inetpub\wwwroot\e-randevu\dental_management_system\venv\Lib\site-packages\django\urls\resolvers.py", line 686, in resolve
    for pattern in self.url_patterns:
                   ^^^^^^^^^^^^^^^^^
  File "C:\inetpub\wwwroot\e-randevu\dental_management_system\venv\Lib\site-packages\django\utils\functional.py", line 47, in __get__
    res = instance.__dict__[self.name] = self.func(instance)
                                         ^^^^^^^^^^^^^^^^^^^
  File "C:\inetpub\wwwroot\e-randevu\dental_management_system\venv\Lib\site-packages\django\urls\resolvers.py", line 738, in url_patterns
    patterns = getattr(self.urlconf_module, "urlpatterns", self.urlconf_module)
                       ^^^^^^^^^^^^^^^^^^^
  File "C:\inetpub\wwwroot\e-randevu\dental_management_system\venv\Lib\site-packages\django\utils\functional.py", line 47, in __get__
    res = instance.__dict__[self.name] = self.func(instance)
                                         ^^^^^^^^^^^^^^^^^^^
  File "C:\inetpub\wwwroot\e-randevu\dental_management_system\venv\Lib\site-packages\django\urls\resolvers.py", line 731, in urlconf_module
    return import_module(self.urlconf_name)
           ^^^^^^^^^^^^^^^^^^^^^^^^^^^^^^^^
  File "C:\Users\Administrator\AppData\Local\Programs\Python\Python311\Lib\importlib\__init__.py", line 126, in import_module
    return _bootstrap._gcd_import(name[level:], package, level)
           ^^^^^^^^^^^^^^^^^^^^^^^^^^^^^^^^^^^^^^^^^^^^^^^^^^^^
  File "<frozen importlib._bootstrap>", line 1206, in _gcd_import
  File "<frozen importlib._bootstrap>", line 1178, in _find_and_load
  File "<frozen importlib._bootstrap>", line 1149, in _find_and_load_unlocked
  File "<frozen importlib._bootstrap>", line 690, in _load_unlocked
  File "<frozen importlib._bootstrap_external>", line 940, in exec_module
  File "<frozen importlib._bootstrap>", line 241, in _call_with_frames_removed
  File "C:\inetpub\wwwroot\e-randevu\dental_management_system\dental\panel_urls.py", line 14, in <module>
    from tenants.odeme_views import abonelik_planlar, abonelik_odeme, abonelik_basarili
  File "C:\inetpub\wwwroot\e-randevu\dental_management_system\tenants\odeme_views.py", line 9, in <module>
    from tenants.iyzico import PLANS, odeme_baslat
  File "C:\inetpub\wwwroot\e-randevu\dental_management_system\tenants\iyzico.py", line 10, in <module>
    import requests
ModuleNotFoundError: No module named 'requests'

During handling of the above exception, another exception occurred:

Traceback (most recent call last):
  File "C:\inetpub\wwwroot\e-randevu\dental_management_system\venv\Lib\site-packages\django\core\handlers\exception.py", line 55, in inner
    response = get_response(request)
               ^^^^^^^^^^^^^^^^^^^^^
  File "C:\inetpub\wwwroot\e-randevu\dental_management_system\venv\Lib\site-packages\django\utils\deprecation.py", line 134, in __call__
    response = response or self.get_response(request)
                           ^^^^^^^^^^^^^^^^^^^^^^^^^^
  File "C:\inetpub\wwwroot\e-randevu\dental_management_system\venv\Lib\site-packages\django\core\handlers\exception.py", line 57, in inner
    response = response_for_exception(request, exc)
               ^^^^^^^^^^^^^^^^^^^^^^^^^^^^^^^^^^^^
  File "C:\inetpub\wwwroot\e-randevu\dental_management_system\venv\Lib\site-packages\django\core\handlers\exception.py", line 140, in response_for_exception
    response = handle_uncaught_exception(
               ^^^^^^^^^^^^^^^^^^^^^^^^^^
  File "C:\inetpub\wwwroot\e-randevu\dental_management_system\venv\Lib\site-packages\django\core\handlers\exception.py", line 181, in handle_uncaught_exception
    return debug.technical_500_response(request, *exc_info)
           ^^^^^^^^^^^^^^^^^^^^^^^^^^^^^^^^^^^^^^^^^^^^^^^^
  File "C:\inetpub\wwwroot\e-randevu\dental_management_system\venv\Lib\site-packages\django\views\debug.py", line 69, in technical_500_response
    html = reporter.get_traceback_html()
           ^^^^^^^^^^^^^^^^^^^^^^^^^^^^^
  File "C:\inetpub\wwwroot\e-randevu\dental_management_system\venv\Lib\site-packages\django\views\debug.py", line 428, in get_traceback_html
    c = Context(self.get_traceback_data(), use_l10n=False)
                ^^^^^^^^^^^^^^^^^^^^^^^^^
  File "C:\inetpub\wwwroot\e-randevu\dental_management_system\venv\Lib\site-packages\django\views\debug.py", line 411, in get_traceback_data
    c["raising_view_name"] = get_caller(self.request)
                             ^^^^^^^^^^^^^^^^^^^^^^^^
  File "C:\inetpub\wwwroot\e-randevu\dental_management_system\venv\Lib\site-packages\django\views\debug.py", line 102, in get_caller
    resolver_match = resolve(request.path)
                     ^^^^^^^^^^^^^^^^^^^^^
  File "C:\inetpub\wwwroot\e-randevu\dental_management_system\venv\Lib\site-packages\django\urls\base.py", line 24, in resolve
    return get_resolver(urlconf).resolve(path)
           ^^^^^^^^^^^^^^^^^^^^^^^^^^^^^^^^^^^
  File "C:\inetpub\wwwroot\e-randevu\dental_management_system\venv\Lib\site-packages\django\urls\resolvers.py", line 686, in resolve
    for pattern in self.url_patterns:
                   ^^^^^^^^^^^^^^^^^
  File "C:\inetpub\wwwroot\e-randevu\dental_management_system\venv\Lib\site-packages\django\utils\functional.py", line 47, in __get__
    res = instance.__dict__[self.name] = self.func(instance)
                                         ^^^^^^^^^^^^^^^^^^^
  File "C:\inetpub\wwwroot\e-randevu\dental_management_system\venv\Lib\site-packages\django\urls\resolvers.py", line 738, in url_patterns
    patterns = getattr(self.urlconf_module, "urlpatterns", self.urlconf_module)
                       ^^^^^^^^^^^^^^^^^^^
  File "C:\inetpub\wwwroot\e-randevu\dental_management_system\venv\Lib\site-packages\django\utils\functional.py", line 47, in __get__
    res = instance.__dict__[self.name] = self.func(instance)
                                         ^^^^^^^^^^^^^^^^^^^
  File "C:\inetpub\wwwroot\e-randevu\dental_management_system\venv\Lib\site-packages\django\urls\resolvers.py", line 731, in urlconf_module
    return import_module(self.urlconf_name)
           ^^^^^^^^^^^^^^^^^^^^^^^^^^^^^^^^
  File "C:\Users\Administrator\AppData\Local\Programs\Python\Python311\Lib\importlib\__init__.py", line 126, in import_module
    return _bootstrap._gcd_import(name[level:], package, level)
           ^^^^^^^^^^^^^^^^^^^^^^^^^^^^^^^^^^^^^^^^^^^^^^^^^^^^
  File "<frozen importlib._bootstrap>", line 1206, in _gcd_import
  File "<frozen importlib._bootstrap>", line 1178, in _find_and_load
  File "<frozen importlib._bootstrap>", line 1149, in _find_and_load_unlocked
  File "<frozen importlib._bootstrap>", line 690, in _load_unlocked
  File "<frozen importlib._bootstrap_external>", line 940, in exec_module
  File "<frozen importlib._bootstrap>", line 241, in _call_with_frames_removed
  File "C:\inetpub\wwwroot\e-randevu\dental_management_system\dental\panel_urls.py", line 14, in <module>
    from tenants.odeme_views import abonelik_planlar, abonelik_odeme, abonelik_basarili
  File "C:\inetpub\wwwroot\e-randevu\dental_management_system\tenants\odeme_views.py", line 9, in <module>
    from tenants.iyzico import PLANS, odeme_baslat
  File "C:\inetpub\wwwroot\e-randevu\dental_management_system\tenants\iyzico.py", line 10, in <module>
    import requests
ModuleNotFoundError: No module named 'requests'

During handling of the above exception, another exception occurred:

Traceback (most recent call last):
  File "C:\inetpub\wwwroot\e-randevu\dental_management_system\venv\Lib\site-packages\django\core\handlers\exception.py", line 55, in inner
    response = get_response(request)
               ^^^^^^^^^^^^^^^^^^^^^
  File "C:\inetpub\wwwroot\e-randevu\dental_management_system\venv\Lib\site-packages\django\utils\deprecation.py", line 134, in __call__
    response = response or self.get_response(request)
                           ^^^^^^^^^^^^^^^^^^^^^^^^^^
  File "C:\inetpub\wwwroot\e-randevu\dental_management_system\venv\Lib\site-packages\django\core\handlers\exception.py", line 57, in inner
    response = response_for_exception(request, exc)
               ^^^^^^^^^^^^^^^^^^^^^^^^^^^^^^^^^^^^
  File "C:\inetpub\wwwroot\e-randevu\dental_management_system\venv\Lib\site-packages\django\core\handlers\exception.py", line 140, in response_for_exception
    response = handle_uncaught_exception(
               ^^^^^^^^^^^^^^^^^^^^^^^^^^
  File "C:\inetpub\wwwroot\e-randevu\dental_management_system\venv\Lib\site-packages\django\core\handlers\exception.py", line 181, in handle_uncaught_exception
    return debug.technical_500_response(request, *exc_info)
           ^^^^^^^^^^^^^^^^^^^^^^^^^^^^^^^^^^^^^^^^^^^^^^^^
  File "C:\inetpub\wwwroot\e-randevu\dental_management_system\venv\Lib\site-packages\django\views\debug.py", line 69, in technical_500_response
    html = reporter.get_traceback_html()
           ^^^^^^^^^^^^^^^^^^^^^^^^^^^^^
  File "C:\inetpub\wwwroot\e-randevu\dental_management_system\venv\Lib\site-packages\django\views\debug.py", line 428, in get_traceback_html
    c = Context(self.get_traceback_data(), use_l10n=False)
                ^^^^^^^^^^^^^^^^^^^^^^^^^
  File "C:\inetpub\wwwroot\e-randevu\dental_management_system\venv\Lib\site-packages\django\views\debug.py", line 411, in get_traceback_data
    c["raising_view_name"] = get_caller(self.request)
                             ^^^^^^^^^^^^^^^^^^^^^^^^
  File "C:\inetpub\wwwroot\e-randevu\dental_management_system\venv\Lib\site-packages\django\views\debug.py", line 102, in get_caller
    resolver_match = resolve(request.path)
                     ^^^^^^^^^^^^^^^^^^^^^
  File "C:\inetpub\wwwroot\e-randevu\dental_management_system\venv\Lib\site-packages\django\urls\base.py", line 24, in resolve
    return get_resolver(urlconf).resolve(path)
           ^^^^^^^^^^^^^^^^^^^^^^^^^^^^^^^^^^^
  File "C:\inetpub\wwwroot\e-randevu\dental_management_system\venv\Lib\site-packages\django\urls\resolvers.py", line 686, in resolve
    for pattern in self.url_patterns:
                   ^^^^^^^^^^^^^^^^^
  File "C:\inetpub\wwwroot\e-randevu\dental_management_system\venv\Lib\site-packages\django\utils\functional.py", line 47, in __get__
    res = instance.__dict__[self.name] = self.func(instance)
                                         ^^^^^^^^^^^^^^^^^^^
  File "C:\inetpub\wwwroot\e-randevu\dental_management_system\venv\Lib\site-packages\django\urls\resolvers.py", line 738, in url_patterns
    patterns = getattr(self.urlconf_module, "urlpatterns", self.urlconf_module)
                       ^^^^^^^^^^^^^^^^^^^
  File "C:\inetpub\wwwroot\e-randevu\dental_management_system\venv\Lib\site-packages\django\utils\functional.py", line 47, in __get__
    res = instance.__dict__[self.name] = self.func(instance)
                                         ^^^^^^^^^^^^^^^^^^^
  File "C:\inetpub\wwwroot\e-randevu\dental_management_system\venv\Lib\site-packages\django\urls\resolvers.py", line 731, in urlconf_module
    return import_module(self.urlconf_name)
           ^^^^^^^^^^^^^^^^^^^^^^^^^^^^^^^^
  File "C:\Users\Administrator\AppData\Local\Programs\Python\Python311\Lib\importlib\__init__.py", line 126, in import_module
    return _bootstrap._gcd_import(name[level:], package, level)
           ^^^^^^^^^^^^^^^^^^^^^^^^^^^^^^^^^^^^^^^^^^^^^^^^^^^^
  File "<frozen importlib._bootstrap>", line 1206, in _gcd_import
  File "<frozen importlib._bootstrap>", line 1178, in _find_and_load
  File "<frozen importlib._bootstrap>", line 1149, in _find_and_load_unlocked
  File "<frozen importlib._bootstrap>", line 690, in _load_unlocked
  File "<frozen importlib._bootstrap_external>", line 940, in exec_module
  File "<frozen importlib._bootstrap>", line 241, in _call_with_frames_removed
  File "C:\inetpub\wwwroot\e-randevu\dental_management_system\dental\panel_urls.py", line 14, in <module>
    from tenants.odeme_views import abonelik_planlar, abonelik_odeme, abonelik_basarili
  File "C:\inetpub\wwwroot\e-randevu\dental_management_system\tenants\odeme_views.py", line 9, in <module>
    from tenants.iyzico import PLANS, odeme_baslat
  File "C:\inetpub\wwwroot\e-randevu\dental_management_system\tenants\iyzico.py", line 10, in <module>
    import requests
ModuleNotFoundError: No module named 'requests'

During handling of the above exception, another exception occurred:

Traceback (most recent call last):
  File "C:\inetpub\wwwroot\e-randevu\dental_management_system\venv\Lib\site-packages\django\core\handlers\exception.py", line 55, in inner
    response = get_response(request)
               ^^^^^^^^^^^^^^^^^^^^^
  File "C:\inetpub\wwwroot\e-randevu\dental_management_system\venv\Lib\site-packages\django\utils\deprecation.py", line 134, in __call__
    response = response or self.get_response(request)
                           ^^^^^^^^^^^^^^^^^^^^^^^^^^
  File "C:\inetpub\wwwroot\e-randevu\dental_management_system\venv\Lib\site-packages\django\core\handlers\exception.py", line 57, in inner
    response = response_for_exception(request, exc)
               ^^^^^^^^^^^^^^^^^^^^^^^^^^^^^^^^^^^^
  File "C:\inetpub\wwwroot\e-randevu\dental_management_system\venv\Lib\site-packages\django\core\handlers\exception.py", line 140, in response_for_exception
    response = handle_uncaught_exception(
               ^^^^^^^^^^^^^^^^^^^^^^^^^^
  File "C:\inetpub\wwwroot\e-randevu\dental_management_system\venv\Lib\site-packages\django\core\handlers\exception.py", line 181, in handle_uncaught_exception
    return debug.technical_500_response(request, *exc_info)
           ^^^^^^^^^^^^^^^^^^^^^^^^^^^^^^^^^^^^^^^^^^^^^^^^
  File "C:\inetpub\wwwroot\e-randevu\dental_management_system\venv\Lib\site-packages\django\views\debug.py", line 69, in technical_500_response
    html = reporter.get_traceback_html()
           ^^^^^^^^^^^^^^^^^^^^^^^^^^^^^
  File "C:\inetpub\wwwroot\e-randevu\dental_management_system\venv\Lib\site-packages\django\views\debug.py", line 428, in get_traceback_html
    c = Context(self.get_traceback_data(), use_l10n=False)
                ^^^^^^^^^^^^^^^^^^^^^^^^^
  File "C:\inetpub\wwwroot\e-randevu\dental_management_system\venv\Lib\site-packages\django\views\debug.py", line 411, in get_traceback_data
    c["raising_view_name"] = get_caller(self.request)
                             ^^^^^^^^^^^^^^^^^^^^^^^^
  File "C:\inetpub\wwwroot\e-randevu\dental_management_system\venv\Lib\site-packages\django\views\debug.py", line 102, in get_caller
    resolver_match = resolve(request.path)
                     ^^^^^^^^^^^^^^^^^^^^^
  File "C:\inetpub\wwwroot\e-randevu\dental_management_system\venv\Lib\site-packages\django\urls\base.py", line 24, in resolve
    return get_resolver(urlconf).resolve(path)
           ^^^^^^^^^^^^^^^^^^^^^^^^^^^^^^^^^^^
  File "C:\inetpub\wwwroot\e-randevu\dental_management_system\venv\Lib\site-packages\django\urls\resolvers.py", line 686, in resolve
    for pattern in self.url_patterns:
                   ^^^^^^^^^^^^^^^^^
  File "C:\inetpub\wwwroot\e-randevu\dental_management_system\venv\Lib\site-packages\django\utils\functional.py", line 47, in __get__
    res = instance.__dict__[self.name] = self.func(instance)
                                         ^^^^^^^^^^^^^^^^^^^
  File "C:\inetpub\wwwroot\e-randevu\dental_management_system\venv\Lib\site-packages\django\urls\resolvers.py", line 738, in url_patterns
    patterns = getattr(self.urlconf_module, "urlpatterns", self.urlconf_module)
                       ^^^^^^^^^^^^^^^^^^^
  File "C:\inetpub\wwwroot\e-randevu\dental_management_system\venv\Lib\site-packages\django\utils\functional.py", line 47, in __get__
    res = instance.__dict__[self.name] = self.func(instance)
                                         ^^^^^^^^^^^^^^^^^^^
  File "C:\inetpub\wwwroot\e-randevu\dental_management_system\venv\Lib\site-packages\django\urls\resolvers.py", line 731, in urlconf_module
    return import_module(self.urlconf_name)
           ^^^^^^^^^^^^^^^^^^^^^^^^^^^^^^^^
  File "C:\Users\Administrator\AppData\Local\Programs\Python\Python311\Lib\importlib\__init__.py", line 126, in import_module
    return _bootstrap._gcd_import(name[level:], package, level)
           ^^^^^^^^^^^^^^^^^^^^^^^^^^^^^^^^^^^^^^^^^^^^^^^^^^^^
  File "<frozen importlib._bootstrap>", line 1206, in _gcd_import
  File "<frozen importlib._bootstrap>", line 1178, in _find_and_load
  File "<frozen importlib._bootstrap>", line 1149, in _find_and_load_unlocked
  File "<frozen importlib._bootstrap>", line 690, in _load_unlocked
  File "<frozen importlib._bootstrap_external>", line 940, in exec_module
  File "<frozen importlib._bootstrap>", line 241, in _call_with_frames_removed
  File "C:\inetpub\wwwroot\e-randevu\dental_management_system\dental\panel_urls.py", line 14, in <module>
    from tenants.odeme_views import abonelik_planlar, abonelik_odeme, abonelik_basarili
  File "C:\inetpub\wwwroot\e-randevu\dental_management_system\tenants\odeme_views.py", line 9, in <module>
    from tenants.iyzico import PLANS, odeme_baslat
  File "C:\inetpub\wwwroot\e-randevu\dental_management_system\tenants\iyzico.py", line 10, in <module>
    import requests
ModuleNotFoundError: No module named 'requests'

During handling of the above exception, another exception occurred:

Traceback (most recent call last):
  File "C:\inetpub\wwwroot\e-randevu\dental_management_system\venv\Lib\site-packages\django\core\handlers\exception.py", line 55, in inner
    response = get_response(request)
               ^^^^^^^^^^^^^^^^^^^^^
  File "C:\inetpub\wwwroot\e-randevu\dental_management_system\venv\Lib\site-packages\django\utils\deprecation.py", line 134, in __call__
    response = response or self.get_response(request)
                           ^^^^^^^^^^^^^^^^^^^^^^^^^^
  File "C:\inetpub\wwwroot\e-randevu\dental_management_system\venv\Lib\site-packages\django\core\handlers\exception.py", line 57, in inner
    response = response_for_exception(request, exc)
               ^^^^^^^^^^^^^^^^^^^^^^^^^^^^^^^^^^^^
  File "C:\inetpub\wwwroot\e-randevu\dental_management_system\venv\Lib\site-packages\django\core\handlers\exception.py", line 140, in response_for_exception
    response = handle_uncaught_exception(
               ^^^^^^^^^^^^^^^^^^^^^^^^^^
  File "C:\inetpub\wwwroot\e-randevu\dental_management_system\venv\Lib\site-packages\django\core\handlers\exception.py", line 181, in handle_uncaught_exception
    return debug.technical_500_response(request, *exc_info)
           ^^^^^^^^^^^^^^^^^^^^^^^^^^^^^^^^^^^^^^^^^^^^^^^^
  File "C:\inetpub\wwwroot\e-randevu\dental_management_system\venv\Lib\site-packages\django\views\debug.py", line 69, in technical_500_response
    html = reporter.get_traceback_html()
           ^^^^^^^^^^^^^^^^^^^^^^^^^^^^^
  File "C:\inetpub\wwwroot\e-randevu\dental_management_system\venv\Lib\site-packages\django\views\debug.py", line 428, in get_traceback_html
    c = Context(self.get_traceback_data(), use_l10n=False)
                ^^^^^^^^^^^^^^^^^^^^^^^^^
  File "C:\inetpub\wwwroot\e-randevu\dental_management_system\venv\Lib\site-packages\django\views\debug.py", line 411, in get_traceback_data
    c["raising_view_name"] = get_caller(self.request)
                             ^^^^^^^^^^^^^^^^^^^^^^^^
  File "C:\inetpub\wwwroot\e-randevu\dental_management_system\venv\Lib\site-packages\django\views\debug.py", line 102, in get_caller
    resolver_match = resolve(request.path)
                     ^^^^^^^^^^^^^^^^^^^^^
  File "C:\inetpub\wwwroot\e-randevu\dental_management_system\venv\Lib\site-packages\django\urls\base.py", line 24, in resolve
    return get_resolver(urlconf).resolve(path)
           ^^^^^^^^^^^^^^^^^^^^^^^^^^^^^^^^^^^
  File "C:\inetpub\wwwroot\e-randevu\dental_management_system\venv\Lib\site-packages\django\urls\resolvers.py", line 686, in resolve
    for pattern in self.url_patterns:
                   ^^^^^^^^^^^^^^^^^
  File "C:\inetpub\wwwroot\e-randevu\dental_management_system\venv\Lib\site-packages\django\utils\functional.py", line 47, in __get__
    res = instance.__dict__[self.name] = self.func(instance)
                                         ^^^^^^^^^^^^^^^^^^^
  File "C:\inetpub\wwwroot\e-randevu\dental_management_system\venv\Lib\site-packages\django\urls\resolvers.py", line 738, in url_patterns
    patterns = getattr(self.urlconf_module, "urlpatterns", self.urlconf_module)
                       ^^^^^^^^^^^^^^^^^^^
  File "C:\inetpub\wwwroot\e-randevu\dental_management_system\venv\Lib\site-packages\django\utils\functional.py", line 47, in __get__
    res = instance.__dict__[self.name] = self.func(instance)
                                         ^^^^^^^^^^^^^^^^^^^
  File "C:\inetpub\wwwroot\e-randevu\dental_management_system\venv\Lib\site-packages\django\urls\resolvers.py", line 731, in urlconf_module
    return import_module(self.urlconf_name)
           ^^^^^^^^^^^^^^^^^^^^^^^^^^^^^^^^
  File "C:\Users\Administrator\AppData\Local\Programs\Python\Python311\Lib\importlib\__init__.py", line 126, in import_module
    return _bootstrap._gcd_import(name[level:], package, level)
           ^^^^^^^^^^^^^^^^^^^^^^^^^^^^^^^^^^^^^^^^^^^^^^^^^^^^
  File "<frozen importlib._bootstrap>", line 1206, in _gcd_import
  File "<frozen importlib._bootstrap>", line 1178, in _find_and_load
  File "<frozen importlib._bootstrap>", line 1149, in _find_and_load_unlocked
  File "<frozen importlib._bootstrap>", line 690, in _load_unlocked
  File "<frozen importlib._bootstrap_external>", line 940, in exec_module
  File "<frozen importlib._bootstrap>", line 241, in _call_with_frames_removed
  File "C:\inetpub\wwwroot\e-randevu\dental_management_system\dental\panel_urls.py", line 14, in <module>
    from tenants.odeme_views import abonelik_planlar, abonelik_odeme, abonelik_basarili
  File "C:\inetpub\wwwroot\e-randevu\dental_management_system\tenants\odeme_views.py", line 9, in <module>
    from tenants.iyzico import PLANS, odeme_baslat
  File "C:\inetpub\wwwroot\e-randevu\dental_management_system\tenants\iyzico.py", line 10, in <module>
    import requests
ModuleNotFoundError: No module named 'requests'

During handling of the above exception, another exception occurred:

Traceback (most recent call last):
  File "C:\inetpub\wwwroot\e-randevu\dental_management_system\venv\Lib\site-packages\django\core\handlers\exception.py", line 55, in inner
    response = get_response(request)
               ^^^^^^^^^^^^^^^^^^^^^
  File "C:\inetpub\wwwroot\e-randevu\dental_management_system\venv\Lib\site-packages\django\utils\deprecation.py", line 134, in __call__
    response = response or self.get_response(request)
                           ^^^^^^^^^^^^^^^^^^^^^^^^^^
  File "C:\inetpub\wwwroot\e-randevu\dental_management_system\venv\Lib\site-packages\django\core\handlers\exception.py", line 57, in inner
    response = response_for_exception(request, exc)
               ^^^^^^^^^^^^^^^^^^^^^^^^^^^^^^^^^^^^
  File "C:\inetpub\wwwroot\e-randevu\dental_management_system\venv\Lib\site-packages\django\core\handlers\exception.py", line 140, in response_for_exception
    response = handle_uncaught_exception(
               ^^^^^^^^^^^^^^^^^^^^^^^^^^
  File "C:\inetpub\wwwroot\e-randevu\dental_management_system\venv\Lib\site-packages\django\core\handlers\exception.py", line 181, in handle_uncaught_exception
    return debug.technical_500_response(request, *exc_info)
           ^^^^^^^^^^^^^^^^^^^^^^^^^^^^^^^^^^^^^^^^^^^^^^^^
  File "C:\inetpub\wwwroot\e-randevu\dental_management_system\venv\Lib\site-packages\django\views\debug.py", line 69, in technical_500_response
    html = reporter.get_traceback_html()
           ^^^^^^^^^^^^^^^^^^^^^^^^^^^^^
  File "C:\inetpub\wwwroot\e-randevu\dental_management_system\venv\Lib\site-packages\django\views\debug.py", line 428, in get_traceback_html
    c = Context(self.get_traceback_data(), use_l10n=False)
                ^^^^^^^^^^^^^^^^^^^^^^^^^
  File "C:\inetpub\wwwroot\e-randevu\dental_management_system\venv\Lib\site-packages\django\views\debug.py", line 411, in get_traceback_data
    c["raising_view_name"] = get_caller(self.request)
                             ^^^^^^^^^^^^^^^^^^^^^^^^
  File "C:\inetpub\wwwroot\e-randevu\dental_management_system\venv\Lib\site-packages\django\views\debug.py", line 102, in get_caller
    resolver_match = resolve(request.path)
                     ^^^^^^^^^^^^^^^^^^^^^
  File "C:\inetpub\wwwroot\e-randevu\dental_management_system\venv\Lib\site-packages\django\urls\base.py", line 24, in resolve
    return get_resolver(urlconf).resolve(path)
           ^^^^^^^^^^^^^^^^^^^^^^^^^^^^^^^^^^^
  File "C:\inetpub\wwwroot\e-randevu\dental_management_system\venv\Lib\site-packages\django\urls\resolvers.py", line 686, in resolve
    for pattern in self.url_patterns:
                   ^^^^^^^^^^^^^^^^^
  File "C:\inetpub\wwwroot\e-randevu\dental_management_system\venv\Lib\site-packages\django\utils\functional.py", line 47, in __get__
    res = instance.__dict__[self.name] = self.func(instance)
                                         ^^^^^^^^^^^^^^^^^^^
  File "C:\inetpub\wwwroot\e-randevu\dental_management_system\venv\Lib\site-packages\django\urls\resolvers.py", line 738, in url_patterns
    patterns = getattr(self.urlconf_module, "urlpatterns", self.urlconf_module)
                       ^^^^^^^^^^^^^^^^^^^
  File "C:\inetpub\wwwroot\e-randevu\dental_management_system\venv\Lib\site-packages\django\utils\functional.py", line 47, in __get__
    res = instance.__dict__[self.name] = self.func(instance)
                                         ^^^^^^^^^^^^^^^^^^^
  File "C:\inetpub\wwwroot\e-randevu\dental_management_system\venv\Lib\site-packages\django\urls\resolvers.py", line 731, in urlconf_module
    return import_module(self.urlconf_name)
           ^^^^^^^^^^^^^^^^^^^^^^^^^^^^^^^^
  File "C:\Users\Administrator\AppData\Local\Programs\Python\Python311\Lib\importlib\__init__.py", line 126, in import_module
    return _bootstrap._gcd_import(name[level:], package, level)
           ^^^^^^^^^^^^^^^^^^^^^^^^^^^^^^^^^^^^^^^^^^^^^^^^^^^^
  File "<frozen importlib._bootstrap>", line 1206, in _gcd_import
  File "<frozen importlib._bootstrap>", line 1178, in _find_and_load
  File "<frozen importlib._bootstrap>", line 1149, in _find_and_load_unlocked
  File "<frozen importlib._bootstrap>", line 690, in _load_unlocked
  File "<frozen importlib._bootstrap_external>", line 940, in exec_module
  File "<frozen importlib._bootstrap>", line 241, in _call_with_frames_removed
  File "C:\inetpub\wwwroot\e-randevu\dental_management_system\dental\panel_urls.py", line 14, in <module>
    from tenants.odeme_views import abonelik_planlar, abonelik_odeme, abonelik_basarili
  File "C:\inetpub\wwwroot\e-randevu\dental_management_system\tenants\odeme_views.py", line 9, in <module>
    from tenants.iyzico import PLANS, odeme_baslat
  File "C:\inetpub\wwwroot\e-randevu\dental_management_system\tenants\iyzico.py", line 10, in <module>
    import requests
ModuleNotFoundError: No module named 'requests'

During handling of the above exception, another exception occurred:

Traceback (most recent call last):
  File "C:\inetpub\wwwroot\e-randevu\dental_management_system\venv\Lib\site-packages\django\core\handlers\exception.py", line 55, in inner
    response = get_response(request)
               ^^^^^^^^^^^^^^^^^^^^^
  File "C:\inetpub\wwwroot\e-randevu\dental_management_system\dental\middleware.py", line 66, in __call__
    return self.get_response(request)
           ^^^^^^^^^^^^^^^^^^^^^^^^^^
  File "C:\inetpub\wwwroot\e-randevu\dental_management_system\venv\Lib\site-packages\django\core\handlers\exception.py", line 57, in inner
    response = response_for_exception(request, exc)
               ^^^^^^^^^^^^^^^^^^^^^^^^^^^^^^^^^^^^
  File "C:\inetpub\wwwroot\e-randevu\dental_management_system\venv\Lib\site-packages\django\core\handlers\exception.py", line 140, in response_for_exception
    response = handle_uncaught_exception(
               ^^^^^^^^^^^^^^^^^^^^^^^^^^
  File "C:\inetpub\wwwroot\e-randevu\dental_management_system\venv\Lib\site-packages\django\core\handlers\exception.py", line 181, in handle_uncaught_exception
    return debug.technical_500_response(request, *exc_info)
           ^^^^^^^^^^^^^^^^^^^^^^^^^^^^^^^^^^^^^^^^^^^^^^^^
  File "C:\inetpub\wwwroot\e-randevu\dental_management_system\venv\Lib\site-packages\django\views\debug.py", line 69, in technical_500_response
    html = reporter.get_traceback_html()
           ^^^^^^^^^^^^^^^^^^^^^^^^^^^^^
  File "C:\inetpub\wwwroot\e-randevu\dental_management_system\venv\Lib\site-packages\django\views\debug.py", line 428, in get_traceback_html
    c = Context(self.get_traceback_data(), use_l10n=False)
                ^^^^^^^^^^^^^^^^^^^^^^^^^
  File "C:\inetpub\wwwroot\e-randevu\dental_management_system\venv\Lib\site-packages\django\views\debug.py", line 411, in get_traceback_data
    c["raising_view_name"] = get_caller(self.request)
                             ^^^^^^^^^^^^^^^^^^^^^^^^
  File "C:\inetpub\wwwroot\e-randevu\dental_management_system\venv\Lib\site-packages\django\views\debug.py", line 102, in get_caller
    resolver_match = resolve(request.path)
                     ^^^^^^^^^^^^^^^^^^^^^
  File "C:\inetpub\wwwroot\e-randevu\dental_management_system\venv\Lib\site-packages\django\urls\base.py", line 24, in resolve
    return get_resolver(urlconf).resolve(path)
           ^^^^^^^^^^^^^^^^^^^^^^^^^^^^^^^^^^^
  File "C:\inetpub\wwwroot\e-randevu\dental_management_system\venv\Lib\site-packages\django\urls\resolvers.py", line 686, in resolve
    for pattern in self.url_patterns:
                   ^^^^^^^^^^^^^^^^^
  File "C:\inetpub\wwwroot\e-randevu\dental_management_system\venv\Lib\site-packages\django\utils\functional.py", line 47, in __get__
    res = instance.__dict__[self.name] = self.func(instance)
                                         ^^^^^^^^^^^^^^^^^^^
  File "C:\inetpub\wwwroot\e-randevu\dental_management_system\venv\Lib\site-packages\django\urls\resolvers.py", line 738, in url_patterns
    patterns = getattr(self.urlconf_module, "urlpatterns", self.urlconf_module)
                       ^^^^^^^^^^^^^^^^^^^
  File "C:\inetpub\wwwroot\e-randevu\dental_management_system\venv\Lib\site-packages\django\utils\functional.py", line 47, in __get__
    res = instance.__dict__[self.name] = self.func(instance)
                                         ^^^^^^^^^^^^^^^^^^^
  File "C:\inetpub\wwwroot\e-randevu\dental_management_system\venv\Lib\site-packages\django\urls\resolvers.py", line 731, in urlconf_module
    return import_module(self.urlconf_name)
           ^^^^^^^^^^^^^^^^^^^^^^^^^^^^^^^^
  File "C:\Users\Administrator\AppData\Local\Programs\Python\Python311\Lib\importlib\__init__.py", line 126, in import_module
    return _bootstrap._gcd_import(name[level:], package, level)
           ^^^^^^^^^^^^^^^^^^^^^^^^^^^^^^^^^^^^^^^^^^^^^^^^^^^^
  File "<frozen importlib._bootstrap>", line 1206, in _gcd_import
  File "<frozen importlib._bootstrap>", line 1178, in _find_and_load
  File "<frozen importlib._bootstrap>", line 1149, in _find_and_load_unlocked
  File "<frozen importlib._bootstrap>", line 690, in _load_unlocked
  File "<frozen importlib._bootstrap_external>", line 940, in exec_module
  File "<frozen importlib._bootstrap>", line 241, in _call_with_frames_removed
  File "C:\inetpub\wwwroot\e-randevu\dental_management_system\dental\panel_urls.py", line 14, in <module>
    from tenants.odeme_views import abonelik_planlar, abonelik_odeme, abonelik_basarili
  File "C:\inetpub\wwwroot\e-randevu\dental_management_system\tenants\odeme_views.py", line 9, in <module>
    from tenants.iyzico import PLANS, odeme_baslat
  File "C:\inetpub\wwwroot\e-randevu\dental_management_system\tenants\iyzico.py", line 10, in <module>
    import requests
ModuleNotFoundError: No module named 'requests'

During handling of the above exception, another exception occurred:

Traceback (most recent call last):
  File "C:\inetpub\wwwroot\e-randevu\dental_management_system\venv\Lib\site-packages\django\core\handlers\exception.py", line 55, in inner
    response = get_response(request)
               ^^^^^^^^^^^^^^^^^^^^^
  File "C:\inetpub\wwwroot\e-randevu\dental_management_system\dental\middleware.py", line 47, in __call__
    response = self.get_response(request)
               ^^^^^^^^^^^^^^^^^^^^^^^^^^
  File "C:\inetpub\wwwroot\e-randevu\dental_management_system\venv\Lib\site-packages\django\core\handlers\exception.py", line 57, in inner
    response = response_for_exception(request, exc)
               ^^^^^^^^^^^^^^^^^^^^^^^^^^^^^^^^^^^^
  File "C:\inetpub\wwwroot\e-randevu\dental_management_system\venv\Lib\site-packages\django\core\handlers\exception.py", line 140, in response_for_exception
    response = handle_uncaught_exception(
               ^^^^^^^^^^^^^^^^^^^^^^^^^^
  File "C:\inetpub\wwwroot\e-randevu\dental_management_system\venv\Lib\site-packages\django\core\handlers\exception.py", line 181, in handle_uncaught_exception
    return debug.technical_500_response(request, *exc_info)
           ^^^^^^^^^^^^^^^^^^^^^^^^^^^^^^^^^^^^^^^^^^^^^^^^
  File "C:\inetpub\wwwroot\e-randevu\dental_management_system\venv\Lib\site-packages\django\views\debug.py", line 69, in technical_500_response
    html = reporter.get_traceback_html()
           ^^^^^^^^^^^^^^^^^^^^^^^^^^^^^
  File "C:\inetpub\wwwroot\e-randevu\dental_management_system\venv\Lib\site-packages\django\views\debug.py", line 428, in get_traceback_html
    c = Context(self.get_traceback_data(), use_l10n=False)
                ^^^^^^^^^^^^^^^^^^^^^^^^^
  File "C:\inetpub\wwwroot\e-randevu\dental_management_system\venv\Lib\site-packages\django\views\debug.py", line 411, in get_traceback_data
    c["raising_view_name"] = get_caller(self.request)
                             ^^^^^^^^^^^^^^^^^^^^^^^^
  File "C:\inetpub\wwwroot\e-randevu\dental_management_system\venv\Lib\site-packages\django\views\debug.py", line 102, in get_caller
    resolver_match = resolve(request.path)
                     ^^^^^^^^^^^^^^^^^^^^^
  File "C:\inetpub\wwwroot\e-randevu\dental_management_system\venv\Lib\site-packages\django\urls\base.py", line 24, in resolve
    return get_resolver(urlconf).resolve(path)
           ^^^^^^^^^^^^^^^^^^^^^^^^^^^^^^^^^^^
  File "C:\inetpub\wwwroot\e-randevu\dental_management_system\venv\Lib\site-packages\django\urls\resolvers.py", line 686, in resolve
    for pattern in self.url_patterns:
                   ^^^^^^^^^^^^^^^^^
  File "C:\inetpub\wwwroot\e-randevu\dental_management_system\venv\Lib\site-packages\django\utils\functional.py", line 47, in __get__
    res = instance.__dict__[self.name] = self.func(instance)
                                         ^^^^^^^^^^^^^^^^^^^
  File "C:\inetpub\wwwroot\e-randevu\dental_management_system\venv\Lib\site-packages\django\urls\resolvers.py", line 738, in url_patterns
    patterns = getattr(self.urlconf_module, "urlpatterns", self.urlconf_module)
                       ^^^^^^^^^^^^^^^^^^^
  File "C:\inetpub\wwwroot\e-randevu\dental_management_system\venv\Lib\site-packages\django\utils\functional.py", line 47, in __get__
    res = instance.__dict__[self.name] = self.func(instance)
                                         ^^^^^^^^^^^^^^^^^^^
  File "C:\inetpub\wwwroot\e-randevu\dental_management_system\venv\Lib\site-packages\django\urls\resolvers.py", line 731, in urlconf_module
    return import_module(self.urlconf_name)
           ^^^^^^^^^^^^^^^^^^^^^^^^^^^^^^^^
  File "C:\Users\Administrator\AppData\Local\Programs\Python\Python311\Lib\importlib\__init__.py", line 126, in import_module
    return _bootstrap._gcd_import(name[level:], package, level)
           ^^^^^^^^^^^^^^^^^^^^^^^^^^^^^^^^^^^^^^^^^^^^^^^^^^^^
  File "<frozen importlib._bootstrap>", line 1206, in _gcd_import
  File "<frozen importlib._bootstrap>", line 1178, in _find_and_load
  File "<frozen importlib._bootstrap>", line 1149, in _find_and_load_unlocked
  File "<frozen importlib._bootstrap>", line 690, in _load_unlocked
  File "<frozen importlib._bootstrap_external>", line 940, in exec_module
  File "<frozen importlib._bootstrap>", line 241, in _call_with_frames_removed
  File "C:\inetpub\wwwroot\e-randevu\dental_management_system\dental\panel_urls.py", line 14, in <module>
    from tenants.odeme_views import abonelik_planlar, abonelik_odeme, abonelik_basarili
  File "C:\inetpub\wwwroot\e-randevu\dental_management_system\tenants\odeme_views.py", line 9, in <module>
    from tenants.iyzico import PLANS, odeme_baslat
  File "C:\inetpub\wwwroot\e-randevu\dental_management_system\tenants\iyzico.py", line 10, in <module>
    import requests
ModuleNotFoundError: No module named 'requests'

During handling of the above exception, another exception occurred:

Traceback (most recent call last):
  File "C:\Users\Administrator\AppData\Local\Programs\Python\Python311\Lib\wsgiref\handlers.py", line 137, in run
    self.result = application(self.environ, self.start_response)
                  ^^^^^^^^^^^^^^^^^^^^^^^^^^^^^^^^^^^^^^^^^^^^^^
  File "C:\inetpub\wwwroot\e-randevu\dental_management_system\venv\Lib\site-packages\django\contrib\staticfiles\handlers.py", line 80, in __call__
    return self.application(environ, start_response)
           ^^^^^^^^^^^^^^^^^^^^^^^^^^^^^^^^^^^^^^^^^
  File "C:\inetpub\wwwroot\e-randevu\dental_management_system\venv\Lib\site-packages\django\core\handlers\wsgi.py", line 124, in __call__
    response = self.get_response(request)
               ^^^^^^^^^^^^^^^^^^^^^^^^^^
  File "C:\inetpub\wwwroot\e-randevu\dental_management_system\venv\Lib\site-packages\django\core\handlers\base.py", line 140, in get_response
    response = self._middleware_chain(request)
               ^^^^^^^^^^^^^^^^^^^^^^^^^^^^^^^
  File "C:\inetpub\wwwroot\e-randevu\dental_management_system\venv\Lib\site-packages\django\core\handlers\exception.py", line 57, in inner
    response = response_for_exception(request, exc)
               ^^^^^^^^^^^^^^^^^^^^^^^^^^^^^^^^^^^^
  File "C:\inetpub\wwwroot\e-randevu\dental_management_system\venv\Lib\site-packages\django\core\handlers\exception.py", line 140, in response_for_exception
    response = handle_uncaught_exception(
               ^^^^^^^^^^^^^^^^^^^^^^^^^^
  File "C:\inetpub\wwwroot\e-randevu\dental_management_system\venv\Lib\site-packages\django\core\handlers\exception.py", line 181, in handle_uncaught_exception
    return debug.technical_500_response(request, *exc_info)
           ^^^^^^^^^^^^^^^^^^^^^^^^^^^^^^^^^^^^^^^^^^^^^^^^
  File "C:\inetpub\wwwroot\e-randevu\dental_management_system\venv\Lib\site-packages\django\views\debug.py", line 69, in technical_500_response
    html = reporter.get_traceback_html()
           ^^^^^^^^^^^^^^^^^^^^^^^^^^^^^
  File "C:\inetpub\wwwroot\e-randevu\dental_management_system\venv\Lib\site-packages\django\views\debug.py", line 428, in get_traceback_html
    c = Context(self.get_traceback_data(), use_l10n=False)
                ^^^^^^^^^^^^^^^^^^^^^^^^^
  File "C:\inetpub\wwwroot\e-randevu\dental_management_system\venv\Lib\site-packages\django\views\debug.py", line 411, in get_traceback_data
    c["raising_view_name"] = get_caller(self.request)
                             ^^^^^^^^^^^^^^^^^^^^^^^^
  File "C:\inetpub\wwwroot\e-randevu\dental_management_system\venv\Lib\site-packages\django\views\debug.py", line 102, in get_caller
    resolver_match = resolve(request.path)
                     ^^^^^^^^^^^^^^^^^^^^^
  File "C:\inetpub\wwwroot\e-randevu\dental_management_system\venv\Lib\site-packages\django\urls\base.py", line 24, in resolve
    return get_resolver(urlconf).resolve(path)
           ^^^^^^^^^^^^^^^^^^^^^^^^^^^^^^^^^^^
  File "C:\inetpub\wwwroot\e-randevu\dental_management_system\venv\Lib\site-packages\django\urls\resolvers.py", line 686, in resolve
    for pattern in self.url_patterns:
                   ^^^^^^^^^^^^^^^^^
  File "C:\inetpub\wwwroot\e-randevu\dental_management_system\venv\Lib\site-packages\django\utils\functional.py", line 47, in __get__
    res = instance.__dict__[self.name] = self.func(instance)
                                         ^^^^^^^^^^^^^^^^^^^
  File "C:\inetpub\wwwroot\e-randevu\dental_management_system\venv\Lib\site-packages\django\urls\resolvers.py", line 738, in url_patterns
    patterns = getattr(self.urlconf_module, "urlpatterns", self.urlconf_module)
                       ^^^^^^^^^^^^^^^^^^^
  File "C:\inetpub\wwwroot\e-randevu\dental_management_system\venv\Lib\site-packages\django\utils\functional.py", line 47, in __get__
    res = instance.__dict__[self.name] = self.func(instance)
                                         ^^^^^^^^^^^^^^^^^^^
  File "C:\inetpub\wwwroot\e-randevu\dental_management_system\venv\Lib\site-packages\django\urls\resolvers.py", line 731, in urlconf_module
    return import_module(self.urlconf_name)
           ^^^^^^^^^^^^^^^^^^^^^^^^^^^^^^^^
  File "C:\Users\Administrator\AppData\Local\Programs\Python\Python311\Lib\importlib\__init__.py", line 126, in import_module
    return _bootstrap._gcd_import(name[level:], package, level)
           ^^^^^^^^^^^^^^^^^^^^^^^^^^^^^^^^^^^^^^^^^^^^^^^^^^^^
  File "<frozen importlib._bootstrap>", line 1206, in _gcd_import
  File "<frozen importlib._bootstrap>", line 1178, in _find_and_load
  File "<frozen importlib._bootstrap>", line 1149, in _find_and_load_unlocked
  File "<frozen importlib._bootstrap>", line 690, in _load_unlocked
  File "<frozen importlib._bootstrap_external>", line 940, in exec_module
  File "<frozen importlib._bootstrap>", line 241, in _call_with_frames_removed
  File "C:\inetpub\wwwroot\e-randevu\dental_management_system\dental\panel_urls.py", line 14, in <module>
    from tenants.odeme_views import abonelik_planlar, abonelik_odeme, abonelik_basarili
  File "C:\inetpub\wwwroot\e-randevu\dental_management_system\tenants\odeme_views.py", line 9, in <module>
    from tenants.iyzico import PLANS, odeme_baslat
  File "C:\inetpub\wwwroot\e-randevu\dental_management_system\tenants\iyzico.py", line 10, in <module>
    import requests
ModuleNotFoundError: No module named 'requests'
[29/Mar/2026 07:46:28] "GET /kayit HTTP/1.1" 500 59
Traceback (most recent call last):
  File "C:\inetpub\wwwroot\e-randevu\dental_management_system\venv\Lib\site-packages\django\core\handlers\exception.py", line 55, in inner
    response = get_response(request)
               ^^^^^^^^^^^^^^^^^^^^^
  File "C:\inetpub\wwwroot\e-randevu\dental_management_system\venv\Lib\site-packages\django\core\handlers\base.py", line 181, in _get_response
    callback, callback_args, callback_kwargs = self.resolve_request(request)
                                               ^^^^^^^^^^^^^^^^^^^^^^^^^^^^^
  File "C:\inetpub\wwwroot\e-randevu\dental_management_system\venv\Lib\site-packages\django\core\handlers\base.py", line 313, in resolve_request
    resolver_match = resolver.resolve(request.path_info)
                     ^^^^^^^^^^^^^^^^^^^^^^^^^^^^^^^^^^^
  File "C:\inetpub\wwwroot\e-randevu\dental_management_system\venv\Lib\site-packages\django\urls\resolvers.py", line 686, in resolve
    for pattern in self.url_patterns:
                   ^^^^^^^^^^^^^^^^^
  File "C:\inetpub\wwwroot\e-randevu\dental_management_system\venv\Lib\site-packages\django\utils\functional.py", line 47, in __get__
    res = instance.__dict__[self.name] = self.func(instance)
                                         ^^^^^^^^^^^^^^^^^^^
  File "C:\inetpub\wwwroot\e-randevu\dental_management_system\venv\Lib\site-packages\django\urls\resolvers.py", line 738, in url_patterns
    patterns = getattr(self.urlconf_module, "urlpatterns", self.urlconf_module)
                       ^^^^^^^^^^^^^^^^^^^
  File "C:\inetpub\wwwroot\e-randevu\dental_management_system\venv\Lib\site-packages\django\utils\functional.py", line 47, in __get__
    res = instance.__dict__[self.name] = self.func(instance)
                                         ^^^^^^^^^^^^^^^^^^^
  File "C:\inetpub\wwwroot\e-randevu\dental_management_system\venv\Lib\site-packages\django\urls\resolvers.py", line 731, in urlconf_module
    return import_module(self.urlconf_name)
           ^^^^^^^^^^^^^^^^^^^^^^^^^^^^^^^^
  File "C:\Users\Administrator\AppData\Local\Programs\Python\Python311\Lib\importlib\__init__.py", line 126, in import_module
    return _bootstrap._gcd_import(name[level:], package, level)
           ^^^^^^^^^^^^^^^^^^^^^^^^^^^^^^^^^^^^^^^^^^^^^^^^^^^^
  File "<frozen importlib._bootstrap>", line 1206, in _gcd_import
  File "<frozen importlib._bootstrap>", line 1178, in _find_and_load
  File "<frozen importlib._bootstrap>", line 1149, in _find_and_load_unlocked
  File "<frozen importlib._bootstrap>", line 690, in _load_unlocked
  File "<frozen importlib._bootstrap_external>", line 940, in exec_module
  File "<frozen importlib._bootstrap>", line 241, in _call_with_frames_removed
  File "C:\inetpub\wwwroot\e-randevu\dental_management_system\dental\panel_urls.py", line 14, in <module>
    from tenants.odeme_views import abonelik_planlar, abonelik_odeme, abonelik_basarili
  File "C:\inetpub\wwwroot\e-randevu\dental_management_system\tenants\odeme_views.py", line 9, in <module>
    from tenants.iyzico import PLANS, odeme_baslat
  File "C:\inetpub\wwwroot\e-randevu\dental_management_system\tenants\iyzico.py", line 10, in <module>
    import requests
ModuleNotFoundError: No module named 'requests'

During handling of the above exception, another exception occurred:

Traceback (most recent call last):
  File "C:\inetpub\wwwroot\e-randevu\dental_management_system\venv\Lib\site-packages\django\core\handlers\exception.py", line 55, in inner
    response = get_response(request)
               ^^^^^^^^^^^^^^^^^^^^^
  File "C:\inetpub\wwwroot\e-randevu\dental_management_system\venv\Lib\site-packages\django\utils\deprecation.py", line 134, in __call__
    response = response or self.get_response(request)
                           ^^^^^^^^^^^^^^^^^^^^^^^^^^
  File "C:\inetpub\wwwroot\e-randevu\dental_management_system\venv\Lib\site-packages\django\core\handlers\exception.py", line 57, in inner
    response = response_for_exception(request, exc)
               ^^^^^^^^^^^^^^^^^^^^^^^^^^^^^^^^^^^^
  File "C:\inetpub\wwwroot\e-randevu\dental_management_system\venv\Lib\site-packages\django\core\handlers\exception.py", line 140, in response_for_exception
    response = handle_uncaught_exception(
               ^^^^^^^^^^^^^^^^^^^^^^^^^^
  File "C:\inetpub\wwwroot\e-randevu\dental_management_system\venv\Lib\site-packages\django\core\handlers\exception.py", line 181, in handle_uncaught_exception
    return debug.technical_500_response(request, *exc_info)
           ^^^^^^^^^^^^^^^^^^^^^^^^^^^^^^^^^^^^^^^^^^^^^^^^
  File "C:\inetpub\wwwroot\e-randevu\dental_management_system\venv\Lib\site-packages\django\views\debug.py", line 69, in technical_500_response
    html = reporter.get_traceback_html()
           ^^^^^^^^^^^^^^^^^^^^^^^^^^^^^
  File "C:\inetpub\wwwroot\e-randevu\dental_management_system\venv\Lib\site-packages\django\views\debug.py", line 428, in get_traceback_html
    c = Context(self.get_traceback_data(), use_l10n=False)
                ^^^^^^^^^^^^^^^^^^^^^^^^^
  File "C:\inetpub\wwwroot\e-randevu\dental_management_system\venv\Lib\site-packages\django\views\debug.py", line 411, in get_traceback_data
    c["raising_view_name"] = get_caller(self.request)
                             ^^^^^^^^^^^^^^^^^^^^^^^^
  File "C:\inetpub\wwwroot\e-randevu\dental_management_system\venv\Lib\site-packages\django\views\debug.py", line 102, in get_caller
    resolver_match = resolve(request.path)
                     ^^^^^^^^^^^^^^^^^^^^^
  File "C:\inetpub\wwwroot\e-randevu\dental_management_system\venv\Lib\site-packages\django\urls\base.py", line 24, in resolve
    return get_resolver(urlconf).resolve(path)
           ^^^^^^^^^^^^^^^^^^^^^^^^^^^^^^^^^^^
  File "C:\inetpub\wwwroot\e-randevu\dental_management_system\venv\Lib\site-packages\django\urls\resolvers.py", line 686, in resolve
    for pattern in self.url_patterns:
                   ^^^^^^^^^^^^^^^^^
  File "C:\inetpub\wwwroot\e-randevu\dental_management_system\venv\Lib\site-packages\django\utils\functional.py", line 47, in __get__
    res = instance.__dict__[self.name] = self.func(instance)
                                         ^^^^^^^^^^^^^^^^^^^
  File "C:\inetpub\wwwroot\e-randevu\dental_management_system\venv\Lib\site-packages\django\urls\resolvers.py", line 738, in url_patterns
    patterns = getattr(self.urlconf_module, "urlpatterns", self.urlconf_module)
                       ^^^^^^^^^^^^^^^^^^^
  File "C:\inetpub\wwwroot\e-randevu\dental_management_system\venv\Lib\site-packages\django\utils\functional.py", line 47, in __get__
    res = instance.__dict__[self.name] = self.func(instance)
                                         ^^^^^^^^^^^^^^^^^^^
  File "C:\inetpub\wwwroot\e-randevu\dental_management_system\venv\Lib\site-packages\django\urls\resolvers.py", line 731, in urlconf_module
    return import_module(self.urlconf_name)
           ^^^^^^^^^^^^^^^^^^^^^^^^^^^^^^^^
  File "C:\Users\Administrator\AppData\Local\Programs\Python\Python311\Lib\importlib\__init__.py", line 126, in import_module
    return _bootstrap._gcd_import(name[level:], package, level)
           ^^^^^^^^^^^^^^^^^^^^^^^^^^^^^^^^^^^^^^^^^^^^^^^^^^^^
  File "<frozen importlib._bootstrap>", line 1206, in _gcd_import
  File "<frozen importlib._bootstrap>", line 1178, in _find_and_load
  File "<frozen importlib._bootstrap>", line 1149, in _find_and_load_unlocked
  File "<frozen importlib._bootstrap>", line 690, in _load_unlocked
  File "<frozen importlib._bootstrap_external>", line 940, in exec_module
  File "<frozen importlib._bootstrap>", line 241, in _call_with_frames_removed
  File "C:\inetpub\wwwroot\e-randevu\dental_management_system\dental\panel_urls.py", line 14, in <module>
    from tenants.odeme_views import abonelik_planlar, abonelik_odeme, abonelik_basarili
  File "C:\inetpub\wwwroot\e-randevu\dental_management_system\tenants\odeme_views.py", line 9, in <module>
    from tenants.iyzico import PLANS, odeme_baslat
  File "C:\inetpub\wwwroot\e-randevu\dental_management_system\tenants\iyzico.py", line 10, in <module>
    import requests
ModuleNotFoundError: No module named 'requests'

During handling of the above exception, another exception occurred:

Traceback (most recent call last):
  File "C:\inetpub\wwwroot\e-randevu\dental_management_system\venv\Lib\site-packages\django\core\handlers\exception.py", line 55, in inner
    response = get_response(request)
               ^^^^^^^^^^^^^^^^^^^^^
  File "C:\inetpub\wwwroot\e-randevu\dental_management_system\venv\Lib\site-packages\django\utils\deprecation.py", line 134, in __call__
    response = response or self.get_response(request)
                           ^^^^^^^^^^^^^^^^^^^^^^^^^^
  File "C:\inetpub\wwwroot\e-randevu\dental_management_system\venv\Lib\site-packages\django\core\handlers\exception.py", line 57, in inner
    response = response_for_exception(request, exc)
               ^^^^^^^^^^^^^^^^^^^^^^^^^^^^^^^^^^^^
  File "C:\inetpub\wwwroot\e-randevu\dental_management_system\venv\Lib\site-packages\django\core\handlers\exception.py", line 140, in response_for_exception
    response = handle_uncaught_exception(
               ^^^^^^^^^^^^^^^^^^^^^^^^^^
  File "C:\inetpub\wwwroot\e-randevu\dental_management_system\venv\Lib\site-packages\django\core\handlers\exception.py", line 181, in handle_uncaught_exception
    return debug.technical_500_response(request, *exc_info)
           ^^^^^^^^^^^^^^^^^^^^^^^^^^^^^^^^^^^^^^^^^^^^^^^^
  File "C:\inetpub\wwwroot\e-randevu\dental_management_system\venv\Lib\site-packages\django\views\debug.py", line 69, in technical_500_response
    html = reporter.get_traceback_html()
           ^^^^^^^^^^^^^^^^^^^^^^^^^^^^^
  File "C:\inetpub\wwwroot\e-randevu\dental_management_system\venv\Lib\site-packages\django\views\debug.py", line 428, in get_traceback_html
    c = Context(self.get_traceback_data(), use_l10n=False)
                ^^^^^^^^^^^^^^^^^^^^^^^^^
  File "C:\inetpub\wwwroot\e-randevu\dental_management_system\venv\Lib\site-packages\django\views\debug.py", line 411, in get_traceback_data
    c["raising_view_name"] = get_caller(self.request)
                             ^^^^^^^^^^^^^^^^^^^^^^^^
  File "C:\inetpub\wwwroot\e-randevu\dental_management_system\venv\Lib\site-packages\django\views\debug.py", line 102, in get_caller
    resolver_match = resolve(request.path)
                     ^^^^^^^^^^^^^^^^^^^^^
  File "C:\inetpub\wwwroot\e-randevu\dental_management_system\venv\Lib\site-packages\django\urls\base.py", line 24, in resolve
    return get_resolver(urlconf).resolve(path)
           ^^^^^^^^^^^^^^^^^^^^^^^^^^^^^^^^^^^
  File "C:\inetpub\wwwroot\e-randevu\dental_management_system\venv\Lib\site-packages\django\urls\resolvers.py", line 686, in resolve
    for pattern in self.url_patterns:
                   ^^^^^^^^^^^^^^^^^
  File "C:\inetpub\wwwroot\e-randevu\dental_management_system\venv\Lib\site-packages\django\utils\functional.py", line 47, in __get__
    res = instance.__dict__[self.name] = self.func(instance)
                                         ^^^^^^^^^^^^^^^^^^^
  File "C:\inetpub\wwwroot\e-randevu\dental_management_system\venv\Lib\site-packages\django\urls\resolvers.py", line 738, in url_patterns
    patterns = getattr(self.urlconf_module, "urlpatterns", self.urlconf_module)
                       ^^^^^^^^^^^^^^^^^^^
  File "C:\inetpub\wwwroot\e-randevu\dental_management_system\venv\Lib\site-packages\django\utils\functional.py", line 47, in __get__
    res = instance.__dict__[self.name] = self.func(instance)
                                         ^^^^^^^^^^^^^^^^^^^
  File "C:\inetpub\wwwroot\e-randevu\dental_management_system\venv\Lib\site-packages\django\urls\resolvers.py", line 731, in urlconf_module
    return import_module(self.urlconf_name)
           ^^^^^^^^^^^^^^^^^^^^^^^^^^^^^^^^
  File "C:\Users\Administrator\AppData\Local\Programs\Python\Python311\Lib\importlib\__init__.py", line 126, in import_module
    return _bootstrap._gcd_import(name[level:], package, level)
           ^^^^^^^^^^^^^^^^^^^^^^^^^^^^^^^^^^^^^^^^^^^^^^^^^^^^
  File "<frozen importlib._bootstrap>", line 1206, in _gcd_import
  File "<frozen importlib._bootstrap>", line 1178, in _find_and_load
  File "<frozen importlib._bootstrap>", line 1149, in _find_and_load_unlocked
  File "<frozen importlib._bootstrap>", line 690, in _load_unlocked
  File "<frozen importlib._bootstrap_external>", line 940, in exec_module
  File "<frozen importlib._bootstrap>", line 241, in _call_with_frames_removed
  File "C:\inetpub\wwwroot\e-randevu\dental_management_system\dental\panel_urls.py", line 14, in <module>
    from tenants.odeme_views import abonelik_planlar, abonelik_odeme, abonelik_basarili
  File "C:\inetpub\wwwroot\e-randevu\dental_management_system\tenants\odeme_views.py", line 9, in <module>
    from tenants.iyzico import PLANS, odeme_baslat
  File "C:\inetpub\wwwroot\e-randevu\dental_management_system\tenants\iyzico.py", line 10, in <module>
    import requests
ModuleNotFoundError: No module named 'requests'

During handling of the above exception, another exception occurred:

Traceback (most recent call last):
  File "C:\inetpub\wwwroot\e-randevu\dental_management_system\venv\Lib\site-packages\django\core\handlers\exception.py", line 55, in inner
    response = get_response(request)
               ^^^^^^^^^^^^^^^^^^^^^
  File "C:\inetpub\wwwroot\e-randevu\dental_management_system\venv\Lib\site-packages\django\utils\deprecation.py", line 134, in __call__
    response = response or self.get_response(request)
                           ^^^^^^^^^^^^^^^^^^^^^^^^^^
  File "C:\inetpub\wwwroot\e-randevu\dental_management_system\venv\Lib\site-packages\django\core\handlers\exception.py", line 57, in inner
    response = response_for_exception(request, exc)
               ^^^^^^^^^^^^^^^^^^^^^^^^^^^^^^^^^^^^
  File "C:\inetpub\wwwroot\e-randevu\dental_management_system\venv\Lib\site-packages\django\core\handlers\exception.py", line 140, in response_for_exception
    response = handle_uncaught_exception(
               ^^^^^^^^^^^^^^^^^^^^^^^^^^
  File "C:\inetpub\wwwroot\e-randevu\dental_management_system\venv\Lib\site-packages\django\core\handlers\exception.py", line 181, in handle_uncaught_exception
    return debug.technical_500_response(request, *exc_info)
           ^^^^^^^^^^^^^^^^^^^^^^^^^^^^^^^^^^^^^^^^^^^^^^^^
  File "C:\inetpub\wwwroot\e-randevu\dental_management_system\venv\Lib\site-packages\django\views\debug.py", line 69, in technical_500_response
    html = reporter.get_traceback_html()
           ^^^^^^^^^^^^^^^^^^^^^^^^^^^^^
  File "C:\inetpub\wwwroot\e-randevu\dental_management_system\venv\Lib\site-packages\django\views\debug.py", line 428, in get_traceback_html
    c = Context(self.get_traceback_data(), use_l10n=False)
                ^^^^^^^^^^^^^^^^^^^^^^^^^
  File "C:\inetpub\wwwroot\e-randevu\dental_management_system\venv\Lib\site-packages\django\views\debug.py", line 411, in get_traceback_data
    c["raising_view_name"] = get_caller(self.request)
                             ^^^^^^^^^^^^^^^^^^^^^^^^
  File "C:\inetpub\wwwroot\e-randevu\dental_management_system\venv\Lib\site-packages\django\views\debug.py", line 102, in get_caller
    resolver_match = resolve(request.path)
                     ^^^^^^^^^^^^^^^^^^^^^
  File "C:\inetpub\wwwroot\e-randevu\dental_management_system\venv\Lib\site-packages\django\urls\base.py", line 24, in resolve
    return get_resolver(urlconf).resolve(path)
           ^^^^^^^^^^^^^^^^^^^^^^^^^^^^^^^^^^^
  File "C:\inetpub\wwwroot\e-randevu\dental_management_system\venv\Lib\site-packages\django\urls\resolvers.py", line 686, in resolve
    for pattern in self.url_patterns:
                   ^^^^^^^^^^^^^^^^^
  File "C:\inetpub\wwwroot\e-randevu\dental_management_system\venv\Lib\site-packages\django\utils\functional.py", line 47, in __get__
    res = instance.__dict__[self.name] = self.func(instance)
                                         ^^^^^^^^^^^^^^^^^^^
  File "C:\inetpub\wwwroot\e-randevu\dental_management_system\venv\Lib\site-packages\django\urls\resolvers.py", line 738, in url_patterns
    patterns = getattr(self.urlconf_module, "urlpatterns", self.urlconf_module)
                       ^^^^^^^^^^^^^^^^^^^
  File "C:\inetpub\wwwroot\e-randevu\dental_management_system\venv\Lib\site-packages\django\utils\functional.py", line 47, in __get__
    res = instance.__dict__[self.name] = self.func(instance)
                                         ^^^^^^^^^^^^^^^^^^^
  File "C:\inetpub\wwwroot\e-randevu\dental_management_system\venv\Lib\site-packages\django\urls\resolvers.py", line 731, in urlconf_module
    return import_module(self.urlconf_name)
           ^^^^^^^^^^^^^^^^^^^^^^^^^^^^^^^^
  File "C:\Users\Administrator\AppData\Local\Programs\Python\Python311\Lib\importlib\__init__.py", line 126, in import_module
    return _bootstrap._gcd_import(name[level:], package, level)
           ^^^^^^^^^^^^^^^^^^^^^^^^^^^^^^^^^^^^^^^^^^^^^^^^^^^^
  File "<frozen importlib._bootstrap>", line 1206, in _gcd_import
  File "<frozen importlib._bootstrap>", line 1178, in _find_and_load
  File "<frozen importlib._bootstrap>", line 1149, in _find_and_load_unlocked
  File "<frozen importlib._bootstrap>", line 690, in _load_unlocked
  File "<frozen importlib._bootstrap_external>", line 940, in exec_module
  File "<frozen importlib._bootstrap>", line 241, in _call_with_frames_removed
  File "C:\inetpub\wwwroot\e-randevu\dental_management_system\dental\panel_urls.py", line 14, in <module>
    from tenants.odeme_views import abonelik_planlar, abonelik_odeme, abonelik_basarili
  File "C:\inetpub\wwwroot\e-randevu\dental_management_system\tenants\odeme_views.py", line 9, in <module>
    from tenants.iyzico import PLANS, odeme_baslat
  File "C:\inetpub\wwwroot\e-randevu\dental_management_system\tenants\iyzico.py", line 10, in <module>
    import requests
ModuleNotFoundError: No module named 'requests'

During handling of the above exception, another exception occurred:

Traceback (most recent call last):
  File "C:\inetpub\wwwroot\e-randevu\dental_management_system\venv\Lib\site-packages\django\core\handlers\exception.py", line 55, in inner
    response = get_response(request)
               ^^^^^^^^^^^^^^^^^^^^^
  File "C:\inetpub\wwwroot\e-randevu\dental_management_system\venv\Lib\site-packages\django\utils\deprecation.py", line 134, in __call__
    response = response or self.get_response(request)
                           ^^^^^^^^^^^^^^^^^^^^^^^^^^
  File "C:\inetpub\wwwroot\e-randevu\dental_management_system\venv\Lib\site-packages\django\core\handlers\exception.py", line 57, in inner
    response = response_for_exception(request, exc)
               ^^^^^^^^^^^^^^^^^^^^^^^^^^^^^^^^^^^^
  File "C:\inetpub\wwwroot\e-randevu\dental_management_system\venv\Lib\site-packages\django\core\handlers\exception.py", line 140, in response_for_exception
    response = handle_uncaught_exception(
               ^^^^^^^^^^^^^^^^^^^^^^^^^^
  File "C:\inetpub\wwwroot\e-randevu\dental_management_system\venv\Lib\site-packages\django\core\handlers\exception.py", line 181, in handle_uncaught_exception
    return debug.technical_500_response(request, *exc_info)
           ^^^^^^^^^^^^^^^^^^^^^^^^^^^^^^^^^^^^^^^^^^^^^^^^
  File "C:\inetpub\wwwroot\e-randevu\dental_management_system\venv\Lib\site-packages\django\views\debug.py", line 69, in technical_500_response
    html = reporter.get_traceback_html()
           ^^^^^^^^^^^^^^^^^^^^^^^^^^^^^
  File "C:\inetpub\wwwroot\e-randevu\dental_management_system\venv\Lib\site-packages\django\views\debug.py", line 428, in get_traceback_html
    c = Context(self.get_traceback_data(), use_l10n=False)
                ^^^^^^^^^^^^^^^^^^^^^^^^^
  File "C:\inetpub\wwwroot\e-randevu\dental_management_system\venv\Lib\site-packages\django\views\debug.py", line 411, in get_traceback_data
    c["raising_view_name"] = get_caller(self.request)
                             ^^^^^^^^^^^^^^^^^^^^^^^^
  File "C:\inetpub\wwwroot\e-randevu\dental_management_system\venv\Lib\site-packages\django\views\debug.py", line 102, in get_caller
    resolver_match = resolve(request.path)
                     ^^^^^^^^^^^^^^^^^^^^^
  File "C:\inetpub\wwwroot\e-randevu\dental_management_system\venv\Lib\site-packages\django\urls\base.py", line 24, in resolve
    return get_resolver(urlconf).resolve(path)
           ^^^^^^^^^^^^^^^^^^^^^^^^^^^^^^^^^^^
  File "C:\inetpub\wwwroot\e-randevu\dental_management_system\venv\Lib\site-packages\django\urls\resolvers.py", line 686, in resolve
    for pattern in self.url_patterns:
                   ^^^^^^^^^^^^^^^^^
  File "C:\inetpub\wwwroot\e-randevu\dental_management_system\venv\Lib\site-packages\django\utils\functional.py", line 47, in __get__
    res = instance.__dict__[self.name] = self.func(instance)
                                         ^^^^^^^^^^^^^^^^^^^
  File "C:\inetpub\wwwroot\e-randevu\dental_management_system\venv\Lib\site-packages\django\urls\resolvers.py", line 738, in url_patterns
    patterns = getattr(self.urlconf_module, "urlpatterns", self.urlconf_module)
                       ^^^^^^^^^^^^^^^^^^^
  File "C:\inetpub\wwwroot\e-randevu\dental_management_system\venv\Lib\site-packages\django\utils\functional.py", line 47, in __get__
    res = instance.__dict__[self.name] = self.func(instance)
                                         ^^^^^^^^^^^^^^^^^^^
  File "C:\inetpub\wwwroot\e-randevu\dental_management_system\venv\Lib\site-packages\django\urls\resolvers.py", line 731, in urlconf_module
    return import_module(self.urlconf_name)
           ^^^^^^^^^^^^^^^^^^^^^^^^^^^^^^^^
  File "C:\Users\Administrator\AppData\Local\Programs\Python\Python311\Lib\importlib\__init__.py", line 126, in import_module
    return _bootstrap._gcd_import(name[level:], package, level)
           ^^^^^^^^^^^^^^^^^^^^^^^^^^^^^^^^^^^^^^^^^^^^^^^^^^^^
  File "<frozen importlib._bootstrap>", line 1206, in _gcd_import
  File "<frozen importlib._bootstrap>", line 1178, in _find_and_load
  File "<frozen importlib._bootstrap>", line 1149, in _find_and_load_unlocked
  File "<frozen importlib._bootstrap>", line 690, in _load_unlocked
  File "<frozen importlib._bootstrap_external>", line 940, in exec_module
  File "<frozen importlib._bootstrap>", line 241, in _call_with_frames_removed
  File "C:\inetpub\wwwroot\e-randevu\dental_management_system\dental\panel_urls.py", line 14, in <module>
    from tenants.odeme_views import abonelik_planlar, abonelik_odeme, abonelik_basarili
  File "C:\inetpub\wwwroot\e-randevu\dental_management_system\tenants\odeme_views.py", line 9, in <module>
    from tenants.iyzico import PLANS, odeme_baslat
  File "C:\inetpub\wwwroot\e-randevu\dental_management_system\tenants\iyzico.py", line 10, in <module>
    import requests
ModuleNotFoundError: No module named 'requests'

During handling of the above exception, another exception occurred:

Traceback (most recent call last):
  File "C:\inetpub\wwwroot\e-randevu\dental_management_system\venv\Lib\site-packages\django\core\handlers\exception.py", line 55, in inner
    response = get_response(request)
               ^^^^^^^^^^^^^^^^^^^^^
  File "C:\inetpub\wwwroot\e-randevu\dental_management_system\venv\Lib\site-packages\django\utils\deprecation.py", line 134, in __call__
    response = response or self.get_response(request)
                           ^^^^^^^^^^^^^^^^^^^^^^^^^^
  File "C:\inetpub\wwwroot\e-randevu\dental_management_system\venv\Lib\site-packages\django\core\handlers\exception.py", line 57, in inner
    response = response_for_exception(request, exc)
               ^^^^^^^^^^^^^^^^^^^^^^^^^^^^^^^^^^^^
  File "C:\inetpub\wwwroot\e-randevu\dental_management_system\venv\Lib\site-packages\django\core\handlers\exception.py", line 140, in response_for_exception
    response = handle_uncaught_exception(
               ^^^^^^^^^^^^^^^^^^^^^^^^^^
  File "C:\inetpub\wwwroot\e-randevu\dental_management_system\venv\Lib\site-packages\django\core\handlers\exception.py", line 181, in handle_uncaught_exception
    return debug.technical_500_response(request, *exc_info)
           ^^^^^^^^^^^^^^^^^^^^^^^^^^^^^^^^^^^^^^^^^^^^^^^^
  File "C:\inetpub\wwwroot\e-randevu\dental_management_system\venv\Lib\site-packages\django\views\debug.py", line 69, in technical_500_response
    html = reporter.get_traceback_html()
           ^^^^^^^^^^^^^^^^^^^^^^^^^^^^^
  File "C:\inetpub\wwwroot\e-randevu\dental_management_system\venv\Lib\site-packages\django\views\debug.py", line 428, in get_traceback_html
    c = Context(self.get_traceback_data(), use_l10n=False)
                ^^^^^^^^^^^^^^^^^^^^^^^^^
  File "C:\inetpub\wwwroot\e-randevu\dental_management_system\venv\Lib\site-packages\django\views\debug.py", line 411, in get_traceback_data
    c["raising_view_name"] = get_caller(self.request)
                             ^^^^^^^^^^^^^^^^^^^^^^^^
  File "C:\inetpub\wwwroot\e-randevu\dental_management_system\venv\Lib\site-packages\django\views\debug.py", line 102, in get_caller
    resolver_match = resolve(request.path)
                     ^^^^^^^^^^^^^^^^^^^^^
  File "C:\inetpub\wwwroot\e-randevu\dental_management_system\venv\Lib\site-packages\django\urls\base.py", line 24, in resolve
    return get_resolver(urlconf).resolve(path)
           ^^^^^^^^^^^^^^^^^^^^^^^^^^^^^^^^^^^
  File "C:\inetpub\wwwroot\e-randevu\dental_management_system\venv\Lib\site-packages\django\urls\resolvers.py", line 686, in resolve
    for pattern in self.url_patterns:
                   ^^^^^^^^^^^^^^^^^
  File "C:\inetpub\wwwroot\e-randevu\dental_management_system\venv\Lib\site-packages\django\utils\functional.py", line 47, in __get__
    res = instance.__dict__[self.name] = self.func(instance)
                                         ^^^^^^^^^^^^^^^^^^^
  File "C:\inetpub\wwwroot\e-randevu\dental_management_system\venv\Lib\site-packages\django\urls\resolvers.py", line 738, in url_patterns
    patterns = getattr(self.urlconf_module, "urlpatterns", self.urlconf_module)
                       ^^^^^^^^^^^^^^^^^^^
  File "C:\inetpub\wwwroot\e-randevu\dental_management_system\venv\Lib\site-packages\django\utils\functional.py", line 47, in __get__
    res = instance.__dict__[self.name] = self.func(instance)
                                         ^^^^^^^^^^^^^^^^^^^
  File "C:\inetpub\wwwroot\e-randevu\dental_management_system\venv\Lib\site-packages\django\urls\resolvers.py", line 731, in urlconf_module
    return import_module(self.urlconf_name)
           ^^^^^^^^^^^^^^^^^^^^^^^^^^^^^^^^
  File "C:\Users\Administrator\AppData\Local\Programs\Python\Python311\Lib\importlib\__init__.py", line 126, in import_module
    return _bootstrap._gcd_import(name[level:], package, level)
           ^^^^^^^^^^^^^^^^^^^^^^^^^^^^^^^^^^^^^^^^^^^^^^^^^^^^
  File "<frozen importlib._bootstrap>", line 1206, in _gcd_import
  File "<frozen importlib._bootstrap>", line 1178, in _find_and_load
  File "<frozen importlib._bootstrap>", line 1149, in _find_and_load_unlocked
  File "<frozen importlib._bootstrap>", line 690, in _load_unlocked
  File "<frozen importlib._bootstrap_external>", line 940, in exec_module
  File "<frozen importlib._bootstrap>", line 241, in _call_with_frames_removed
  File "C:\inetpub\wwwroot\e-randevu\dental_management_system\dental\panel_urls.py", line 14, in <module>
    from tenants.odeme_views import abonelik_planlar, abonelik_odeme, abonelik_basarili
  File "C:\inetpub\wwwroot\e-randevu\dental_management_system\tenants\odeme_views.py", line 9, in <module>
    from tenants.iyzico import PLANS, odeme_baslat
  File "C:\inetpub\wwwroot\e-randevu\dental_management_system\tenants\iyzico.py", line 10, in <module>
    import requests
ModuleNotFoundError: No module named 'requests'

During handling of the above exception, another exception occurred:

Traceback (most recent call last):
  File "C:\inetpub\wwwroot\e-randevu\dental_management_system\venv\Lib\site-packages\django\core\handlers\exception.py", line 55, in inner
    response = get_response(request)
               ^^^^^^^^^^^^^^^^^^^^^
  File "C:\inetpub\wwwroot\e-randevu\dental_management_system\venv\Lib\site-packages\django\utils\deprecation.py", line 134, in __call__
    response = response or self.get_response(request)
                           ^^^^^^^^^^^^^^^^^^^^^^^^^^
  File "C:\inetpub\wwwroot\e-randevu\dental_management_system\venv\Lib\site-packages\django\core\handlers\exception.py", line 57, in inner
    response = response_for_exception(request, exc)
               ^^^^^^^^^^^^^^^^^^^^^^^^^^^^^^^^^^^^
  File "C:\inetpub\wwwroot\e-randevu\dental_management_system\venv\Lib\site-packages\django\core\handlers\exception.py", line 140, in response_for_exception
    response = handle_uncaught_exception(
               ^^^^^^^^^^^^^^^^^^^^^^^^^^
  File "C:\inetpub\wwwroot\e-randevu\dental_management_system\venv\Lib\site-packages\django\core\handlers\exception.py", line 181, in handle_uncaught_exception
    return debug.technical_500_response(request, *exc_info)
           ^^^^^^^^^^^^^^^^^^^^^^^^^^^^^^^^^^^^^^^^^^^^^^^^
  File "C:\inetpub\wwwroot\e-randevu\dental_management_system\venv\Lib\site-packages\django\views\debug.py", line 69, in technical_500_response
    html = reporter.get_traceback_html()
           ^^^^^^^^^^^^^^^^^^^^^^^^^^^^^
  File "C:\inetpub\wwwroot\e-randevu\dental_management_system\venv\Lib\site-packages\django\views\debug.py", line 428, in get_traceback_html
    c = Context(self.get_traceback_data(), use_l10n=False)
                ^^^^^^^^^^^^^^^^^^^^^^^^^
  File "C:\inetpub\wwwroot\e-randevu\dental_management_system\venv\Lib\site-packages\django\views\debug.py", line 411, in get_traceback_data
    c["raising_view_name"] = get_caller(self.request)
                             ^^^^^^^^^^^^^^^^^^^^^^^^
  File "C:\inetpub\wwwroot\e-randevu\dental_management_system\venv\Lib\site-packages\django\views\debug.py", line 102, in get_caller
    resolver_match = resolve(request.path)
                     ^^^^^^^^^^^^^^^^^^^^^
  File "C:\inetpub\wwwroot\e-randevu\dental_management_system\venv\Lib\site-packages\django\urls\base.py", line 24, in resolve
    return get_resolver(urlconf).resolve(path)
           ^^^^^^^^^^^^^^^^^^^^^^^^^^^^^^^^^^^
  File "C:\inetpub\wwwroot\e-randevu\dental_management_system\venv\Lib\site-packages\django\urls\resolvers.py", line 686, in resolve
    for pattern in self.url_patterns:
                   ^^^^^^^^^^^^^^^^^
  File "C:\inetpub\wwwroot\e-randevu\dental_management_system\venv\Lib\site-packages\django\utils\functional.py", line 47, in __get__
    res = instance.__dict__[self.name] = self.func(instance)
                                         ^^^^^^^^^^^^^^^^^^^
  File "C:\inetpub\wwwroot\e-randevu\dental_management_system\venv\Lib\site-packages\django\urls\resolvers.py", line 738, in url_patterns
    patterns = getattr(self.urlconf_module, "urlpatterns", self.urlconf_module)
                       ^^^^^^^^^^^^^^^^^^^
  File "C:\inetpub\wwwroot\e-randevu\dental_management_system\venv\Lib\site-packages\django\utils\functional.py", line 47, in __get__
    res = instance.__dict__[self.name] = self.func(instance)
                                         ^^^^^^^^^^^^^^^^^^^
  File "C:\inetpub\wwwroot\e-randevu\dental_management_system\venv\Lib\site-packages\django\urls\resolvers.py", line 731, in urlconf_module
    return import_module(self.urlconf_name)
           ^^^^^^^^^^^^^^^^^^^^^^^^^^^^^^^^
  File "C:\Users\Administrator\AppData\Local\Programs\Python\Python311\Lib\importlib\__init__.py", line 126, in import_module
    return _bootstrap._gcd_import(name[level:], package, level)
           ^^^^^^^^^^^^^^^^^^^^^^^^^^^^^^^^^^^^^^^^^^^^^^^^^^^^
  File "<frozen importlib._bootstrap>", line 1206, in _gcd_import
  File "<frozen importlib._bootstrap>", line 1178, in _find_and_load
  File "<frozen importlib._bootstrap>", line 1149, in _find_and_load_unlocked
  File "<frozen importlib._bootstrap>", line 690, in _load_unlocked
  File "<frozen importlib._bootstrap_external>", line 940, in exec_module
  File "<frozen importlib._bootstrap>", line 241, in _call_with_frames_removed
  File "C:\inetpub\wwwroot\e-randevu\dental_management_system\dental\panel_urls.py", line 14, in <module>
    from tenants.odeme_views import abonelik_planlar, abonelik_odeme, abonelik_basarili
  File "C:\inetpub\wwwroot\e-randevu\dental_management_system\tenants\odeme_views.py", line 9, in <module>
    from tenants.iyzico import PLANS, odeme_baslat
  File "C:\inetpub\wwwroot\e-randevu\dental_management_system\tenants\iyzico.py", line 10, in <module>
    import requests
ModuleNotFoundError: No module named 'requests'

During handling of the above exception, another exception occurred:

Traceback (most recent call last):
  File "C:\inetpub\wwwroot\e-randevu\dental_management_system\venv\Lib\site-packages\django\core\handlers\exception.py", line 55, in inner
    response = get_response(request)
               ^^^^^^^^^^^^^^^^^^^^^
  File "C:\inetpub\wwwroot\e-randevu\dental_management_system\venv\Lib\site-packages\django\utils\deprecation.py", line 134, in __call__
    response = response or self.get_response(request)
                           ^^^^^^^^^^^^^^^^^^^^^^^^^^
  File "C:\inetpub\wwwroot\e-randevu\dental_management_system\venv\Lib\site-packages\django\core\handlers\exception.py", line 57, in inner
    response = response_for_exception(request, exc)
               ^^^^^^^^^^^^^^^^^^^^^^^^^^^^^^^^^^^^
  File "C:\inetpub\wwwroot\e-randevu\dental_management_system\venv\Lib\site-packages\django\core\handlers\exception.py", line 140, in response_for_exception
    response = handle_uncaught_exception(
               ^^^^^^^^^^^^^^^^^^^^^^^^^^
  File "C:\inetpub\wwwroot\e-randevu\dental_management_system\venv\Lib\site-packages\django\core\handlers\exception.py", line 181, in handle_uncaught_exception
    return debug.technical_500_response(request, *exc_info)
           ^^^^^^^^^^^^^^^^^^^^^^^^^^^^^^^^^^^^^^^^^^^^^^^^
  File "C:\inetpub\wwwroot\e-randevu\dental_management_system\venv\Lib\site-packages\django\views\debug.py", line 69, in technical_500_response
    html = reporter.get_traceback_html()
           ^^^^^^^^^^^^^^^^^^^^^^^^^^^^^
  File "C:\inetpub\wwwroot\e-randevu\dental_management_system\venv\Lib\site-packages\django\views\debug.py", line 428, in get_traceback_html
    c = Context(self.get_traceback_data(), use_l10n=False)
                ^^^^^^^^^^^^^^^^^^^^^^^^^
  File "C:\inetpub\wwwroot\e-randevu\dental_management_system\venv\Lib\site-packages\django\views\debug.py", line 411, in get_traceback_data
    c["raising_view_name"] = get_caller(self.request)
                             ^^^^^^^^^^^^^^^^^^^^^^^^
  File "C:\inetpub\wwwroot\e-randevu\dental_management_system\venv\Lib\site-packages\django\views\debug.py", line 102, in get_caller
    resolver_match = resolve(request.path)
                     ^^^^^^^^^^^^^^^^^^^^^
  File "C:\inetpub\wwwroot\e-randevu\dental_management_system\venv\Lib\site-packages\django\urls\base.py", line 24, in resolve
    return get_resolver(urlconf).resolve(path)
           ^^^^^^^^^^^^^^^^^^^^^^^^^^^^^^^^^^^
  File "C:\inetpub\wwwroot\e-randevu\dental_management_system\venv\Lib\site-packages\django\urls\resolvers.py", line 686, in resolve
    for pattern in self.url_patterns:
                   ^^^^^^^^^^^^^^^^^
  File "C:\inetpub\wwwroot\e-randevu\dental_management_system\venv\Lib\site-packages\django\utils\functional.py", line 47, in __get__
    res = instance.__dict__[self.name] = self.func(instance)
                                         ^^^^^^^^^^^^^^^^^^^
  File "C:\inetpub\wwwroot\e-randevu\dental_management_system\venv\Lib\site-packages\django\urls\resolvers.py", line 738, in url_patterns
    patterns = getattr(self.urlconf_module, "urlpatterns", self.urlconf_module)
                       ^^^^^^^^^^^^^^^^^^^
  File "C:\inetpub\wwwroot\e-randevu\dental_management_system\venv\Lib\site-packages\django\utils\functional.py", line 47, in __get__
    res = instance.__dict__[self.name] = self.func(instance)
                                         ^^^^^^^^^^^^^^^^^^^
  File "C:\inetpub\wwwroot\e-randevu\dental_management_system\venv\Lib\site-packages\django\urls\resolvers.py", line 731, in urlconf_module
    return import_module(self.urlconf_name)
           ^^^^^^^^^^^^^^^^^^^^^^^^^^^^^^^^
  File "C:\Users\Administrator\AppData\Local\Programs\Python\Python311\Lib\importlib\__init__.py", line 126, in import_module
    return _bootstrap._gcd_import(name[level:], package, level)
           ^^^^^^^^^^^^^^^^^^^^^^^^^^^^^^^^^^^^^^^^^^^^^^^^^^^^
  File "<frozen importlib._bootstrap>", line 1206, in _gcd_import
  File "<frozen importlib._bootstrap>", line 1178, in _find_and_load
  File "<frozen importlib._bootstrap>", line 1149, in _find_and_load_unlocked
  File "<frozen importlib._bootstrap>", line 690, in _load_unlocked
  File "<frozen importlib._bootstrap_external>", line 940, in exec_module
  File "<frozen importlib._bootstrap>", line 241, in _call_with_frames_removed
  File "C:\inetpub\wwwroot\e-randevu\dental_management_system\dental\panel_urls.py", line 14, in <module>
    from tenants.odeme_views import abonelik_planlar, abonelik_odeme, abonelik_basarili
  File "C:\inetpub\wwwroot\e-randevu\dental_management_system\tenants\odeme_views.py", line 9, in <module>
    from tenants.iyzico import PLANS, odeme_baslat
  File "C:\inetpub\wwwroot\e-randevu\dental_management_system\tenants\iyzico.py", line 10, in <module>
    import requests
ModuleNotFoundError: No module named 'requests'

During handling of the above exception, another exception occurred:

Traceback (most recent call last):
  File "C:\inetpub\wwwroot\e-randevu\dental_management_system\venv\Lib\site-packages\django\core\handlers\exception.py", line 55, in inner
    response = get_response(request)
               ^^^^^^^^^^^^^^^^^^^^^
  File "C:\inetpub\wwwroot\e-randevu\dental_management_system\dental\middleware.py", line 66, in __call__
    return self.get_response(request)
           ^^^^^^^^^^^^^^^^^^^^^^^^^^
  File "C:\inetpub\wwwroot\e-randevu\dental_management_system\venv\Lib\site-packages\django\core\handlers\exception.py", line 57, in inner
    response = response_for_exception(request, exc)
               ^^^^^^^^^^^^^^^^^^^^^^^^^^^^^^^^^^^^
  File "C:\inetpub\wwwroot\e-randevu\dental_management_system\venv\Lib\site-packages\django\core\handlers\exception.py", line 140, in response_for_exception
    response = handle_uncaught_exception(
               ^^^^^^^^^^^^^^^^^^^^^^^^^^
  File "C:\inetpub\wwwroot\e-randevu\dental_management_system\venv\Lib\site-packages\django\core\handlers\exception.py", line 181, in handle_uncaught_exception
    return debug.technical_500_response(request, *exc_info)
           ^^^^^^^^^^^^^^^^^^^^^^^^^^^^^^^^^^^^^^^^^^^^^^^^
  File "C:\inetpub\wwwroot\e-randevu\dental_management_system\venv\Lib\site-packages\django\views\debug.py", line 69, in technical_500_response
    html = reporter.get_traceback_html()
           ^^^^^^^^^^^^^^^^^^^^^^^^^^^^^
  File "C:\inetpub\wwwroot\e-randevu\dental_management_system\venv\Lib\site-packages\django\views\debug.py", line 428, in get_traceback_html
    c = Context(self.get_traceback_data(), use_l10n=False)
                ^^^^^^^^^^^^^^^^^^^^^^^^^
  File "C:\inetpub\wwwroot\e-randevu\dental_management_system\venv\Lib\site-packages\django\views\debug.py", line 411, in get_traceback_data
    c["raising_view_name"] = get_caller(self.request)
                             ^^^^^^^^^^^^^^^^^^^^^^^^
  File "C:\inetpub\wwwroot\e-randevu\dental_management_system\venv\Lib\site-packages\django\views\debug.py", line 102, in get_caller
    resolver_match = resolve(request.path)
                     ^^^^^^^^^^^^^^^^^^^^^
  File "C:\inetpub\wwwroot\e-randevu\dental_management_system\venv\Lib\site-packages\django\urls\base.py", line 24, in resolve
    return get_resolver(urlconf).resolve(path)
           ^^^^^^^^^^^^^^^^^^^^^^^^^^^^^^^^^^^
  File "C:\inetpub\wwwroot\e-randevu\dental_management_system\venv\Lib\site-packages\django\urls\resolvers.py", line 686, in resolve
    for pattern in self.url_patterns:
                   ^^^^^^^^^^^^^^^^^
  File "C:\inetpub\wwwroot\e-randevu\dental_management_system\venv\Lib\site-packages\django\utils\functional.py", line 47, in __get__
    res = instance.__dict__[self.name] = self.func(instance)
                                         ^^^^^^^^^^^^^^^^^^^
  File "C:\inetpub\wwwroot\e-randevu\dental_management_system\venv\Lib\site-packages\django\urls\resolvers.py", line 738, in url_patterns
    patterns = getattr(self.urlconf_module, "urlpatterns", self.urlconf_module)
                       ^^^^^^^^^^^^^^^^^^^
  File "C:\inetpub\wwwroot\e-randevu\dental_management_system\venv\Lib\site-packages\django\utils\functional.py", line 47, in __get__
    res = instance.__dict__[self.name] = self.func(instance)
                                         ^^^^^^^^^^^^^^^^^^^
  File "C:\inetpub\wwwroot\e-randevu\dental_management_system\venv\Lib\site-packages\django\urls\resolvers.py", line 731, in urlconf_module
    return import_module(self.urlconf_name)
           ^^^^^^^^^^^^^^^^^^^^^^^^^^^^^^^^
  File "C:\Users\Administrator\AppData\Local\Programs\Python\Python311\Lib\importlib\__init__.py", line 126, in import_module
    return _bootstrap._gcd_import(name[level:], package, level)
           ^^^^^^^^^^^^^^^^^^^^^^^^^^^^^^^^^^^^^^^^^^^^^^^^^^^^
  File "<frozen importlib._bootstrap>", line 1206, in _gcd_import
  File "<frozen importlib._bootstrap>", line 1178, in _find_and_load
  File "<frozen importlib._bootstrap>", line 1149, in _find_and_load_unlocked
  File "<frozen importlib._bootstrap>", line 690, in _load_unlocked
  File "<frozen importlib._bootstrap_external>", line 940, in exec_module
  File "<frozen importlib._bootstrap>", line 241, in _call_with_frames_removed
  File "C:\inetpub\wwwroot\e-randevu\dental_management_system\dental\panel_urls.py", line 14, in <module>
    from tenants.odeme_views import abonelik_planlar, abonelik_odeme, abonelik_basarili
  File "C:\inetpub\wwwroot\e-randevu\dental_management_system\tenants\odeme_views.py", line 9, in <module>
    from tenants.iyzico import PLANS, odeme_baslat
  File "C:\inetpub\wwwroot\e-randevu\dental_management_system\tenants\iyzico.py", line 10, in <module>
    import requests
ModuleNotFoundError: No module named 'requests'

During handling of the above exception, another exception occurred:

Traceback (most recent call last):
  File "C:\inetpub\wwwroot\e-randevu\dental_management_system\venv\Lib\site-packages\django\core\handlers\exception.py", line 55, in inner
    response = get_response(request)
               ^^^^^^^^^^^^^^^^^^^^^
  File "C:\inetpub\wwwroot\e-randevu\dental_management_system\dental\middleware.py", line 47, in __call__
    response = self.get_response(request)
               ^^^^^^^^^^^^^^^^^^^^^^^^^^
  File "C:\inetpub\wwwroot\e-randevu\dental_management_system\venv\Lib\site-packages\django\core\handlers\exception.py", line 57, in inner
    response = response_for_exception(request, exc)
               ^^^^^^^^^^^^^^^^^^^^^^^^^^^^^^^^^^^^
  File "C:\inetpub\wwwroot\e-randevu\dental_management_system\venv\Lib\site-packages\django\core\handlers\exception.py", line 140, in response_for_exception
    response = handle_uncaught_exception(
               ^^^^^^^^^^^^^^^^^^^^^^^^^^
  File "C:\inetpub\wwwroot\e-randevu\dental_management_system\venv\Lib\site-packages\django\core\handlers\exception.py", line 181, in handle_uncaught_exception
    return debug.technical_500_response(request, *exc_info)
           ^^^^^^^^^^^^^^^^^^^^^^^^^^^^^^^^^^^^^^^^^^^^^^^^
  File "C:\inetpub\wwwroot\e-randevu\dental_management_system\venv\Lib\site-packages\django\views\debug.py", line 69, in technical_500_response
    html = reporter.get_traceback_html()
           ^^^^^^^^^^^^^^^^^^^^^^^^^^^^^
  File "C:\inetpub\wwwroot\e-randevu\dental_management_system\venv\Lib\site-packages\django\views\debug.py", line 428, in get_traceback_html
    c = Context(self.get_traceback_data(), use_l10n=False)
                ^^^^^^^^^^^^^^^^^^^^^^^^^
  File "C:\inetpub\wwwroot\e-randevu\dental_management_system\venv\Lib\site-packages\django\views\debug.py", line 411, in get_traceback_data
    c["raising_view_name"] = get_caller(self.request)
                             ^^^^^^^^^^^^^^^^^^^^^^^^
  File "C:\inetpub\wwwroot\e-randevu\dental_management_system\venv\Lib\site-packages\django\views\debug.py", line 102, in get_caller
    resolver_match = resolve(request.path)
                     ^^^^^^^^^^^^^^^^^^^^^
  File "C:\inetpub\wwwroot\e-randevu\dental_management_system\venv\Lib\site-packages\django\urls\base.py", line 24, in resolve
    return get_resolver(urlconf).resolve(path)
           ^^^^^^^^^^^^^^^^^^^^^^^^^^^^^^^^^^^
  File "C:\inetpub\wwwroot\e-randevu\dental_management_system\venv\Lib\site-packages\django\urls\resolvers.py", line 686, in resolve
    for pattern in self.url_patterns:
                   ^^^^^^^^^^^^^^^^^
  File "C:\inetpub\wwwroot\e-randevu\dental_management_system\venv\Lib\site-packages\django\utils\functional.py", line 47, in __get__
    res = instance.__dict__[self.name] = self.func(instance)
                                         ^^^^^^^^^^^^^^^^^^^
  File "C:\inetpub\wwwroot\e-randevu\dental_management_system\venv\Lib\site-packages\django\urls\resolvers.py", line 738, in url_patterns
    patterns = getattr(self.urlconf_module, "urlpatterns", self.urlconf_module)
                       ^^^^^^^^^^^^^^^^^^^
  File "C:\inetpub\wwwroot\e-randevu\dental_management_system\venv\Lib\site-packages\django\utils\functional.py", line 47, in __get__
    res = instance.__dict__[self.name] = self.func(instance)
                                         ^^^^^^^^^^^^^^^^^^^
  File "C:\inetpub\wwwroot\e-randevu\dental_management_system\venv\Lib\site-packages\django\urls\resolvers.py", line 731, in urlconf_module
    return import_module(self.urlconf_name)
           ^^^^^^^^^^^^^^^^^^^^^^^^^^^^^^^^
  File "C:\Users\Administrator\AppData\Local\Programs\Python\Python311\Lib\importlib\__init__.py", line 126, in import_module
    return _bootstrap._gcd_import(name[level:], package, level)
           ^^^^^^^^^^^^^^^^^^^^^^^^^^^^^^^^^^^^^^^^^^^^^^^^^^^^
  File "<frozen importlib._bootstrap>", line 1206, in _gcd_import
  File "<frozen importlib._bootstrap>", line 1178, in _find_and_load
  File "<frozen importlib._bootstrap>", line 1149, in _find_and_load_unlocked
  File "<frozen importlib._bootstrap>", line 690, in _load_unlocked
  File "<frozen importlib._bootstrap_external>", line 940, in exec_module
  File "<frozen importlib._bootstrap>", line 241, in _call_with_frames_removed
  File "C:\inetpub\wwwroot\e-randevu\dental_management_system\dental\panel_urls.py", line 14, in <module>
    from tenants.odeme_views import abonelik_planlar, abonelik_odeme, abonelik_basarili
  File "C:\inetpub\wwwroot\e-randevu\dental_management_system\tenants\odeme_views.py", line 9, in <module>
    from tenants.iyzico import PLANS, odeme_baslat
  File "C:\inetpub\wwwroot\e-randevu\dental_management_system\tenants\iyzico.py", line 10, in <module>
    import requests
ModuleNotFoundError: No module named 'requests'

During handling of the above exception, another exception occurred:

Traceback (most recent call last):
  File "C:\Users\Administrator\AppData\Local\Programs\Python\Python311\Lib\wsgiref\handlers.py", line 137, in run
    self.result = application(self.environ, self.start_response)
                  ^^^^^^^^^^^^^^^^^^^^^^^^^^^^^^^^^^^^^^^^^^^^^^
  File "C:\inetpub\wwwroot\e-randevu\dental_management_system\venv\Lib\site-packages\django\contrib\staticfiles\handlers.py", line 80, in __call__
    return self.application(environ, start_response)
           ^^^^^^^^^^^^^^^^^^^^^^^^^^^^^^^^^^^^^^^^^
  File "C:\inetpub\wwwroot\e-randevu\dental_management_system\venv\Lib\site-packages\django\core\handlers\wsgi.py", line 124, in __call__
    response = self.get_response(request)
               ^^^^^^^^^^^^^^^^^^^^^^^^^^
  File "C:\inetpub\wwwroot\e-randevu\dental_management_system\venv\Lib\site-packages\django\core\handlers\base.py", line 140, in get_response
    response = self._middleware_chain(request)
               ^^^^^^^^^^^^^^^^^^^^^^^^^^^^^^^
  File "C:\inetpub\wwwroot\e-randevu\dental_management_system\venv\Lib\site-packages\django\core\handlers\exception.py", line 57, in inner
    response = response_for_exception(request, exc)
               ^^^^^^^^^^^^^^^^^^^^^^^^^^^^^^^^^^^^
  File "C:\inetpub\wwwroot\e-randevu\dental_management_system\venv\Lib\site-packages\django\core\handlers\exception.py", line 140, in response_for_exception
    response = handle_uncaught_exception(
               ^^^^^^^^^^^^^^^^^^^^^^^^^^
  File "C:\inetpub\wwwroot\e-randevu\dental_management_system\venv\Lib\site-packages\django\core\handlers\exception.py", line 181, in handle_uncaught_exception
    return debug.technical_500_response(request, *exc_info)
           ^^^^^^^^^^^^^^^^^^^^^^^^^^^^^^^^^^^^^^^^^^^^^^^^
  File "C:\inetpub\wwwroot\e-randevu\dental_management_system\venv\Lib\site-packages\django\views\debug.py", line 69, in technical_500_response
    html = reporter.get_traceback_html()
           ^^^^^^^^^^^^^^^^^^^^^^^^^^^^^
  File "C:\inetpub\wwwroot\e-randevu\dental_management_system\venv\Lib\site-packages\django\views\debug.py", line 428, in get_traceback_html
    c = Context(self.get_traceback_data(), use_l10n=False)
                ^^^^^^^^^^^^^^^^^^^^^^^^^
  File "C:\inetpub\wwwroot\e-randevu\dental_management_system\venv\Lib\site-packages\django\views\debug.py", line 411, in get_traceback_data
    c["raising_view_name"] = get_caller(self.request)
                             ^^^^^^^^^^^^^^^^^^^^^^^^
  File "C:\inetpub\wwwroot\e-randevu\dental_management_system\venv\Lib\site-packages\django\views\debug.py", line 102, in get_caller
    resolver_match = resolve(request.path)
                     ^^^^^^^^^^^^^^^^^^^^^
  File "C:\inetpub\wwwroot\e-randevu\dental_management_system\venv\Lib\site-packages\django\urls\base.py", line 24, in resolve
    return get_resolver(urlconf).resolve(path)
           ^^^^^^^^^^^^^^^^^^^^^^^^^^^^^^^^^^^
  File "C:\inetpub\wwwroot\e-randevu\dental_management_system\venv\Lib\site-packages\django\urls\resolvers.py", line 686, in resolve
    for pattern in self.url_patterns:
                   ^^^^^^^^^^^^^^^^^
  File "C:\inetpub\wwwroot\e-randevu\dental_management_system\venv\Lib\site-packages\django\utils\functional.py", line 47, in __get__
    res = instance.__dict__[self.name] = self.func(instance)
                                         ^^^^^^^^^^^^^^^^^^^
  File "C:\inetpub\wwwroot\e-randevu\dental_management_system\venv\Lib\site-packages\django\urls\resolvers.py", line 738, in url_patterns
    patterns = getattr(self.urlconf_module, "urlpatterns", self.urlconf_module)
                       ^^^^^^^^^^^^^^^^^^^
  File "C:\inetpub\wwwroot\e-randevu\dental_management_system\venv\Lib\site-packages\django\utils\functional.py", line 47, in __get__
    res = instance.__dict__[self.name] = self.func(instance)
                                         ^^^^^^^^^^^^^^^^^^^
  File "C:\inetpub\wwwroot\e-randevu\dental_management_system\venv\Lib\site-packages\django\urls\resolvers.py", line 731, in urlconf_module
    return import_module(self.urlconf_name)
           ^^^^^^^^^^^^^^^^^^^^^^^^^^^^^^^^
  File "C:\Users\Administrator\AppData\Local\Programs\Python\Python311\Lib\importlib\__init__.py", line 126, in import_module
    return _bootstrap._gcd_import(name[level:], package, level)
           ^^^^^^^^^^^^^^^^^^^^^^^^^^^^^^^^^^^^^^^^^^^^^^^^^^^^
  File "<frozen importlib._bootstrap>", line 1206, in _gcd_import
  File "<frozen importlib._bootstrap>", line 1178, in _find_and_load
  File "<frozen importlib._bootstrap>", line 1149, in _find_and_load_unlocked
  File "<frozen importlib._bootstrap>", line 690, in _load_unlocked
  File "<frozen importlib._bootstrap_external>", line 940, in exec_module
  File "<frozen importlib._bootstrap>", line 241, in _call_with_frames_removed
  File "C:\inetpub\wwwroot\e-randevu\dental_management_system\dental\panel_urls.py", line 14, in <module>
    from tenants.odeme_views import abonelik_planlar, abonelik_odeme, abonelik_basarili
  File "C:\inetpub\wwwroot\e-randevu\dental_management_system\tenants\odeme_views.py", line 9, in <module>
    from tenants.iyzico import PLANS, odeme_baslat
  File "C:\inetpub\wwwroot\e-randevu\dental_management_system\tenants\iyzico.py", line 10, in <module>
    import requests
ModuleNotFoundError: No module named 'requests'
[29/Mar/2026 07:47:05] "GET /kayit/ HTTP/1.1" 500 59
Traceback (most recent call last):
  File "C:\inetpub\wwwroot\e-randevu\dental_management_system\venv\Lib\site-packages\django\core\handlers\exception.py", line 55, in inner
    response = get_response(request)
               ^^^^^^^^^^^^^^^^^^^^^
  File "C:\inetpub\wwwroot\e-randevu\dental_management_system\venv\Lib\site-packages\django\core\handlers\base.py", line 181, in _get_response
    callback, callback_args, callback_kwargs = self.resolve_request(request)
                                               ^^^^^^^^^^^^^^^^^^^^^^^^^^^^^
  File "C:\inetpub\wwwroot\e-randevu\dental_management_system\venv\Lib\site-packages\django\core\handlers\base.py", line 313, in resolve_request
    resolver_match = resolver.resolve(request.path_info)
                     ^^^^^^^^^^^^^^^^^^^^^^^^^^^^^^^^^^^
  File "C:\inetpub\wwwroot\e-randevu\dental_management_system\venv\Lib\site-packages\django\urls\resolvers.py", line 686, in resolve
    for pattern in self.url_patterns:
                   ^^^^^^^^^^^^^^^^^
  File "C:\inetpub\wwwroot\e-randevu\dental_management_system\venv\Lib\site-packages\django\utils\functional.py", line 47, in __get__
    res = instance.__dict__[self.name] = self.func(instance)
                                         ^^^^^^^^^^^^^^^^^^^
  File "C:\inetpub\wwwroot\e-randevu\dental_management_system\venv\Lib\site-packages\django\urls\resolvers.py", line 738, in url_patterns
    patterns = getattr(self.urlconf_module, "urlpatterns", self.urlconf_module)
                       ^^^^^^^^^^^^^^^^^^^
  File "C:\inetpub\wwwroot\e-randevu\dental_management_system\venv\Lib\site-packages\django\utils\functional.py", line 47, in __get__
    res = instance.__dict__[self.name] = self.func(instance)
                                         ^^^^^^^^^^^^^^^^^^^
  File "C:\inetpub\wwwroot\e-randevu\dental_management_system\venv\Lib\site-packages\django\urls\resolvers.py", line 731, in urlconf_module
    return import_module(self.urlconf_name)
           ^^^^^^^^^^^^^^^^^^^^^^^^^^^^^^^^
  File "C:\Users\Administrator\AppData\Local\Programs\Python\Python311\Lib\importlib\__init__.py", line 126, in import_module
    return _bootstrap._gcd_import(name[level:], package, level)
           ^^^^^^^^^^^^^^^^^^^^^^^^^^^^^^^^^^^^^^^^^^^^^^^^^^^^
  File "<frozen importlib._bootstrap>", line 1206, in _gcd_import
  File "<frozen importlib._bootstrap>", line 1178, in _find_and_load
  File "<frozen importlib._bootstrap>", line 1149, in _find_and_load_unlocked
  File "<frozen importlib._bootstrap>", line 690, in _load_unlocked
  File "<frozen importlib._bootstrap_external>", line 940, in exec_module
  File "<frozen importlib._bootstrap>", line 241, in _call_with_frames_removed
  File "C:\inetpub\wwwroot\e-randevu\dental_management_system\dental\panel_urls.py", line 14, in <module>
    from tenants.odeme_views import abonelik_planlar, abonelik_odeme, abonelik_basarili
  File "C:\inetpub\wwwroot\e-randevu\dental_management_system\tenants\odeme_views.py", line 9, in <module>
    from tenants.iyzico import PLANS, odeme_baslat
  File "C:\inetpub\wwwroot\e-randevu\dental_management_system\tenants\iyzico.py", line 10, in <module>
    import requests
ModuleNotFoundError: No module named 'requests'

During handling of the above exception, another exception occurred:

Traceback (most recent call last):
  File "C:\inetpub\wwwroot\e-randevu\dental_management_system\venv\Lib\site-packages\django\core\handlers\exception.py", line 55, in inner
    response = get_response(request)
               ^^^^^^^^^^^^^^^^^^^^^
  File "C:\inetpub\wwwroot\e-randevu\dental_management_system\venv\Lib\site-packages\django\utils\deprecation.py", line 134, in __call__
    response = response or self.get_response(request)
                           ^^^^^^^^^^^^^^^^^^^^^^^^^^
  File "C:\inetpub\wwwroot\e-randevu\dental_management_system\venv\Lib\site-packages\django\core\handlers\exception.py", line 57, in inner
    response = response_for_exception(request, exc)
               ^^^^^^^^^^^^^^^^^^^^^^^^^^^^^^^^^^^^
  File "C:\inetpub\wwwroot\e-randevu\dental_management_system\venv\Lib\site-packages\django\core\handlers\exception.py", line 140, in response_for_exception
    response = handle_uncaught_exception(
               ^^^^^^^^^^^^^^^^^^^^^^^^^^
  File "C:\inetpub\wwwroot\e-randevu\dental_management_system\venv\Lib\site-packages\django\core\handlers\exception.py", line 181, in handle_uncaught_exception
    return debug.technical_500_response(request, *exc_info)
           ^^^^^^^^^^^^^^^^^^^^^^^^^^^^^^^^^^^^^^^^^^^^^^^^
  File "C:\inetpub\wwwroot\e-randevu\dental_management_system\venv\Lib\site-packages\django\views\debug.py", line 69, in technical_500_response
    html = reporter.get_traceback_html()
           ^^^^^^^^^^^^^^^^^^^^^^^^^^^^^
  File "C:\inetpub\wwwroot\e-randevu\dental_management_system\venv\Lib\site-packages\django\views\debug.py", line 428, in get_traceback_html
    c = Context(self.get_traceback_data(), use_l10n=False)
                ^^^^^^^^^^^^^^^^^^^^^^^^^
  File "C:\inetpub\wwwroot\e-randevu\dental_management_system\venv\Lib\site-packages\django\views\debug.py", line 411, in get_traceback_data
    c["raising_view_name"] = get_caller(self.request)
                             ^^^^^^^^^^^^^^^^^^^^^^^^
  File "C:\inetpub\wwwroot\e-randevu\dental_management_system\venv\Lib\site-packages\django\views\debug.py", line 102, in get_caller
    resolver_match = resolve(request.path)
                     ^^^^^^^^^^^^^^^^^^^^^
  File "C:\inetpub\wwwroot\e-randevu\dental_management_system\venv\Lib\site-packages\django\urls\base.py", line 24, in resolve
    return get_resolver(urlconf).resolve(path)
           ^^^^^^^^^^^^^^^^^^^^^^^^^^^^^^^^^^^
  File "C:\inetpub\wwwroot\e-randevu\dental_management_system\venv\Lib\site-packages\django\urls\resolvers.py", line 686, in resolve
    for pattern in self.url_patterns:
                   ^^^^^^^^^^^^^^^^^
  File "C:\inetpub\wwwroot\e-randevu\dental_management_system\venv\Lib\site-packages\django\utils\functional.py", line 47, in __get__
    res = instance.__dict__[self.name] = self.func(instance)
                                         ^^^^^^^^^^^^^^^^^^^
  File "C:\inetpub\wwwroot\e-randevu\dental_management_system\venv\Lib\site-packages\django\urls\resolvers.py", line 738, in url_patterns
    patterns = getattr(self.urlconf_module, "urlpatterns", self.urlconf_module)
                       ^^^^^^^^^^^^^^^^^^^
  File "C:\inetpub\wwwroot\e-randevu\dental_management_system\venv\Lib\site-packages\django\utils\functional.py", line 47, in __get__
    res = instance.__dict__[self.name] = self.func(instance)
                                         ^^^^^^^^^^^^^^^^^^^
  File "C:\inetpub\wwwroot\e-randevu\dental_management_system\venv\Lib\site-packages\django\urls\resolvers.py", line 731, in urlconf_module
    return import_module(self.urlconf_name)
           ^^^^^^^^^^^^^^^^^^^^^^^^^^^^^^^^
  File "C:\Users\Administrator\AppData\Local\Programs\Python\Python311\Lib\importlib\__init__.py", line 126, in import_module
    return _bootstrap._gcd_import(name[level:], package, level)
           ^^^^^^^^^^^^^^^^^^^^^^^^^^^^^^^^^^^^^^^^^^^^^^^^^^^^
  File "<frozen importlib._bootstrap>", line 1206, in _gcd_import
  File "<frozen importlib._bootstrap>", line 1178, in _find_and_load
  File "<frozen importlib._bootstrap>", line 1149, in _find_and_load_unlocked
  File "<frozen importlib._bootstrap>", line 690, in _load_unlocked
  File "<frozen importlib._bootstrap_external>", line 940, in exec_module
  File "<frozen importlib._bootstrap>", line 241, in _call_with_frames_removed
  File "C:\inetpub\wwwroot\e-randevu\dental_management_system\dental\panel_urls.py", line 14, in <module>
    from tenants.odeme_views import abonelik_planlar, abonelik_odeme, abonelik_basarili
  File "C:\inetpub\wwwroot\e-randevu\dental_management_system\tenants\odeme_views.py", line 9, in <module>
    from tenants.iyzico import PLANS, odeme_baslat
  File "C:\inetpub\wwwroot\e-randevu\dental_management_system\tenants\iyzico.py", line 10, in <module>
    import requests
ModuleNotFoundError: No module named 'requests'

During handling of the above exception, another exception occurred:

Traceback (most recent call last):
  File "C:\inetpub\wwwroot\e-randevu\dental_management_system\venv\Lib\site-packages\django\core\handlers\exception.py", line 55, in inner
    response = get_response(request)
               ^^^^^^^^^^^^^^^^^^^^^
  File "C:\inetpub\wwwroot\e-randevu\dental_management_system\venv\Lib\site-packages\django\utils\deprecation.py", line 134, in __call__
    response = response or self.get_response(request)
                           ^^^^^^^^^^^^^^^^^^^^^^^^^^
  File "C:\inetpub\wwwroot\e-randevu\dental_management_system\venv\Lib\site-packages\django\core\handlers\exception.py", line 57, in inner
    response = response_for_exception(request, exc)
               ^^^^^^^^^^^^^^^^^^^^^^^^^^^^^^^^^^^^
  File "C:\inetpub\wwwroot\e-randevu\dental_management_system\venv\Lib\site-packages\django\core\handlers\exception.py", line 140, in response_for_exception
    response = handle_uncaught_exception(
               ^^^^^^^^^^^^^^^^^^^^^^^^^^
  File "C:\inetpub\wwwroot\e-randevu\dental_management_system\venv\Lib\site-packages\django\core\handlers\exception.py", line 181, in handle_uncaught_exception
    return debug.technical_500_response(request, *exc_info)
           ^^^^^^^^^^^^^^^^^^^^^^^^^^^^^^^^^^^^^^^^^^^^^^^^
  File "C:\inetpub\wwwroot\e-randevu\dental_management_system\venv\Lib\site-packages\django\views\debug.py", line 69, in technical_500_response
    html = reporter.get_traceback_html()
           ^^^^^^^^^^^^^^^^^^^^^^^^^^^^^
  File "C:\inetpub\wwwroot\e-randevu\dental_management_system\venv\Lib\site-packages\django\views\debug.py", line 428, in get_traceback_html
    c = Context(self.get_traceback_data(), use_l10n=False)
                ^^^^^^^^^^^^^^^^^^^^^^^^^
  File "C:\inetpub\wwwroot\e-randevu\dental_management_system\venv\Lib\site-packages\django\views\debug.py", line 411, in get_traceback_data
    c["raising_view_name"] = get_caller(self.request)
                             ^^^^^^^^^^^^^^^^^^^^^^^^
  File "C:\inetpub\wwwroot\e-randevu\dental_management_system\venv\Lib\site-packages\django\views\debug.py", line 102, in get_caller
    resolver_match = resolve(request.path)
                     ^^^^^^^^^^^^^^^^^^^^^
  File "C:\inetpub\wwwroot\e-randevu\dental_management_system\venv\Lib\site-packages\django\urls\base.py", line 24, in resolve
    return get_resolver(urlconf).resolve(path)
           ^^^^^^^^^^^^^^^^^^^^^^^^^^^^^^^^^^^
  File "C:\inetpub\wwwroot\e-randevu\dental_management_system\venv\Lib\site-packages\django\urls\resolvers.py", line 686, in resolve
    for pattern in self.url_patterns:
                   ^^^^^^^^^^^^^^^^^
  File "C:\inetpub\wwwroot\e-randevu\dental_management_system\venv\Lib\site-packages\django\utils\functional.py", line 47, in __get__
    res = instance.__dict__[self.name] = self.func(instance)
                                         ^^^^^^^^^^^^^^^^^^^
  File "C:\inetpub\wwwroot\e-randevu\dental_management_system\venv\Lib\site-packages\django\urls\resolvers.py", line 738, in url_patterns
    patterns = getattr(self.urlconf_module, "urlpatterns", self.urlconf_module)
                       ^^^^^^^^^^^^^^^^^^^
  File "C:\inetpub\wwwroot\e-randevu\dental_management_system\venv\Lib\site-packages\django\utils\functional.py", line 47, in __get__
    res = instance.__dict__[self.name] = self.func(instance)
                                         ^^^^^^^^^^^^^^^^^^^
  File "C:\inetpub\wwwroot\e-randevu\dental_management_system\venv\Lib\site-packages\django\urls\resolvers.py", line 731, in urlconf_module
    return import_module(self.urlconf_name)
           ^^^^^^^^^^^^^^^^^^^^^^^^^^^^^^^^
  File "C:\Users\Administrator\AppData\Local\Programs\Python\Python311\Lib\importlib\__init__.py", line 126, in import_module
    return _bootstrap._gcd_import(name[level:], package, level)
           ^^^^^^^^^^^^^^^^^^^^^^^^^^^^^^^^^^^^^^^^^^^^^^^^^^^^
  File "<frozen importlib._bootstrap>", line 1206, in _gcd_import
  File "<frozen importlib._bootstrap>", line 1178, in _find_and_load
  File "<frozen importlib._bootstrap>", line 1149, in _find_and_load_unlocked
  File "<frozen importlib._bootstrap>", line 690, in _load_unlocked
  File "<frozen importlib._bootstrap_external>", line 940, in exec_module
  File "<frozen importlib._bootstrap>", line 241, in _call_with_frames_removed
  File "C:\inetpub\wwwroot\e-randevu\dental_management_system\dental\panel_urls.py", line 14, in <module>
    from tenants.odeme_views import abonelik_planlar, abonelik_odeme, abonelik_basarili
  File "C:\inetpub\wwwroot\e-randevu\dental_management_system\tenants\odeme_views.py", line 9, in <module>
    from tenants.iyzico import PLANS, odeme_baslat
  File "C:\inetpub\wwwroot\e-randevu\dental_management_system\tenants\iyzico.py", line 10, in <module>
    import requests
ModuleNotFoundError: No module named 'requests'

During handling of the above exception, another exception occurred:

Traceback (most recent call last):
  File "C:\inetpub\wwwroot\e-randevu\dental_management_system\venv\Lib\site-packages\django\core\handlers\exception.py", line 55, in inner
    response = get_response(request)
               ^^^^^^^^^^^^^^^^^^^^^
  File "C:\inetpub\wwwroot\e-randevu\dental_management_system\venv\Lib\site-packages\django\utils\deprecation.py", line 134, in __call__
    response = response or self.get_response(request)
                           ^^^^^^^^^^^^^^^^^^^^^^^^^^
  File "C:\inetpub\wwwroot\e-randevu\dental_management_system\venv\Lib\site-packages\django\core\handlers\exception.py", line 57, in inner
    response = response_for_exception(request, exc)
               ^^^^^^^^^^^^^^^^^^^^^^^^^^^^^^^^^^^^
  File "C:\inetpub\wwwroot\e-randevu\dental_management_system\venv\Lib\site-packages\django\core\handlers\exception.py", line 140, in response_for_exception
    response = handle_uncaught_exception(
               ^^^^^^^^^^^^^^^^^^^^^^^^^^
  File "C:\inetpub\wwwroot\e-randevu\dental_management_system\venv\Lib\site-packages\django\core\handlers\exception.py", line 181, in handle_uncaught_exception
    return debug.technical_500_response(request, *exc_info)
           ^^^^^^^^^^^^^^^^^^^^^^^^^^^^^^^^^^^^^^^^^^^^^^^^
  File "C:\inetpub\wwwroot\e-randevu\dental_management_system\venv\Lib\site-packages\django\views\debug.py", line 69, in technical_500_response
    html = reporter.get_traceback_html()
           ^^^^^^^^^^^^^^^^^^^^^^^^^^^^^
  File "C:\inetpub\wwwroot\e-randevu\dental_management_system\venv\Lib\site-packages\django\views\debug.py", line 428, in get_traceback_html
    c = Context(self.get_traceback_data(), use_l10n=False)
                ^^^^^^^^^^^^^^^^^^^^^^^^^
  File "C:\inetpub\wwwroot\e-randevu\dental_management_system\venv\Lib\site-packages\django\views\debug.py", line 411, in get_traceback_data
    c["raising_view_name"] = get_caller(self.request)
                             ^^^^^^^^^^^^^^^^^^^^^^^^
  File "C:\inetpub\wwwroot\e-randevu\dental_management_system\venv\Lib\site-packages\django\views\debug.py", line 102, in get_caller
    resolver_match = resolve(request.path)
                     ^^^^^^^^^^^^^^^^^^^^^
  File "C:\inetpub\wwwroot\e-randevu\dental_management_system\venv\Lib\site-packages\django\urls\base.py", line 24, in resolve
    return get_resolver(urlconf).resolve(path)
           ^^^^^^^^^^^^^^^^^^^^^^^^^^^^^^^^^^^
  File "C:\inetpub\wwwroot\e-randevu\dental_management_system\venv\Lib\site-packages\django\urls\resolvers.py", line 686, in resolve
    for pattern in self.url_patterns:
                   ^^^^^^^^^^^^^^^^^
  File "C:\inetpub\wwwroot\e-randevu\dental_management_system\venv\Lib\site-packages\django\utils\functional.py", line 47, in __get__
    res = instance.__dict__[self.name] = self.func(instance)
                                         ^^^^^^^^^^^^^^^^^^^
  File "C:\inetpub\wwwroot\e-randevu\dental_management_system\venv\Lib\site-packages\django\urls\resolvers.py", line 738, in url_patterns
    patterns = getattr(self.urlconf_module, "urlpatterns", self.urlconf_module)
                       ^^^^^^^^^^^^^^^^^^^
  File "C:\inetpub\wwwroot\e-randevu\dental_management_system\venv\Lib\site-packages\django\utils\functional.py", line 47, in __get__
    res = instance.__dict__[self.name] = self.func(instance)
                                         ^^^^^^^^^^^^^^^^^^^
  File "C:\inetpub\wwwroot\e-randevu\dental_management_system\venv\Lib\site-packages\django\urls\resolvers.py", line 731, in urlconf_module
    return import_module(self.urlconf_name)
           ^^^^^^^^^^^^^^^^^^^^^^^^^^^^^^^^
  File "C:\Users\Administrator\AppData\Local\Programs\Python\Python311\Lib\importlib\__init__.py", line 126, in import_module
    return _bootstrap._gcd_import(name[level:], package, level)
           ^^^^^^^^^^^^^^^^^^^^^^^^^^^^^^^^^^^^^^^^^^^^^^^^^^^^
  File "<frozen importlib._bootstrap>", line 1206, in _gcd_import
  File "<frozen importlib._bootstrap>", line 1178, in _find_and_load
  File "<frozen importlib._bootstrap>", line 1149, in _find_and_load_unlocked
  File "<frozen importlib._bootstrap>", line 690, in _load_unlocked
  File "<frozen importlib._bootstrap_external>", line 940, in exec_module
  File "<frozen importlib._bootstrap>", line 241, in _call_with_frames_removed
  File "C:\inetpub\wwwroot\e-randevu\dental_management_system\dental\panel_urls.py", line 14, in <module>
    from tenants.odeme_views import abonelik_planlar, abonelik_odeme, abonelik_basarili
  File "C:\inetpub\wwwroot\e-randevu\dental_management_system\tenants\odeme_views.py", line 9, in <module>
    from tenants.iyzico import PLANS, odeme_baslat
  File "C:\inetpub\wwwroot\e-randevu\dental_management_system\tenants\iyzico.py", line 10, in <module>
    import requests
ModuleNotFoundError: No module named 'requests'

During handling of the above exception, another exception occurred:

Traceback (most recent call last):
  File "C:\inetpub\wwwroot\e-randevu\dental_management_system\venv\Lib\site-packages\django\core\handlers\exception.py", line 55, in inner
    response = get_response(request)
               ^^^^^^^^^^^^^^^^^^^^^
  File "C:\inetpub\wwwroot\e-randevu\dental_management_system\venv\Lib\site-packages\django\utils\deprecation.py", line 134, in __call__
    response = response or self.get_response(request)
                           ^^^^^^^^^^^^^^^^^^^^^^^^^^
  File "C:\inetpub\wwwroot\e-randevu\dental_management_system\venv\Lib\site-packages\django\core\handlers\exception.py", line 57, in inner
    response = response_for_exception(request, exc)
               ^^^^^^^^^^^^^^^^^^^^^^^^^^^^^^^^^^^^
  File "C:\inetpub\wwwroot\e-randevu\dental_management_system\venv\Lib\site-packages\django\core\handlers\exception.py", line 140, in response_for_exception
    response = handle_uncaught_exception(
               ^^^^^^^^^^^^^^^^^^^^^^^^^^
  File "C:\inetpub\wwwroot\e-randevu\dental_management_system\venv\Lib\site-packages\django\core\handlers\exception.py", line 181, in handle_uncaught_exception
    return debug.technical_500_response(request, *exc_info)
           ^^^^^^^^^^^^^^^^^^^^^^^^^^^^^^^^^^^^^^^^^^^^^^^^
  File "C:\inetpub\wwwroot\e-randevu\dental_management_system\venv\Lib\site-packages\django\views\debug.py", line 69, in technical_500_response
    html = reporter.get_traceback_html()
           ^^^^^^^^^^^^^^^^^^^^^^^^^^^^^
  File "C:\inetpub\wwwroot\e-randevu\dental_management_system\venv\Lib\site-packages\django\views\debug.py", line 428, in get_traceback_html
    c = Context(self.get_traceback_data(), use_l10n=False)
                ^^^^^^^^^^^^^^^^^^^^^^^^^
  File "C:\inetpub\wwwroot\e-randevu\dental_management_system\venv\Lib\site-packages\django\views\debug.py", line 411, in get_traceback_data
    c["raising_view_name"] = get_caller(self.request)
                             ^^^^^^^^^^^^^^^^^^^^^^^^
  File "C:\inetpub\wwwroot\e-randevu\dental_management_system\venv\Lib\site-packages\django\views\debug.py", line 102, in get_caller
    resolver_match = resolve(request.path)
                     ^^^^^^^^^^^^^^^^^^^^^
  File "C:\inetpub\wwwroot\e-randevu\dental_management_system\venv\Lib\site-packages\django\urls\base.py", line 24, in resolve
    return get_resolver(urlconf).resolve(path)
           ^^^^^^^^^^^^^^^^^^^^^^^^^^^^^^^^^^^
  File "C:\inetpub\wwwroot\e-randevu\dental_management_system\venv\Lib\site-packages\django\urls\resolvers.py", line 686, in resolve
    for pattern in self.url_patterns:
                   ^^^^^^^^^^^^^^^^^
  File "C:\inetpub\wwwroot\e-randevu\dental_management_system\venv\Lib\site-packages\django\utils\functional.py", line 47, in __get__
    res = instance.__dict__[self.name] = self.func(instance)
                                         ^^^^^^^^^^^^^^^^^^^
  File "C:\inetpub\wwwroot\e-randevu\dental_management_system\venv\Lib\site-packages\django\urls\resolvers.py", line 738, in url_patterns
    patterns = getattr(self.urlconf_module, "urlpatterns", self.urlconf_module)
                       ^^^^^^^^^^^^^^^^^^^
  File "C:\inetpub\wwwroot\e-randevu\dental_management_system\venv\Lib\site-packages\django\utils\functional.py", line 47, in __get__
    res = instance.__dict__[self.name] = self.func(instance)
                                         ^^^^^^^^^^^^^^^^^^^
  File "C:\inetpub\wwwroot\e-randevu\dental_management_system\venv\Lib\site-packages\django\urls\resolvers.py", line 731, in urlconf_module
    return import_module(self.urlconf_name)
           ^^^^^^^^^^^^^^^^^^^^^^^^^^^^^^^^
  File "C:\Users\Administrator\AppData\Local\Programs\Python\Python311\Lib\importlib\__init__.py", line 126, in import_module
    return _bootstrap._gcd_import(name[level:], package, level)
           ^^^^^^^^^^^^^^^^^^^^^^^^^^^^^^^^^^^^^^^^^^^^^^^^^^^^
  File "<frozen importlib._bootstrap>", line 1206, in _gcd_import
  File "<frozen importlib._bootstrap>", line 1178, in _find_and_load
  File "<frozen importlib._bootstrap>", line 1149, in _find_and_load_unlocked
  File "<frozen importlib._bootstrap>", line 690, in _load_unlocked
  File "<frozen importlib._bootstrap_external>", line 940, in exec_module
  File "<frozen importlib._bootstrap>", line 241, in _call_with_frames_removed
  File "C:\inetpub\wwwroot\e-randevu\dental_management_system\dental\panel_urls.py", line 14, in <module>
    from tenants.odeme_views import abonelik_planlar, abonelik_odeme, abonelik_basarili
  File "C:\inetpub\wwwroot\e-randevu\dental_management_system\tenants\odeme_views.py", line 9, in <module>
    from tenants.iyzico import PLANS, odeme_baslat
  File "C:\inetpub\wwwroot\e-randevu\dental_management_system\tenants\iyzico.py", line 10, in <module>
    import requests
ModuleNotFoundError: No module named 'requests'

During handling of the above exception, another exception occurred:

Traceback (most recent call last):
  File "C:\inetpub\wwwroot\e-randevu\dental_management_system\venv\Lib\site-packages\django\core\handlers\exception.py", line 55, in inner
    response = get_response(request)
               ^^^^^^^^^^^^^^^^^^^^^
  File "C:\inetpub\wwwroot\e-randevu\dental_management_system\venv\Lib\site-packages\django\utils\deprecation.py", line 134, in __call__
    response = response or self.get_response(request)
                           ^^^^^^^^^^^^^^^^^^^^^^^^^^
  File "C:\inetpub\wwwroot\e-randevu\dental_management_system\venv\Lib\site-packages\django\core\handlers\exception.py", line 57, in inner
    response = response_for_exception(request, exc)
               ^^^^^^^^^^^^^^^^^^^^^^^^^^^^^^^^^^^^
  File "C:\inetpub\wwwroot\e-randevu\dental_management_system\venv\Lib\site-packages\django\core\handlers\exception.py", line 140, in response_for_exception
    response = handle_uncaught_exception(
               ^^^^^^^^^^^^^^^^^^^^^^^^^^
  File "C:\inetpub\wwwroot\e-randevu\dental_management_system\venv\Lib\site-packages\django\core\handlers\exception.py", line 181, in handle_uncaught_exception
    return debug.technical_500_response(request, *exc_info)
           ^^^^^^^^^^^^^^^^^^^^^^^^^^^^^^^^^^^^^^^^^^^^^^^^
  File "C:\inetpub\wwwroot\e-randevu\dental_management_system\venv\Lib\site-packages\django\views\debug.py", line 69, in technical_500_response
    html = reporter.get_traceback_html()
           ^^^^^^^^^^^^^^^^^^^^^^^^^^^^^
  File "C:\inetpub\wwwroot\e-randevu\dental_management_system\venv\Lib\site-packages\django\views\debug.py", line 428, in get_traceback_html
    c = Context(self.get_traceback_data(), use_l10n=False)
                ^^^^^^^^^^^^^^^^^^^^^^^^^
  File "C:\inetpub\wwwroot\e-randevu\dental_management_system\venv\Lib\site-packages\django\views\debug.py", line 411, in get_traceback_data
    c["raising_view_name"] = get_caller(self.request)
                             ^^^^^^^^^^^^^^^^^^^^^^^^
  File "C:\inetpub\wwwroot\e-randevu\dental_management_system\venv\Lib\site-packages\django\views\debug.py", line 102, in get_caller
    resolver_match = resolve(request.path)
                     ^^^^^^^^^^^^^^^^^^^^^
  File "C:\inetpub\wwwroot\e-randevu\dental_management_system\venv\Lib\site-packages\django\urls\base.py", line 24, in resolve
    return get_resolver(urlconf).resolve(path)
           ^^^^^^^^^^^^^^^^^^^^^^^^^^^^^^^^^^^
  File "C:\inetpub\wwwroot\e-randevu\dental_management_system\venv\Lib\site-packages\django\urls\resolvers.py", line 686, in resolve
    for pattern in self.url_patterns:
                   ^^^^^^^^^^^^^^^^^
  File "C:\inetpub\wwwroot\e-randevu\dental_management_system\venv\Lib\site-packages\django\utils\functional.py", line 47, in __get__
    res = instance.__dict__[self.name] = self.func(instance)
                                         ^^^^^^^^^^^^^^^^^^^
  File "C:\inetpub\wwwroot\e-randevu\dental_management_system\venv\Lib\site-packages\django\urls\resolvers.py", line 738, in url_patterns
    patterns = getattr(self.urlconf_module, "urlpatterns", self.urlconf_module)
                       ^^^^^^^^^^^^^^^^^^^
  File "C:\inetpub\wwwroot\e-randevu\dental_management_system\venv\Lib\site-packages\django\utils\functional.py", line 47, in __get__
    res = instance.__dict__[self.name] = self.func(instance)
                                         ^^^^^^^^^^^^^^^^^^^
  File "C:\inetpub\wwwroot\e-randevu\dental_management_system\venv\Lib\site-packages\django\urls\resolvers.py", line 731, in urlconf_module
    return import_module(self.urlconf_name)
           ^^^^^^^^^^^^^^^^^^^^^^^^^^^^^^^^
  File "C:\Users\Administrator\AppData\Local\Programs\Python\Python311\Lib\importlib\__init__.py", line 126, in import_module
    return _bootstrap._gcd_import(name[level:], package, level)
           ^^^^^^^^^^^^^^^^^^^^^^^^^^^^^^^^^^^^^^^^^^^^^^^^^^^^
  File "<frozen importlib._bootstrap>", line 1206, in _gcd_import
  File "<frozen importlib._bootstrap>", line 1178, in _find_and_load
  File "<frozen importlib._bootstrap>", line 1149, in _find_and_load_unlocked
  File "<frozen importlib._bootstrap>", line 690, in _load_unlocked
  File "<frozen importlib._bootstrap_external>", line 940, in exec_module
  File "<frozen importlib._bootstrap>", line 241, in _call_with_frames_removed
  File "C:\inetpub\wwwroot\e-randevu\dental_management_system\dental\panel_urls.py", line 14, in <module>
    from tenants.odeme_views import abonelik_planlar, abonelik_odeme, abonelik_basarili
  File "C:\inetpub\wwwroot\e-randevu\dental_management_system\tenants\odeme_views.py", line 9, in <module>
    from tenants.iyzico import PLANS, odeme_baslat
  File "C:\inetpub\wwwroot\e-randevu\dental_management_system\tenants\iyzico.py", line 10, in <module>
    import requests
ModuleNotFoundError: No module named 'requests'

During handling of the above exception, another exception occurred:

Traceback (most recent call last):
  File "C:\inetpub\wwwroot\e-randevu\dental_management_system\venv\Lib\site-packages\django\core\handlers\exception.py", line 55, in inner
    response = get_response(request)
               ^^^^^^^^^^^^^^^^^^^^^
  File "C:\inetpub\wwwroot\e-randevu\dental_management_system\venv\Lib\site-packages\django\utils\deprecation.py", line 134, in __call__
    response = response or self.get_response(request)
                           ^^^^^^^^^^^^^^^^^^^^^^^^^^
  File "C:\inetpub\wwwroot\e-randevu\dental_management_system\venv\Lib\site-packages\django\core\handlers\exception.py", line 57, in inner
    response = response_for_exception(request, exc)
               ^^^^^^^^^^^^^^^^^^^^^^^^^^^^^^^^^^^^
  File "C:\inetpub\wwwroot\e-randevu\dental_management_system\venv\Lib\site-packages\django\core\handlers\exception.py", line 140, in response_for_exception
    response = handle_uncaught_exception(
               ^^^^^^^^^^^^^^^^^^^^^^^^^^
  File "C:\inetpub\wwwroot\e-randevu\dental_management_system\venv\Lib\site-packages\django\core\handlers\exception.py", line 181, in handle_uncaught_exception
    return debug.technical_500_response(request, *exc_info)
           ^^^^^^^^^^^^^^^^^^^^^^^^^^^^^^^^^^^^^^^^^^^^^^^^
  File "C:\inetpub\wwwroot\e-randevu\dental_management_system\venv\Lib\site-packages\django\views\debug.py", line 69, in technical_500_response
    html = reporter.get_traceback_html()
           ^^^^^^^^^^^^^^^^^^^^^^^^^^^^^
  File "C:\inetpub\wwwroot\e-randevu\dental_management_system\venv\Lib\site-packages\django\views\debug.py", line 428, in get_traceback_html
    c = Context(self.get_traceback_data(), use_l10n=False)
                ^^^^^^^^^^^^^^^^^^^^^^^^^
  File "C:\inetpub\wwwroot\e-randevu\dental_management_system\venv\Lib\site-packages\django\views\debug.py", line 411, in get_traceback_data
    c["raising_view_name"] = get_caller(self.request)
                             ^^^^^^^^^^^^^^^^^^^^^^^^
  File "C:\inetpub\wwwroot\e-randevu\dental_management_system\venv\Lib\site-packages\django\views\debug.py", line 102, in get_caller
    resolver_match = resolve(request.path)
                     ^^^^^^^^^^^^^^^^^^^^^
  File "C:\inetpub\wwwroot\e-randevu\dental_management_system\venv\Lib\site-packages\django\urls\base.py", line 24, in resolve
    return get_resolver(urlconf).resolve(path)
           ^^^^^^^^^^^^^^^^^^^^^^^^^^^^^^^^^^^
  File "C:\inetpub\wwwroot\e-randevu\dental_management_system\venv\Lib\site-packages\django\urls\resolvers.py", line 686, in resolve
    for pattern in self.url_patterns:
                   ^^^^^^^^^^^^^^^^^
  File "C:\inetpub\wwwroot\e-randevu\dental_management_system\venv\Lib\site-packages\django\utils\functional.py", line 47, in __get__
    res = instance.__dict__[self.name] = self.func(instance)
                                         ^^^^^^^^^^^^^^^^^^^
  File "C:\inetpub\wwwroot\e-randevu\dental_management_system\venv\Lib\site-packages\django\urls\resolvers.py", line 738, in url_patterns
    patterns = getattr(self.urlconf_module, "urlpatterns", self.urlconf_module)
                       ^^^^^^^^^^^^^^^^^^^
  File "C:\inetpub\wwwroot\e-randevu\dental_management_system\venv\Lib\site-packages\django\utils\functional.py", line 47, in __get__
    res = instance.__dict__[self.name] = self.func(instance)
                                         ^^^^^^^^^^^^^^^^^^^
  File "C:\inetpub\wwwroot\e-randevu\dental_management_system\venv\Lib\site-packages\django\urls\resolvers.py", line 731, in urlconf_module
    return import_module(self.urlconf_name)
           ^^^^^^^^^^^^^^^^^^^^^^^^^^^^^^^^
  File "C:\Users\Administrator\AppData\Local\Programs\Python\Python311\Lib\importlib\__init__.py", line 126, in import_module
    return _bootstrap._gcd_import(name[level:], package, level)
           ^^^^^^^^^^^^^^^^^^^^^^^^^^^^^^^^^^^^^^^^^^^^^^^^^^^^
  File "<frozen importlib._bootstrap>", line 1206, in _gcd_import
  File "<frozen importlib._bootstrap>", line 1178, in _find_and_load
  File "<frozen importlib._bootstrap>", line 1149, in _find_and_load_unlocked
  File "<frozen importlib._bootstrap>", line 690, in _load_unlocked
  File "<frozen importlib._bootstrap_external>", line 940, in exec_module
  File "<frozen importlib._bootstrap>", line 241, in _call_with_frames_removed
  File "C:\inetpub\wwwroot\e-randevu\dental_management_system\dental\panel_urls.py", line 14, in <module>
    from tenants.odeme_views import abonelik_planlar, abonelik_odeme, abonelik_basarili
  File "C:\inetpub\wwwroot\e-randevu\dental_management_system\tenants\odeme_views.py", line 9, in <module>
    from tenants.iyzico import PLANS, odeme_baslat
  File "C:\inetpub\wwwroot\e-randevu\dental_management_system\tenants\iyzico.py", line 10, in <module>
    import requests
ModuleNotFoundError: No module named 'requests'

During handling of the above exception, another exception occurred:

Traceback (most recent call last):
  File "C:\inetpub\wwwroot\e-randevu\dental_management_system\venv\Lib\site-packages\django\core\handlers\exception.py", line 55, in inner
    response = get_response(request)
               ^^^^^^^^^^^^^^^^^^^^^
  File "C:\inetpub\wwwroot\e-randevu\dental_management_system\venv\Lib\site-packages\django\utils\deprecation.py", line 134, in __call__
    response = response or self.get_response(request)
                           ^^^^^^^^^^^^^^^^^^^^^^^^^^
  File "C:\inetpub\wwwroot\e-randevu\dental_management_system\venv\Lib\site-packages\django\core\handlers\exception.py", line 57, in inner
    response = response_for_exception(request, exc)
               ^^^^^^^^^^^^^^^^^^^^^^^^^^^^^^^^^^^^
  File "C:\inetpub\wwwroot\e-randevu\dental_management_system\venv\Lib\site-packages\django\core\handlers\exception.py", line 140, in response_for_exception
    response = handle_uncaught_exception(
               ^^^^^^^^^^^^^^^^^^^^^^^^^^
  File "C:\inetpub\wwwroot\e-randevu\dental_management_system\venv\Lib\site-packages\django\core\handlers\exception.py", line 181, in handle_uncaught_exception
    return debug.technical_500_response(request, *exc_info)
           ^^^^^^^^^^^^^^^^^^^^^^^^^^^^^^^^^^^^^^^^^^^^^^^^
  File "C:\inetpub\wwwroot\e-randevu\dental_management_system\venv\Lib\site-packages\django\views\debug.py", line 69, in technical_500_response
    html = reporter.get_traceback_html()
           ^^^^^^^^^^^^^^^^^^^^^^^^^^^^^
  File "C:\inetpub\wwwroot\e-randevu\dental_management_system\venv\Lib\site-packages\django\views\debug.py", line 428, in get_traceback_html
    c = Context(self.get_traceback_data(), use_l10n=False)
                ^^^^^^^^^^^^^^^^^^^^^^^^^
  File "C:\inetpub\wwwroot\e-randevu\dental_management_system\venv\Lib\site-packages\django\views\debug.py", line 411, in get_traceback_data
    c["raising_view_name"] = get_caller(self.request)
                             ^^^^^^^^^^^^^^^^^^^^^^^^
  File "C:\inetpub\wwwroot\e-randevu\dental_management_system\venv\Lib\site-packages\django\views\debug.py", line 102, in get_caller
    resolver_match = resolve(request.path)
                     ^^^^^^^^^^^^^^^^^^^^^
  File "C:\inetpub\wwwroot\e-randevu\dental_management_system\venv\Lib\site-packages\django\urls\base.py", line 24, in resolve
    return get_resolver(urlconf).resolve(path)
           ^^^^^^^^^^^^^^^^^^^^^^^^^^^^^^^^^^^
  File "C:\inetpub\wwwroot\e-randevu\dental_management_system\venv\Lib\site-packages\django\urls\resolvers.py", line 686, in resolve
    for pattern in self.url_patterns:
                   ^^^^^^^^^^^^^^^^^
  File "C:\inetpub\wwwroot\e-randevu\dental_management_system\venv\Lib\site-packages\django\utils\functional.py", line 47, in __get__
    res = instance.__dict__[self.name] = self.func(instance)
                                         ^^^^^^^^^^^^^^^^^^^
  File "C:\inetpub\wwwroot\e-randevu\dental_management_system\venv\Lib\site-packages\django\urls\resolvers.py", line 738, in url_patterns
    patterns = getattr(self.urlconf_module, "urlpatterns", self.urlconf_module)
                       ^^^^^^^^^^^^^^^^^^^
  File "C:\inetpub\wwwroot\e-randevu\dental_management_system\venv\Lib\site-packages\django\utils\functional.py", line 47, in __get__
    res = instance.__dict__[self.name] = self.func(instance)
                                         ^^^^^^^^^^^^^^^^^^^
  File "C:\inetpub\wwwroot\e-randevu\dental_management_system\venv\Lib\site-packages\django\urls\resolvers.py", line 731, in urlconf_module
    return import_module(self.urlconf_name)
           ^^^^^^^^^^^^^^^^^^^^^^^^^^^^^^^^
  File "C:\Users\Administrator\AppData\Local\Programs\Python\Python311\Lib\importlib\__init__.py", line 126, in import_module
    return _bootstrap._gcd_import(name[level:], package, level)
           ^^^^^^^^^^^^^^^^^^^^^^^^^^^^^^^^^^^^^^^^^^^^^^^^^^^^
  File "<frozen importlib._bootstrap>", line 1206, in _gcd_import
  File "<frozen importlib._bootstrap>", line 1178, in _find_and_load
  File "<frozen importlib._bootstrap>", line 1149, in _find_and_load_unlocked
  File "<frozen importlib._bootstrap>", line 690, in _load_unlocked
  File "<frozen importlib._bootstrap_external>", line 940, in exec_module
  File "<frozen importlib._bootstrap>", line 241, in _call_with_frames_removed
  File "C:\inetpub\wwwroot\e-randevu\dental_management_system\dental\panel_urls.py", line 14, in <module>
    from tenants.odeme_views import abonelik_planlar, abonelik_odeme, abonelik_basarili
  File "C:\inetpub\wwwroot\e-randevu\dental_management_system\tenants\odeme_views.py", line 9, in <module>
    from tenants.iyzico import PLANS, odeme_baslat
  File "C:\inetpub\wwwroot\e-randevu\dental_management_system\tenants\iyzico.py", line 10, in <module>
    import requests
ModuleNotFoundError: No module named 'requests'

During handling of the above exception, another exception occurred:

Traceback (most recent call last):
  File "C:\inetpub\wwwroot\e-randevu\dental_management_system\venv\Lib\site-packages\django\core\handlers\exception.py", line 55, in inner
    response = get_response(request)
               ^^^^^^^^^^^^^^^^^^^^^
  File "C:\inetpub\wwwroot\e-randevu\dental_management_system\dental\middleware.py", line 66, in __call__
    return self.get_response(request)
           ^^^^^^^^^^^^^^^^^^^^^^^^^^
  File "C:\inetpub\wwwroot\e-randevu\dental_management_system\venv\Lib\site-packages\django\core\handlers\exception.py", line 57, in inner
    response = response_for_exception(request, exc)
               ^^^^^^^^^^^^^^^^^^^^^^^^^^^^^^^^^^^^
  File "C:\inetpub\wwwroot\e-randevu\dental_management_system\venv\Lib\site-packages\django\core\handlers\exception.py", line 140, in response_for_exception
    response = handle_uncaught_exception(
               ^^^^^^^^^^^^^^^^^^^^^^^^^^
  File "C:\inetpub\wwwroot\e-randevu\dental_management_system\venv\Lib\site-packages\django\core\handlers\exception.py", line 181, in handle_uncaught_exception
    return debug.technical_500_response(request, *exc_info)
           ^^^^^^^^^^^^^^^^^^^^^^^^^^^^^^^^^^^^^^^^^^^^^^^^
  File "C:\inetpub\wwwroot\e-randevu\dental_management_system\venv\Lib\site-packages\django\views\debug.py", line 69, in technical_500_response
    html = reporter.get_traceback_html()
           ^^^^^^^^^^^^^^^^^^^^^^^^^^^^^
  File "C:\inetpub\wwwroot\e-randevu\dental_management_system\venv\Lib\site-packages\django\views\debug.py", line 428, in get_traceback_html
    c = Context(self.get_traceback_data(), use_l10n=False)
                ^^^^^^^^^^^^^^^^^^^^^^^^^
  File "C:\inetpub\wwwroot\e-randevu\dental_management_system\venv\Lib\site-packages\django\views\debug.py", line 411, in get_traceback_data
    c["raising_view_name"] = get_caller(self.request)
                             ^^^^^^^^^^^^^^^^^^^^^^^^
  File "C:\inetpub\wwwroot\e-randevu\dental_management_system\venv\Lib\site-packages\django\views\debug.py", line 102, in get_caller
    resolver_match = resolve(request.path)
                     ^^^^^^^^^^^^^^^^^^^^^
  File "C:\inetpub\wwwroot\e-randevu\dental_management_system\venv\Lib\site-packages\django\urls\base.py", line 24, in resolve
    return get_resolver(urlconf).resolve(path)
           ^^^^^^^^^^^^^^^^^^^^^^^^^^^^^^^^^^^
  File "C:\inetpub\wwwroot\e-randevu\dental_management_system\venv\Lib\site-packages\django\urls\resolvers.py", line 686, in resolve
    for pattern in self.url_patterns:
                   ^^^^^^^^^^^^^^^^^
  File "C:\inetpub\wwwroot\e-randevu\dental_management_system\venv\Lib\site-packages\django\utils\functional.py", line 47, in __get__
    res = instance.__dict__[self.name] = self.func(instance)
                                         ^^^^^^^^^^^^^^^^^^^
  File "C:\inetpub\wwwroot\e-randevu\dental_management_system\venv\Lib\site-packages\django\urls\resolvers.py", line 738, in url_patterns
    patterns = getattr(self.urlconf_module, "urlpatterns", self.urlconf_module)
                       ^^^^^^^^^^^^^^^^^^^
  File "C:\inetpub\wwwroot\e-randevu\dental_management_system\venv\Lib\site-packages\django\utils\functional.py", line 47, in __get__
    res = instance.__dict__[self.name] = self.func(instance)
                                         ^^^^^^^^^^^^^^^^^^^
  File "C:\inetpub\wwwroot\e-randevu\dental_management_system\venv\Lib\site-packages\django\urls\resolvers.py", line 731, in urlconf_module
    return import_module(self.urlconf_name)
           ^^^^^^^^^^^^^^^^^^^^^^^^^^^^^^^^
  File "C:\Users\Administrator\AppData\Local\Programs\Python\Python311\Lib\importlib\__init__.py", line 126, in import_module
    return _bootstrap._gcd_import(name[level:], package, level)
           ^^^^^^^^^^^^^^^^^^^^^^^^^^^^^^^^^^^^^^^^^^^^^^^^^^^^
  File "<frozen importlib._bootstrap>", line 1206, in _gcd_import
  File "<frozen importlib._bootstrap>", line 1178, in _find_and_load
  File "<frozen importlib._bootstrap>", line 1149, in _find_and_load_unlocked
  File "<frozen importlib._bootstrap>", line 690, in _load_unlocked
  File "<frozen importlib._bootstrap_external>", line 940, in exec_module
  File "<frozen importlib._bootstrap>", line 241, in _call_with_frames_removed
  File "C:\inetpub\wwwroot\e-randevu\dental_management_system\dental\panel_urls.py", line 14, in <module>
    from tenants.odeme_views import abonelik_planlar, abonelik_odeme, abonelik_basarili
  File "C:\inetpub\wwwroot\e-randevu\dental_management_system\tenants\odeme_views.py", line 9, in <module>
    from tenants.iyzico import PLANS, odeme_baslat
  File "C:\inetpub\wwwroot\e-randevu\dental_management_system\tenants\iyzico.py", line 10, in <module>
    import requests
ModuleNotFoundError: No module named 'requests'

During handling of the above exception, another exception occurred:

Traceback (most recent call last):
  File "C:\inetpub\wwwroot\e-randevu\dental_management_system\venv\Lib\site-packages\django\core\handlers\exception.py", line 55, in inner
    response = get_response(request)
               ^^^^^^^^^^^^^^^^^^^^^
  File "C:\inetpub\wwwroot\e-randevu\dental_management_system\dental\middleware.py", line 47, in __call__
    response = self.get_response(request)
               ^^^^^^^^^^^^^^^^^^^^^^^^^^
  File "C:\inetpub\wwwroot\e-randevu\dental_management_system\venv\Lib\site-packages\django\core\handlers\exception.py", line 57, in inner
    response = response_for_exception(request, exc)
               ^^^^^^^^^^^^^^^^^^^^^^^^^^^^^^^^^^^^
  File "C:\inetpub\wwwroot\e-randevu\dental_management_system\venv\Lib\site-packages\django\core\handlers\exception.py", line 140, in response_for_exception
    response = handle_uncaught_exception(
               ^^^^^^^^^^^^^^^^^^^^^^^^^^
  File "C:\inetpub\wwwroot\e-randevu\dental_management_system\venv\Lib\site-packages\django\core\handlers\exception.py", line 181, in handle_uncaught_exception
    return debug.technical_500_response(request, *exc_info)
           ^^^^^^^^^^^^^^^^^^^^^^^^^^^^^^^^^^^^^^^^^^^^^^^^
  File "C:\inetpub\wwwroot\e-randevu\dental_management_system\venv\Lib\site-packages\django\views\debug.py", line 69, in technical_500_response
    html = reporter.get_traceback_html()
           ^^^^^^^^^^^^^^^^^^^^^^^^^^^^^
  File "C:\inetpub\wwwroot\e-randevu\dental_management_system\venv\Lib\site-packages\django\views\debug.py", line 428, in get_traceback_html
    c = Context(self.get_traceback_data(), use_l10n=False)
                ^^^^^^^^^^^^^^^^^^^^^^^^^
  File "C:\inetpub\wwwroot\e-randevu\dental_management_system\venv\Lib\site-packages\django\views\debug.py", line 411, in get_traceback_data
    c["raising_view_name"] = get_caller(self.request)
                             ^^^^^^^^^^^^^^^^^^^^^^^^
  File "C:\inetpub\wwwroot\e-randevu\dental_management_system\venv\Lib\site-packages\django\views\debug.py", line 102, in get_caller
    resolver_match = resolve(request.path)
                     ^^^^^^^^^^^^^^^^^^^^^
  File "C:\inetpub\wwwroot\e-randevu\dental_management_system\venv\Lib\site-packages\django\urls\base.py", line 24, in resolve
    return get_resolver(urlconf).resolve(path)
           ^^^^^^^^^^^^^^^^^^^^^^^^^^^^^^^^^^^
  File "C:\inetpub\wwwroot\e-randevu\dental_management_system\venv\Lib\site-packages\django\urls\resolvers.py", line 686, in resolve
    for pattern in self.url_patterns:
                   ^^^^^^^^^^^^^^^^^
  File "C:\inetpub\wwwroot\e-randevu\dental_management_system\venv\Lib\site-packages\django\utils\functional.py", line 47, in __get__
    res = instance.__dict__[self.name] = self.func(instance)
                                         ^^^^^^^^^^^^^^^^^^^
  File "C:\inetpub\wwwroot\e-randevu\dental_management_system\venv\Lib\site-packages\django\urls\resolvers.py", line 738, in url_patterns
    patterns = getattr(self.urlconf_module, "urlpatterns", self.urlconf_module)
                       ^^^^^^^^^^^^^^^^^^^
  File "C:\inetpub\wwwroot\e-randevu\dental_management_system\venv\Lib\site-packages\django\utils\functional.py", line 47, in __get__
    res = instance.__dict__[self.name] = self.func(instance)
                                         ^^^^^^^^^^^^^^^^^^^
  File "C:\inetpub\wwwroot\e-randevu\dental_management_system\venv\Lib\site-packages\django\urls\resolvers.py", line 731, in urlconf_module
    return import_module(self.urlconf_name)
           ^^^^^^^^^^^^^^^^^^^^^^^^^^^^^^^^
  File "C:\Users\Administrator\AppData\Local\Programs\Python\Python311\Lib\importlib\__init__.py", line 126, in import_module
    return _bootstrap._gcd_import(name[level:], package, level)
           ^^^^^^^^^^^^^^^^^^^^^^^^^^^^^^^^^^^^^^^^^^^^^^^^^^^^
  File "<frozen importlib._bootstrap>", line 1206, in _gcd_import
  File "<frozen importlib._bootstrap>", line 1178, in _find_and_load
  File "<frozen importlib._bootstrap>", line 1149, in _find_and_load_unlocked
  File "<frozen importlib._bootstrap>", line 690, in _load_unlocked
  File "<frozen importlib._bootstrap_external>", line 940, in exec_module
  File "<frozen importlib._bootstrap>", line 241, in _call_with_frames_removed
  File "C:\inetpub\wwwroot\e-randevu\dental_management_system\dental\panel_urls.py", line 14, in <module>
    from tenants.odeme_views import abonelik_planlar, abonelik_odeme, abonelik_basarili
  File "C:\inetpub\wwwroot\e-randevu\dental_management_system\tenants\odeme_views.py", line 9, in <module>
    from tenants.iyzico import PLANS, odeme_baslat
  File "C:\inetpub\wwwroot\e-randevu\dental_management_system\tenants\iyzico.py", line 10, in <module>
    import requests
ModuleNotFoundError: No module named 'requests'

During handling of the above exception, another exception occurred:

Traceback (most recent call last):
  File "C:\Users\Administrator\AppData\Local\Programs\Python\Python311\Lib\wsgiref\handlers.py", line 137, in run
    self.result = application(self.environ, self.start_response)
                  ^^^^^^^^^^^^^^^^^^^^^^^^^^^^^^^^^^^^^^^^^^^^^^
  File "C:\inetpub\wwwroot\e-randevu\dental_management_system\venv\Lib\site-packages\django\contrib\staticfiles\handlers.py", line 80, in __call__
    return self.application(environ, start_response)
           ^^^^^^^^^^^^^^^^^^^^^^^^^^^^^^^^^^^^^^^^^
  File "C:\inetpub\wwwroot\e-randevu\dental_management_system\venv\Lib\site-packages\django\core\handlers\wsgi.py", line 124, in __call__
    response = self.get_response(request)
               ^^^^^^^^^^^^^^^^^^^^^^^^^^
  File "C:\inetpub\wwwroot\e-randevu\dental_management_system\venv\Lib\site-packages\django\core\handlers\base.py", line 140, in get_response
    response = self._middleware_chain(request)
               ^^^^^^^^^^^^^^^^^^^^^^^^^^^^^^^
  File "C:\inetpub\wwwroot\e-randevu\dental_management_system\venv\Lib\site-packages\django\core\handlers\exception.py", line 57, in inner
    response = response_for_exception(request, exc)
               ^^^^^^^^^^^^^^^^^^^^^^^^^^^^^^^^^^^^
  File "C:\inetpub\wwwroot\e-randevu\dental_management_system\venv\Lib\site-packages\django\core\handlers\exception.py", line 140, in response_for_exception
    response = handle_uncaught_exception(
               ^^^^^^^^^^^^^^^^^^^^^^^^^^
  File "C:\inetpub\wwwroot\e-randevu\dental_management_system\venv\Lib\site-packages\django\core\handlers\exception.py", line 181, in handle_uncaught_exception
    return debug.technical_500_response(request, *exc_info)
           ^^^^^^^^^^^^^^^^^^^^^^^^^^^^^^^^^^^^^^^^^^^^^^^^
  File "C:\inetpub\wwwroot\e-randevu\dental_management_system\venv\Lib\site-packages\django\views\debug.py", line 69, in technical_500_response
    html = reporter.get_traceback_html()
           ^^^^^^^^^^^^^^^^^^^^^^^^^^^^^
  File "C:\inetpub\wwwroot\e-randevu\dental_management_system\venv\Lib\site-packages\django\views\debug.py", line 428, in get_traceback_html
    c = Context(self.get_traceback_data(), use_l10n=False)
                ^^^^^^^^^^^^^^^^^^^^^^^^^
  File "C:\inetpub\wwwroot\e-randevu\dental_management_system\venv\Lib\site-packages\django\views\debug.py", line 411, in get_traceback_data
    c["raising_view_name"] = get_caller(self.request)
                             ^^^^^^^^^^^^^^^^^^^^^^^^
  File "C:\inetpub\wwwroot\e-randevu\dental_management_system\venv\Lib\site-packages\django\views\debug.py", line 102, in get_caller
    resolver_match = resolve(request.path)
                     ^^^^^^^^^^^^^^^^^^^^^
  File "C:\inetpub\wwwroot\e-randevu\dental_management_system\venv\Lib\site-packages\django\urls\base.py", line 24, in resolve
    return get_resolver(urlconf).resolve(path)
           ^^^^^^^^^^^^^^^^^^^^^^^^^^^^^^^^^^^
  File "C:\inetpub\wwwroot\e-randevu\dental_management_system\venv\Lib\site-packages\django\urls\resolvers.py", line 686, in resolve
    for pattern in self.url_patterns:
                   ^^^^^^^^^^^^^^^^^
  File "C:\inetpub\wwwroot\e-randevu\dental_management_system\venv\Lib\site-packages\django\utils\functional.py", line 47, in __get__
    res = instance.__dict__[self.name] = self.func(instance)
                                         ^^^^^^^^^^^^^^^^^^^
  File "C:\inetpub\wwwroot\e-randevu\dental_management_system\venv\Lib\site-packages\django\urls\resolvers.py", line 738, in url_patterns
    patterns = getattr(self.urlconf_module, "urlpatterns", self.urlconf_module)
                       ^^^^^^^^^^^^^^^^^^^
  File "C:\inetpub\wwwroot\e-randevu\dental_management_system\venv\Lib\site-packages\django\utils\functional.py", line 47, in __get__
    res = instance.__dict__[self.name] = self.func(instance)
                                         ^^^^^^^^^^^^^^^^^^^
  File "C:\inetpub\wwwroot\e-randevu\dental_management_system\venv\Lib\site-packages\django\urls\resolvers.py", line 731, in urlconf_module
    return import_module(self.urlconf_name)
           ^^^^^^^^^^^^^^^^^^^^^^^^^^^^^^^^
  File "C:\Users\Administrator\AppData\Local\Programs\Python\Python311\Lib\importlib\__init__.py", line 126, in import_module
    return _bootstrap._gcd_import(name[level:], package, level)
           ^^^^^^^^^^^^^^^^^^^^^^^^^^^^^^^^^^^^^^^^^^^^^^^^^^^^
  File "<frozen importlib._bootstrap>", line 1206, in _gcd_import
  File "<frozen importlib._bootstrap>", line 1178, in _find_and_load
  File "<frozen importlib._bootstrap>", line 1149, in _find_and_load_unlocked
  File "<frozen importlib._bootstrap>", line 690, in _load_unlocked
  File "<frozen importlib._bootstrap_external>", line 940, in exec_module
  File "<frozen importlib._bootstrap>", line 241, in _call_with_frames_removed
  File "C:\inetpub\wwwroot\e-randevu\dental_management_system\dental\panel_urls.py", line 14, in <module>
    from tenants.odeme_views import abonelik_planlar, abonelik_odeme, abonelik_basarili
  File "C:\inetpub\wwwroot\e-randevu\dental_management_system\tenants\odeme_views.py", line 9, in <module>
    from tenants.iyzico import PLANS, odeme_baslat
  File "C:\inetpub\wwwroot\e-randevu\dental_management_system\tenants\iyzico.py", line 10, in <module>
    import requests
ModuleNotFoundError: No module named 'requests'
[29/Mar/2026 07:48:16] "GET /kayit/ HTTP/1.1" 500 59
Traceback (most recent call last):
  File "C:\inetpub\wwwroot\e-randevu\dental_management_system\venv\Lib\site-packages\django\core\handlers\exception.py", line 55, in inner
    response = get_response(request)
               ^^^^^^^^^^^^^^^^^^^^^
  File "C:\inetpub\wwwroot\e-randevu\dental_management_system\venv\Lib\site-packages\django\core\handlers\base.py", line 181, in _get_response
    callback, callback_args, callback_kwargs = self.resolve_request(request)
                                               ^^^^^^^^^^^^^^^^^^^^^^^^^^^^^
  File "C:\inetpub\wwwroot\e-randevu\dental_management_system\venv\Lib\site-packages\django\core\handlers\base.py", line 313, in resolve_request
    resolver_match = resolver.resolve(request.path_info)
                     ^^^^^^^^^^^^^^^^^^^^^^^^^^^^^^^^^^^
  File "C:\inetpub\wwwroot\e-randevu\dental_management_system\venv\Lib\site-packages\django\urls\resolvers.py", line 686, in resolve
    for pattern in self.url_patterns:
                   ^^^^^^^^^^^^^^^^^
  File "C:\inetpub\wwwroot\e-randevu\dental_management_system\venv\Lib\site-packages\django\utils\functional.py", line 47, in __get__
    res = instance.__dict__[self.name] = self.func(instance)
                                         ^^^^^^^^^^^^^^^^^^^
  File "C:\inetpub\wwwroot\e-randevu\dental_management_system\venv\Lib\site-packages\django\urls\resolvers.py", line 738, in url_patterns
    patterns = getattr(self.urlconf_module, "urlpatterns", self.urlconf_module)
                       ^^^^^^^^^^^^^^^^^^^
  File "C:\inetpub\wwwroot\e-randevu\dental_management_system\venv\Lib\site-packages\django\utils\functional.py", line 47, in __get__
    res = instance.__dict__[self.name] = self.func(instance)
                                         ^^^^^^^^^^^^^^^^^^^
  File "C:\inetpub\wwwroot\e-randevu\dental_management_system\venv\Lib\site-packages\django\urls\resolvers.py", line 731, in urlconf_module
    return import_module(self.urlconf_name)
           ^^^^^^^^^^^^^^^^^^^^^^^^^^^^^^^^
  File "C:\Users\Administrator\AppData\Local\Programs\Python\Python311\Lib\importlib\__init__.py", line 126, in import_module
    return _bootstrap._gcd_import(name[level:], package, level)
           ^^^^^^^^^^^^^^^^^^^^^^^^^^^^^^^^^^^^^^^^^^^^^^^^^^^^
  File "<frozen importlib._bootstrap>", line 1206, in _gcd_import
  File "<frozen importlib._bootstrap>", line 1178, in _find_and_load
  File "<frozen importlib._bootstrap>", line 1149, in _find_and_load_unlocked
  File "<frozen importlib._bootstrap>", line 690, in _load_unlocked
  File "<frozen importlib._bootstrap_external>", line 940, in exec_module
  File "<frozen importlib._bootstrap>", line 241, in _call_with_frames_removed
  File "C:\inetpub\wwwroot\e-randevu\dental_management_system\dental\panel_urls.py", line 14, in <module>
    from tenants.odeme_views import abonelik_planlar, abonelik_odeme, abonelik_basarili
  File "C:\inetpub\wwwroot\e-randevu\dental_management_system\tenants\odeme_views.py", line 9, in <module>
    from tenants.iyzico import PLANS, odeme_baslat
  File "C:\inetpub\wwwroot\e-randevu\dental_management_system\tenants\iyzico.py", line 10, in <module>
    import requests
ModuleNotFoundError: No module named 'requests'

During handling of the above exception, another exception occurred:

Traceback (most recent call last):
  File "C:\inetpub\wwwroot\e-randevu\dental_management_system\venv\Lib\site-packages\django\core\handlers\exception.py", line 55, in inner
    response = get_response(request)
               ^^^^^^^^^^^^^^^^^^^^^
  File "C:\inetpub\wwwroot\e-randevu\dental_management_system\venv\Lib\site-packages\django\utils\deprecation.py", line 134, in __call__
    response = response or self.get_response(request)
                           ^^^^^^^^^^^^^^^^^^^^^^^^^^
  File "C:\inetpub\wwwroot\e-randevu\dental_management_system\venv\Lib\site-packages\django\core\handlers\exception.py", line 57, in inner
    response = response_for_exception(request, exc)
               ^^^^^^^^^^^^^^^^^^^^^^^^^^^^^^^^^^^^
  File "C:\inetpub\wwwroot\e-randevu\dental_management_system\venv\Lib\site-packages\django\core\handlers\exception.py", line 140, in response_for_exception
    response = handle_uncaught_exception(
               ^^^^^^^^^^^^^^^^^^^^^^^^^^
  File "C:\inetpub\wwwroot\e-randevu\dental_management_system\venv\Lib\site-packages\django\core\handlers\exception.py", line 181, in handle_uncaught_exception
    return debug.technical_500_response(request, *exc_info)
           ^^^^^^^^^^^^^^^^^^^^^^^^^^^^^^^^^^^^^^^^^^^^^^^^
  File "C:\inetpub\wwwroot\e-randevu\dental_management_system\venv\Lib\site-packages\django\views\debug.py", line 69, in technical_500_response
    html = reporter.get_traceback_html()
           ^^^^^^^^^^^^^^^^^^^^^^^^^^^^^
  File "C:\inetpub\wwwroot\e-randevu\dental_management_system\venv\Lib\site-packages\django\views\debug.py", line 428, in get_traceback_html
    c = Context(self.get_traceback_data(), use_l10n=False)
                ^^^^^^^^^^^^^^^^^^^^^^^^^
  File "C:\inetpub\wwwroot\e-randevu\dental_management_system\venv\Lib\site-packages\django\views\debug.py", line 411, in get_traceback_data
    c["raising_view_name"] = get_caller(self.request)
                             ^^^^^^^^^^^^^^^^^^^^^^^^
  File "C:\inetpub\wwwroot\e-randevu\dental_management_system\venv\Lib\site-packages\django\views\debug.py", line 102, in get_caller
    resolver_match = resolve(request.path)
                     ^^^^^^^^^^^^^^^^^^^^^
  File "C:\inetpub\wwwroot\e-randevu\dental_management_system\venv\Lib\site-packages\django\urls\base.py", line 24, in resolve
    return get_resolver(urlconf).resolve(path)
           ^^^^^^^^^^^^^^^^^^^^^^^^^^^^^^^^^^^
  File "C:\inetpub\wwwroot\e-randevu\dental_management_system\venv\Lib\site-packages\django\urls\resolvers.py", line 686, in resolve
    for pattern in self.url_patterns:
                   ^^^^^^^^^^^^^^^^^
  File "C:\inetpub\wwwroot\e-randevu\dental_management_system\venv\Lib\site-packages\django\utils\functional.py", line 47, in __get__
    res = instance.__dict__[self.name] = self.func(instance)
                                         ^^^^^^^^^^^^^^^^^^^
  File "C:\inetpub\wwwroot\e-randevu\dental_management_system\venv\Lib\site-packages\django\urls\resolvers.py", line 738, in url_patterns
    patterns = getattr(self.urlconf_module, "urlpatterns", self.urlconf_module)
                       ^^^^^^^^^^^^^^^^^^^
  File "C:\inetpub\wwwroot\e-randevu\dental_management_system\venv\Lib\site-packages\django\utils\functional.py", line 47, in __get__
    res = instance.__dict__[self.name] = self.func(instance)
                                         ^^^^^^^^^^^^^^^^^^^
  File "C:\inetpub\wwwroot\e-randevu\dental_management_system\venv\Lib\site-packages\django\urls\resolvers.py", line 731, in urlconf_module
    return import_module(self.urlconf_name)
           ^^^^^^^^^^^^^^^^^^^^^^^^^^^^^^^^
  File "C:\Users\Administrator\AppData\Local\Programs\Python\Python311\Lib\importlib\__init__.py", line 126, in import_module
    return _bootstrap._gcd_import(name[level:], package, level)
           ^^^^^^^^^^^^^^^^^^^^^^^^^^^^^^^^^^^^^^^^^^^^^^^^^^^^
  File "<frozen importlib._bootstrap>", line 1206, in _gcd_import
  File "<frozen importlib._bootstrap>", line 1178, in _find_and_load
  File "<frozen importlib._bootstrap>", line 1149, in _find_and_load_unlocked
  File "<frozen importlib._bootstrap>", line 690, in _load_unlocked
  File "<frozen importlib._bootstrap_external>", line 940, in exec_module
  File "<frozen importlib._bootstrap>", line 241, in _call_with_frames_removed
  File "C:\inetpub\wwwroot\e-randevu\dental_management_system\dental\panel_urls.py", line 14, in <module>
    from tenants.odeme_views import abonelik_planlar, abonelik_odeme, abonelik_basarili
  File "C:\inetpub\wwwroot\e-randevu\dental_management_system\tenants\odeme_views.py", line 9, in <module>
    from tenants.iyzico import PLANS, odeme_baslat
  File "C:\inetpub\wwwroot\e-randevu\dental_management_system\tenants\iyzico.py", line 10, in <module>
    import requests
ModuleNotFoundError: No module named 'requests'

During handling of the above exception, another exception occurred:

Traceback (most recent call last):
  File "C:\inetpub\wwwroot\e-randevu\dental_management_system\venv\Lib\site-packages\django\core\handlers\exception.py", line 55, in inner
    response = get_response(request)
               ^^^^^^^^^^^^^^^^^^^^^
  File "C:\inetpub\wwwroot\e-randevu\dental_management_system\venv\Lib\site-packages\django\utils\deprecation.py", line 134, in __call__
    response = response or self.get_response(request)
                           ^^^^^^^^^^^^^^^^^^^^^^^^^^
  File "C:\inetpub\wwwroot\e-randevu\dental_management_system\venv\Lib\site-packages\django\core\handlers\exception.py", line 57, in inner
    response = response_for_exception(request, exc)
               ^^^^^^^^^^^^^^^^^^^^^^^^^^^^^^^^^^^^
  File "C:\inetpub\wwwroot\e-randevu\dental_management_system\venv\Lib\site-packages\django\core\handlers\exception.py", line 140, in response_for_exception
    response = handle_uncaught_exception(
               ^^^^^^^^^^^^^^^^^^^^^^^^^^
  File "C:\inetpub\wwwroot\e-randevu\dental_management_system\venv\Lib\site-packages\django\core\handlers\exception.py", line 181, in handle_uncaught_exception
    return debug.technical_500_response(request, *exc_info)
           ^^^^^^^^^^^^^^^^^^^^^^^^^^^^^^^^^^^^^^^^^^^^^^^^
  File "C:\inetpub\wwwroot\e-randevu\dental_management_system\venv\Lib\site-packages\django\views\debug.py", line 69, in technical_500_response
    html = reporter.get_traceback_html()
           ^^^^^^^^^^^^^^^^^^^^^^^^^^^^^
  File "C:\inetpub\wwwroot\e-randevu\dental_management_system\venv\Lib\site-packages\django\views\debug.py", line 428, in get_traceback_html
    c = Context(self.get_traceback_data(), use_l10n=False)
                ^^^^^^^^^^^^^^^^^^^^^^^^^
  File "C:\inetpub\wwwroot\e-randevu\dental_management_system\venv\Lib\site-packages\django\views\debug.py", line 411, in get_traceback_data
    c["raising_view_name"] = get_caller(self.request)
                             ^^^^^^^^^^^^^^^^^^^^^^^^
  File "C:\inetpub\wwwroot\e-randevu\dental_management_system\venv\Lib\site-packages\django\views\debug.py", line 102, in get_caller
    resolver_match = resolve(request.path)
                     ^^^^^^^^^^^^^^^^^^^^^
  File "C:\inetpub\wwwroot\e-randevu\dental_management_system\venv\Lib\site-packages\django\urls\base.py", line 24, in resolve
    return get_resolver(urlconf).resolve(path)
           ^^^^^^^^^^^^^^^^^^^^^^^^^^^^^^^^^^^
  File "C:\inetpub\wwwroot\e-randevu\dental_management_system\venv\Lib\site-packages\django\urls\resolvers.py", line 686, in resolve
    for pattern in self.url_patterns:
                   ^^^^^^^^^^^^^^^^^
  File "C:\inetpub\wwwroot\e-randevu\dental_management_system\venv\Lib\site-packages\django\utils\functional.py", line 47, in __get__
    res = instance.__dict__[self.name] = self.func(instance)
                                         ^^^^^^^^^^^^^^^^^^^
  File "C:\inetpub\wwwroot\e-randevu\dental_management_system\venv\Lib\site-packages\django\urls\resolvers.py", line 738, in url_patterns
    patterns = getattr(self.urlconf_module, "urlpatterns", self.urlconf_module)
                       ^^^^^^^^^^^^^^^^^^^
  File "C:\inetpub\wwwroot\e-randevu\dental_management_system\venv\Lib\site-packages\django\utils\functional.py", line 47, in __get__
    res = instance.__dict__[self.name] = self.func(instance)
                                         ^^^^^^^^^^^^^^^^^^^
  File "C:\inetpub\wwwroot\e-randevu\dental_management_system\venv\Lib\site-packages\django\urls\resolvers.py", line 731, in urlconf_module
    return import_module(self.urlconf_name)
           ^^^^^^^^^^^^^^^^^^^^^^^^^^^^^^^^
  File "C:\Users\Administrator\AppData\Local\Programs\Python\Python311\Lib\importlib\__init__.py", line 126, in import_module
    return _bootstrap._gcd_import(name[level:], package, level)
           ^^^^^^^^^^^^^^^^^^^^^^^^^^^^^^^^^^^^^^^^^^^^^^^^^^^^
  File "<frozen importlib._bootstrap>", line 1206, in _gcd_import
  File "<frozen importlib._bootstrap>", line 1178, in _find_and_load
  File "<frozen importlib._bootstrap>", line 1149, in _find_and_load_unlocked
  File "<frozen importlib._bootstrap>", line 690, in _load_unlocked
  File "<frozen importlib._bootstrap_external>", line 940, in exec_module
  File "<frozen importlib._bootstrap>", line 241, in _call_with_frames_removed
  File "C:\inetpub\wwwroot\e-randevu\dental_management_system\dental\panel_urls.py", line 14, in <module>
    from tenants.odeme_views import abonelik_planlar, abonelik_odeme, abonelik_basarili
  File "C:\inetpub\wwwroot\e-randevu\dental_management_system\tenants\odeme_views.py", line 9, in <module>
    from tenants.iyzico import PLANS, odeme_baslat
  File "C:\inetpub\wwwroot\e-randevu\dental_management_system\tenants\iyzico.py", line 10, in <module>
    import requests
ModuleNotFoundError: No module named 'requests'

During handling of the above exception, another exception occurred:

Traceback (most recent call last):
  File "C:\inetpub\wwwroot\e-randevu\dental_management_system\venv\Lib\site-packages\django\core\handlers\exception.py", line 55, in inner
    response = get_response(request)
               ^^^^^^^^^^^^^^^^^^^^^
  File "C:\inetpub\wwwroot\e-randevu\dental_management_system\venv\Lib\site-packages\django\utils\deprecation.py", line 134, in __call__
    response = response or self.get_response(request)
                           ^^^^^^^^^^^^^^^^^^^^^^^^^^
  File "C:\inetpub\wwwroot\e-randevu\dental_management_system\venv\Lib\site-packages\django\core\handlers\exception.py", line 57, in inner
    response = response_for_exception(request, exc)
               ^^^^^^^^^^^^^^^^^^^^^^^^^^^^^^^^^^^^
  File "C:\inetpub\wwwroot\e-randevu\dental_management_system\venv\Lib\site-packages\django\core\handlers\exception.py", line 140, in response_for_exception
    response = handle_uncaught_exception(
               ^^^^^^^^^^^^^^^^^^^^^^^^^^
  File "C:\inetpub\wwwroot\e-randevu\dental_management_system\venv\Lib\site-packages\django\core\handlers\exception.py", line 181, in handle_uncaught_exception
    return debug.technical_500_response(request, *exc_info)
           ^^^^^^^^^^^^^^^^^^^^^^^^^^^^^^^^^^^^^^^^^^^^^^^^
  File "C:\inetpub\wwwroot\e-randevu\dental_management_system\venv\Lib\site-packages\django\views\debug.py", line 69, in technical_500_response
    html = reporter.get_traceback_html()
           ^^^^^^^^^^^^^^^^^^^^^^^^^^^^^
  File "C:\inetpub\wwwroot\e-randevu\dental_management_system\venv\Lib\site-packages\django\views\debug.py", line 428, in get_traceback_html
    c = Context(self.get_traceback_data(), use_l10n=False)
                ^^^^^^^^^^^^^^^^^^^^^^^^^
  File "C:\inetpub\wwwroot\e-randevu\dental_management_system\venv\Lib\site-packages\django\views\debug.py", line 411, in get_traceback_data
    c["raising_view_name"] = get_caller(self.request)
                             ^^^^^^^^^^^^^^^^^^^^^^^^
  File "C:\inetpub\wwwroot\e-randevu\dental_management_system\venv\Lib\site-packages\django\views\debug.py", line 102, in get_caller
    resolver_match = resolve(request.path)
                     ^^^^^^^^^^^^^^^^^^^^^
  File "C:\inetpub\wwwroot\e-randevu\dental_management_system\venv\Lib\site-packages\django\urls\base.py", line 24, in resolve
    return get_resolver(urlconf).resolve(path)
           ^^^^^^^^^^^^^^^^^^^^^^^^^^^^^^^^^^^
  File "C:\inetpub\wwwroot\e-randevu\dental_management_system\venv\Lib\site-packages\django\urls\resolvers.py", line 686, in resolve
    for pattern in self.url_patterns:
                   ^^^^^^^^^^^^^^^^^
  File "C:\inetpub\wwwroot\e-randevu\dental_management_system\venv\Lib\site-packages\django\utils\functional.py", line 47, in __get__
    res = instance.__dict__[self.name] = self.func(instance)
                                         ^^^^^^^^^^^^^^^^^^^
  File "C:\inetpub\wwwroot\e-randevu\dental_management_system\venv\Lib\site-packages\django\urls\resolvers.py", line 738, in url_patterns
    patterns = getattr(self.urlconf_module, "urlpatterns", self.urlconf_module)
                       ^^^^^^^^^^^^^^^^^^^
  File "C:\inetpub\wwwroot\e-randevu\dental_management_system\venv\Lib\site-packages\django\utils\functional.py", line 47, in __get__
    res = instance.__dict__[self.name] = self.func(instance)
                                         ^^^^^^^^^^^^^^^^^^^
  File "C:\inetpub\wwwroot\e-randevu\dental_management_system\venv\Lib\site-packages\django\urls\resolvers.py", line 731, in urlconf_module
    return import_module(self.urlconf_name)
           ^^^^^^^^^^^^^^^^^^^^^^^^^^^^^^^^
  File "C:\Users\Administrator\AppData\Local\Programs\Python\Python311\Lib\importlib\__init__.py", line 126, in import_module
    return _bootstrap._gcd_import(name[level:], package, level)
           ^^^^^^^^^^^^^^^^^^^^^^^^^^^^^^^^^^^^^^^^^^^^^^^^^^^^
  File "<frozen importlib._bootstrap>", line 1206, in _gcd_import
  File "<frozen importlib._bootstrap>", line 1178, in _find_and_load
  File "<frozen importlib._bootstrap>", line 1149, in _find_and_load_unlocked
  File "<frozen importlib._bootstrap>", line 690, in _load_unlocked
  File "<frozen importlib._bootstrap_external>", line 940, in exec_module
  File "<frozen importlib._bootstrap>", line 241, in _call_with_frames_removed
  File "C:\inetpub\wwwroot\e-randevu\dental_management_system\dental\panel_urls.py", line 14, in <module>
    from tenants.odeme_views import abonelik_planlar, abonelik_odeme, abonelik_basarili
  File "C:\inetpub\wwwroot\e-randevu\dental_management_system\tenants\odeme_views.py", line 9, in <module>
    from tenants.iyzico import PLANS, odeme_baslat
  File "C:\inetpub\wwwroot\e-randevu\dental_management_system\tenants\iyzico.py", line 10, in <module>
    import requests
ModuleNotFoundError: No module named 'requests'

During handling of the above exception, another exception occurred:

Traceback (most recent call last):
  File "C:\inetpub\wwwroot\e-randevu\dental_management_system\venv\Lib\site-packages\django\core\handlers\exception.py", line 55, in inner
    response = get_response(request)
               ^^^^^^^^^^^^^^^^^^^^^
  File "C:\inetpub\wwwroot\e-randevu\dental_management_system\venv\Lib\site-packages\django\utils\deprecation.py", line 134, in __call__
    response = response or self.get_response(request)
                           ^^^^^^^^^^^^^^^^^^^^^^^^^^
  File "C:\inetpub\wwwroot\e-randevu\dental_management_system\venv\Lib\site-packages\django\core\handlers\exception.py", line 57, in inner
    response = response_for_exception(request, exc)
               ^^^^^^^^^^^^^^^^^^^^^^^^^^^^^^^^^^^^
  File "C:\inetpub\wwwroot\e-randevu\dental_management_system\venv\Lib\site-packages\django\core\handlers\exception.py", line 140, in response_for_exception
    response = handle_uncaught_exception(
               ^^^^^^^^^^^^^^^^^^^^^^^^^^
  File "C:\inetpub\wwwroot\e-randevu\dental_management_system\venv\Lib\site-packages\django\core\handlers\exception.py", line 181, in handle_uncaught_exception
    return debug.technical_500_response(request, *exc_info)
           ^^^^^^^^^^^^^^^^^^^^^^^^^^^^^^^^^^^^^^^^^^^^^^^^
  File "C:\inetpub\wwwroot\e-randevu\dental_management_system\venv\Lib\site-packages\django\views\debug.py", line 69, in technical_500_response
    html = reporter.get_traceback_html()
           ^^^^^^^^^^^^^^^^^^^^^^^^^^^^^
  File "C:\inetpub\wwwroot\e-randevu\dental_management_system\venv\Lib\site-packages\django\views\debug.py", line 428, in get_traceback_html
    c = Context(self.get_traceback_data(), use_l10n=False)
                ^^^^^^^^^^^^^^^^^^^^^^^^^
  File "C:\inetpub\wwwroot\e-randevu\dental_management_system\venv\Lib\site-packages\django\views\debug.py", line 411, in get_traceback_data
    c["raising_view_name"] = get_caller(self.request)
                             ^^^^^^^^^^^^^^^^^^^^^^^^
  File "C:\inetpub\wwwroot\e-randevu\dental_management_system\venv\Lib\site-packages\django\views\debug.py", line 102, in get_caller
    resolver_match = resolve(request.path)
                     ^^^^^^^^^^^^^^^^^^^^^
  File "C:\inetpub\wwwroot\e-randevu\dental_management_system\venv\Lib\site-packages\django\urls\base.py", line 24, in resolve
    return get_resolver(urlconf).resolve(path)
           ^^^^^^^^^^^^^^^^^^^^^^^^^^^^^^^^^^^
  File "C:\inetpub\wwwroot\e-randevu\dental_management_system\venv\Lib\site-packages\django\urls\resolvers.py", line 686, in resolve
    for pattern in self.url_patterns:
                   ^^^^^^^^^^^^^^^^^
  File "C:\inetpub\wwwroot\e-randevu\dental_management_system\venv\Lib\site-packages\django\utils\functional.py", line 47, in __get__
    res = instance.__dict__[self.name] = self.func(instance)
                                         ^^^^^^^^^^^^^^^^^^^
  File "C:\inetpub\wwwroot\e-randevu\dental_management_system\venv\Lib\site-packages\django\urls\resolvers.py", line 738, in url_patterns
    patterns = getattr(self.urlconf_module, "urlpatterns", self.urlconf_module)
                       ^^^^^^^^^^^^^^^^^^^
  File "C:\inetpub\wwwroot\e-randevu\dental_management_system\venv\Lib\site-packages\django\utils\functional.py", line 47, in __get__
    res = instance.__dict__[self.name] = self.func(instance)
                                         ^^^^^^^^^^^^^^^^^^^
  File "C:\inetpub\wwwroot\e-randevu\dental_management_system\venv\Lib\site-packages\django\urls\resolvers.py", line 731, in urlconf_module
    return import_module(self.urlconf_name)
           ^^^^^^^^^^^^^^^^^^^^^^^^^^^^^^^^
  File "C:\Users\Administrator\AppData\Local\Programs\Python\Python311\Lib\importlib\__init__.py", line 126, in import_module
    return _bootstrap._gcd_import(name[level:], package, level)
           ^^^^^^^^^^^^^^^^^^^^^^^^^^^^^^^^^^^^^^^^^^^^^^^^^^^^
  File "<frozen importlib._bootstrap>", line 1206, in _gcd_import
  File "<frozen importlib._bootstrap>", line 1178, in _find_and_load
  File "<frozen importlib._bootstrap>", line 1149, in _find_and_load_unlocked
  File "<frozen importlib._bootstrap>", line 690, in _load_unlocked
  File "<frozen importlib._bootstrap_external>", line 940, in exec_module
  File "<frozen importlib._bootstrap>", line 241, in _call_with_frames_removed
  File "C:\inetpub\wwwroot\e-randevu\dental_management_system\dental\panel_urls.py", line 14, in <module>
    from tenants.odeme_views import abonelik_planlar, abonelik_odeme, abonelik_basarili
  File "C:\inetpub\wwwroot\e-randevu\dental_management_system\tenants\odeme_views.py", line 9, in <module>
    from tenants.iyzico import PLANS, odeme_baslat
  File "C:\inetpub\wwwroot\e-randevu\dental_management_system\tenants\iyzico.py", line 10, in <module>
    import requests
ModuleNotFoundError: No module named 'requests'

During handling of the above exception, another exception occurred:

Traceback (most recent call last):
  File "C:\inetpub\wwwroot\e-randevu\dental_management_system\venv\Lib\site-packages\django\core\handlers\exception.py", line 55, in inner
    response = get_response(request)
               ^^^^^^^^^^^^^^^^^^^^^
  File "C:\inetpub\wwwroot\e-randevu\dental_management_system\venv\Lib\site-packages\django\utils\deprecation.py", line 134, in __call__
    response = response or self.get_response(request)
                           ^^^^^^^^^^^^^^^^^^^^^^^^^^
  File "C:\inetpub\wwwroot\e-randevu\dental_management_system\venv\Lib\site-packages\django\core\handlers\exception.py", line 57, in inner
    response = response_for_exception(request, exc)
               ^^^^^^^^^^^^^^^^^^^^^^^^^^^^^^^^^^^^
  File "C:\inetpub\wwwroot\e-randevu\dental_management_system\venv\Lib\site-packages\django\core\handlers\exception.py", line 140, in response_for_exception
    response = handle_uncaught_exception(
               ^^^^^^^^^^^^^^^^^^^^^^^^^^
  File "C:\inetpub\wwwroot\e-randevu\dental_management_system\venv\Lib\site-packages\django\core\handlers\exception.py", line 181, in handle_uncaught_exception
    return debug.technical_500_response(request, *exc_info)
           ^^^^^^^^^^^^^^^^^^^^^^^^^^^^^^^^^^^^^^^^^^^^^^^^
  File "C:\inetpub\wwwroot\e-randevu\dental_management_system\venv\Lib\site-packages\django\views\debug.py", line 69, in technical_500_response
    html = reporter.get_traceback_html()
           ^^^^^^^^^^^^^^^^^^^^^^^^^^^^^
  File "C:\inetpub\wwwroot\e-randevu\dental_management_system\venv\Lib\site-packages\django\views\debug.py", line 428, in get_traceback_html
    c = Context(self.get_traceback_data(), use_l10n=False)
                ^^^^^^^^^^^^^^^^^^^^^^^^^
  File "C:\inetpub\wwwroot\e-randevu\dental_management_system\venv\Lib\site-packages\django\views\debug.py", line 411, in get_traceback_data
    c["raising_view_name"] = get_caller(self.request)
                             ^^^^^^^^^^^^^^^^^^^^^^^^
  File "C:\inetpub\wwwroot\e-randevu\dental_management_system\venv\Lib\site-packages\django\views\debug.py", line 102, in get_caller
    resolver_match = resolve(request.path)
                     ^^^^^^^^^^^^^^^^^^^^^
  File "C:\inetpub\wwwroot\e-randevu\dental_management_system\venv\Lib\site-packages\django\urls\base.py", line 24, in resolve
    return get_resolver(urlconf).resolve(path)
           ^^^^^^^^^^^^^^^^^^^^^^^^^^^^^^^^^^^
  File "C:\inetpub\wwwroot\e-randevu\dental_management_system\venv\Lib\site-packages\django\urls\resolvers.py", line 686, in resolve
    for pattern in self.url_patterns:
                   ^^^^^^^^^^^^^^^^^
  File "C:\inetpub\wwwroot\e-randevu\dental_management_system\venv\Lib\site-packages\django\utils\functional.py", line 47, in __get__
    res = instance.__dict__[self.name] = self.func(instance)
                                         ^^^^^^^^^^^^^^^^^^^
  File "C:\inetpub\wwwroot\e-randevu\dental_management_system\venv\Lib\site-packages\django\urls\resolvers.py", line 738, in url_patterns
    patterns = getattr(self.urlconf_module, "urlpatterns", self.urlconf_module)
                       ^^^^^^^^^^^^^^^^^^^
  File "C:\inetpub\wwwroot\e-randevu\dental_management_system\venv\Lib\site-packages\django\utils\functional.py", line 47, in __get__
    res = instance.__dict__[self.name] = self.func(instance)
                                         ^^^^^^^^^^^^^^^^^^^
  File "C:\inetpub\wwwroot\e-randevu\dental_management_system\venv\Lib\site-packages\django\urls\resolvers.py", line 731, in urlconf_module
    return import_module(self.urlconf_name)
           ^^^^^^^^^^^^^^^^^^^^^^^^^^^^^^^^
  File "C:\Users\Administrator\AppData\Local\Programs\Python\Python311\Lib\importlib\__init__.py", line 126, in import_module
    return _bootstrap._gcd_import(name[level:], package, level)
           ^^^^^^^^^^^^^^^^^^^^^^^^^^^^^^^^^^^^^^^^^^^^^^^^^^^^
  File "<frozen importlib._bootstrap>", line 1206, in _gcd_import
  File "<frozen importlib._bootstrap>", line 1178, in _find_and_load
  File "<frozen importlib._bootstrap>", line 1149, in _find_and_load_unlocked
  File "<frozen importlib._bootstrap>", line 690, in _load_unlocked
  File "<frozen importlib._bootstrap_external>", line 940, in exec_module
  File "<frozen importlib._bootstrap>", line 241, in _call_with_frames_removed
  File "C:\inetpub\wwwroot\e-randevu\dental_management_system\dental\panel_urls.py", line 14, in <module>
    from tenants.odeme_views import abonelik_planlar, abonelik_odeme, abonelik_basarili
  File "C:\inetpub\wwwroot\e-randevu\dental_management_system\tenants\odeme_views.py", line 9, in <module>
    from tenants.iyzico import PLANS, odeme_baslat
  File "C:\inetpub\wwwroot\e-randevu\dental_management_system\tenants\iyzico.py", line 10, in <module>
    import requests
ModuleNotFoundError: No module named 'requests'

During handling of the above exception, another exception occurred:

Traceback (most recent call last):
  File "C:\inetpub\wwwroot\e-randevu\dental_management_system\venv\Lib\site-packages\django\core\handlers\exception.py", line 55, in inner
    response = get_response(request)
               ^^^^^^^^^^^^^^^^^^^^^
  File "C:\inetpub\wwwroot\e-randevu\dental_management_system\venv\Lib\site-packages\django\utils\deprecation.py", line 134, in __call__
    response = response or self.get_response(request)
                           ^^^^^^^^^^^^^^^^^^^^^^^^^^
  File "C:\inetpub\wwwroot\e-randevu\dental_management_system\venv\Lib\site-packages\django\core\handlers\exception.py", line 57, in inner
    response = response_for_exception(request, exc)
               ^^^^^^^^^^^^^^^^^^^^^^^^^^^^^^^^^^^^
  File "C:\inetpub\wwwroot\e-randevu\dental_management_system\venv\Lib\site-packages\django\core\handlers\exception.py", line 140, in response_for_exception
    response = handle_uncaught_exception(
               ^^^^^^^^^^^^^^^^^^^^^^^^^^
  File "C:\inetpub\wwwroot\e-randevu\dental_management_system\venv\Lib\site-packages\django\core\handlers\exception.py", line 181, in handle_uncaught_exception
    return debug.technical_500_response(request, *exc_info)
           ^^^^^^^^^^^^^^^^^^^^^^^^^^^^^^^^^^^^^^^^^^^^^^^^
  File "C:\inetpub\wwwroot\e-randevu\dental_management_system\venv\Lib\site-packages\django\views\debug.py", line 69, in technical_500_response
    html = reporter.get_traceback_html()
           ^^^^^^^^^^^^^^^^^^^^^^^^^^^^^
  File "C:\inetpub\wwwroot\e-randevu\dental_management_system\venv\Lib\site-packages\django\views\debug.py", line 428, in get_traceback_html
    c = Context(self.get_traceback_data(), use_l10n=False)
                ^^^^^^^^^^^^^^^^^^^^^^^^^
  File "C:\inetpub\wwwroot\e-randevu\dental_management_system\venv\Lib\site-packages\django\views\debug.py", line 411, in get_traceback_data
    c["raising_view_name"] = get_caller(self.request)
                             ^^^^^^^^^^^^^^^^^^^^^^^^
  File "C:\inetpub\wwwroot\e-randevu\dental_management_system\venv\Lib\site-packages\django\views\debug.py", line 102, in get_caller
    resolver_match = resolve(request.path)
                     ^^^^^^^^^^^^^^^^^^^^^
  File "C:\inetpub\wwwroot\e-randevu\dental_management_system\venv\Lib\site-packages\django\urls\base.py", line 24, in resolve
    return get_resolver(urlconf).resolve(path)
           ^^^^^^^^^^^^^^^^^^^^^^^^^^^^^^^^^^^
  File "C:\inetpub\wwwroot\e-randevu\dental_management_system\venv\Lib\site-packages\django\urls\resolvers.py", line 686, in resolve
    for pattern in self.url_patterns:
                   ^^^^^^^^^^^^^^^^^
  File "C:\inetpub\wwwroot\e-randevu\dental_management_system\venv\Lib\site-packages\django\utils\functional.py", line 47, in __get__
    res = instance.__dict__[self.name] = self.func(instance)
                                         ^^^^^^^^^^^^^^^^^^^
  File "C:\inetpub\wwwroot\e-randevu\dental_management_system\venv\Lib\site-packages\django\urls\resolvers.py", line 738, in url_patterns
    patterns = getattr(self.urlconf_module, "urlpatterns", self.urlconf_module)
                       ^^^^^^^^^^^^^^^^^^^
  File "C:\inetpub\wwwroot\e-randevu\dental_management_system\venv\Lib\site-packages\django\utils\functional.py", line 47, in __get__
    res = instance.__dict__[self.name] = self.func(instance)
                                         ^^^^^^^^^^^^^^^^^^^
  File "C:\inetpub\wwwroot\e-randevu\dental_management_system\venv\Lib\site-packages\django\urls\resolvers.py", line 731, in urlconf_module
    return import_module(self.urlconf_name)
           ^^^^^^^^^^^^^^^^^^^^^^^^^^^^^^^^
  File "C:\Users\Administrator\AppData\Local\Programs\Python\Python311\Lib\importlib\__init__.py", line 126, in import_module
    return _bootstrap._gcd_import(name[level:], package, level)
           ^^^^^^^^^^^^^^^^^^^^^^^^^^^^^^^^^^^^^^^^^^^^^^^^^^^^
  File "<frozen importlib._bootstrap>", line 1206, in _gcd_import
  File "<frozen importlib._bootstrap>", line 1178, in _find_and_load
  File "<frozen importlib._bootstrap>", line 1149, in _find_and_load_unlocked
  File "<frozen importlib._bootstrap>", line 690, in _load_unlocked
  File "<frozen importlib._bootstrap_external>", line 940, in exec_module
  File "<frozen importlib._bootstrap>", line 241, in _call_with_frames_removed
  File "C:\inetpub\wwwroot\e-randevu\dental_management_system\dental\panel_urls.py", line 14, in <module>
    from tenants.odeme_views import abonelik_planlar, abonelik_odeme, abonelik_basarili
  File "C:\inetpub\wwwroot\e-randevu\dental_management_system\tenants\odeme_views.py", line 9, in <module>
    from tenants.iyzico import PLANS, odeme_baslat
  File "C:\inetpub\wwwroot\e-randevu\dental_management_system\tenants\iyzico.py", line 10, in <module>
    import requests
ModuleNotFoundError: No module named 'requests'

During handling of the above exception, another exception occurred:

Traceback (most recent call last):
  File "C:\inetpub\wwwroot\e-randevu\dental_management_system\venv\Lib\site-packages\django\core\handlers\exception.py", line 55, in inner
    response = get_response(request)
               ^^^^^^^^^^^^^^^^^^^^^
  File "C:\inetpub\wwwroot\e-randevu\dental_management_system\venv\Lib\site-packages\django\utils\deprecation.py", line 134, in __call__
    response = response or self.get_response(request)
                           ^^^^^^^^^^^^^^^^^^^^^^^^^^
  File "C:\inetpub\wwwroot\e-randevu\dental_management_system\venv\Lib\site-packages\django\core\handlers\exception.py", line 57, in inner
    response = response_for_exception(request, exc)
               ^^^^^^^^^^^^^^^^^^^^^^^^^^^^^^^^^^^^
  File "C:\inetpub\wwwroot\e-randevu\dental_management_system\venv\Lib\site-packages\django\core\handlers\exception.py", line 140, in response_for_exception
    response = handle_uncaught_exception(
               ^^^^^^^^^^^^^^^^^^^^^^^^^^
  File "C:\inetpub\wwwroot\e-randevu\dental_management_system\venv\Lib\site-packages\django\core\handlers\exception.py", line 181, in handle_uncaught_exception
    return debug.technical_500_response(request, *exc_info)
           ^^^^^^^^^^^^^^^^^^^^^^^^^^^^^^^^^^^^^^^^^^^^^^^^
  File "C:\inetpub\wwwroot\e-randevu\dental_management_system\venv\Lib\site-packages\django\views\debug.py", line 69, in technical_500_response
    html = reporter.get_traceback_html()
           ^^^^^^^^^^^^^^^^^^^^^^^^^^^^^
  File "C:\inetpub\wwwroot\e-randevu\dental_management_system\venv\Lib\site-packages\django\views\debug.py", line 428, in get_traceback_html
    c = Context(self.get_traceback_data(), use_l10n=False)
                ^^^^^^^^^^^^^^^^^^^^^^^^^
  File "C:\inetpub\wwwroot\e-randevu\dental_management_system\venv\Lib\site-packages\django\views\debug.py", line 411, in get_traceback_data
    c["raising_view_name"] = get_caller(self.request)
                             ^^^^^^^^^^^^^^^^^^^^^^^^
  File "C:\inetpub\wwwroot\e-randevu\dental_management_system\venv\Lib\site-packages\django\views\debug.py", line 102, in get_caller
    resolver_match = resolve(request.path)
                     ^^^^^^^^^^^^^^^^^^^^^
  File "C:\inetpub\wwwroot\e-randevu\dental_management_system\venv\Lib\site-packages\django\urls\base.py", line 24, in resolve
    return get_resolver(urlconf).resolve(path)
           ^^^^^^^^^^^^^^^^^^^^^^^^^^^^^^^^^^^
  File "C:\inetpub\wwwroot\e-randevu\dental_management_system\venv\Lib\site-packages\django\urls\resolvers.py", line 686, in resolve
    for pattern in self.url_patterns:
                   ^^^^^^^^^^^^^^^^^
  File "C:\inetpub\wwwroot\e-randevu\dental_management_system\venv\Lib\site-packages\django\utils\functional.py", line 47, in __get__
    res = instance.__dict__[self.name] = self.func(instance)
                                         ^^^^^^^^^^^^^^^^^^^
  File "C:\inetpub\wwwroot\e-randevu\dental_management_system\venv\Lib\site-packages\django\urls\resolvers.py", line 738, in url_patterns
    patterns = getattr(self.urlconf_module, "urlpatterns", self.urlconf_module)
                       ^^^^^^^^^^^^^^^^^^^
  File "C:\inetpub\wwwroot\e-randevu\dental_management_system\venv\Lib\site-packages\django\utils\functional.py", line 47, in __get__
    res = instance.__dict__[self.name] = self.func(instance)
                                         ^^^^^^^^^^^^^^^^^^^
  File "C:\inetpub\wwwroot\e-randevu\dental_management_system\venv\Lib\site-packages\django\urls\resolvers.py", line 731, in urlconf_module
    return import_module(self.urlconf_name)
           ^^^^^^^^^^^^^^^^^^^^^^^^^^^^^^^^
  File "C:\Users\Administrator\AppData\Local\Programs\Python\Python311\Lib\importlib\__init__.py", line 126, in import_module
    return _bootstrap._gcd_import(name[level:], package, level)
           ^^^^^^^^^^^^^^^^^^^^^^^^^^^^^^^^^^^^^^^^^^^^^^^^^^^^
  File "<frozen importlib._bootstrap>", line 1206, in _gcd_import
  File "<frozen importlib._bootstrap>", line 1178, in _find_and_load
  File "<frozen importlib._bootstrap>", line 1149, in _find_and_load_unlocked
  File "<frozen importlib._bootstrap>", line 690, in _load_unlocked
  File "<frozen importlib._bootstrap_external>", line 940, in exec_module
  File "<frozen importlib._bootstrap>", line 241, in _call_with_frames_removed
  File "C:\inetpub\wwwroot\e-randevu\dental_management_system\dental\panel_urls.py", line 14, in <module>
    from tenants.odeme_views import abonelik_planlar, abonelik_odeme, abonelik_basarili
  File "C:\inetpub\wwwroot\e-randevu\dental_management_system\tenants\odeme_views.py", line 9, in <module>
    from tenants.iyzico import PLANS, odeme_baslat
  File "C:\inetpub\wwwroot\e-randevu\dental_management_system\tenants\iyzico.py", line 10, in <module>
    import requests
ModuleNotFoundError: No module named 'requests'

During handling of the above exception, another exception occurred:

Traceback (most recent call last):
  File "C:\inetpub\wwwroot\e-randevu\dental_management_system\venv\Lib\site-packages\django\core\handlers\exception.py", line 55, in inner
    response = get_response(request)
               ^^^^^^^^^^^^^^^^^^^^^
  File "C:\inetpub\wwwroot\e-randevu\dental_management_system\dental\middleware.py", line 66, in __call__
    return self.get_response(request)
           ^^^^^^^^^^^^^^^^^^^^^^^^^^
  File "C:\inetpub\wwwroot\e-randevu\dental_management_system\venv\Lib\site-packages\django\core\handlers\exception.py", line 57, in inner
    response = response_for_exception(request, exc)
               ^^^^^^^^^^^^^^^^^^^^^^^^^^^^^^^^^^^^
  File "C:\inetpub\wwwroot\e-randevu\dental_management_system\venv\Lib\site-packages\django\core\handlers\exception.py", line 140, in response_for_exception
    response = handle_uncaught_exception(
               ^^^^^^^^^^^^^^^^^^^^^^^^^^
  File "C:\inetpub\wwwroot\e-randevu\dental_management_system\venv\Lib\site-packages\django\core\handlers\exception.py", line 181, in handle_uncaught_exception
    return debug.technical_500_response(request, *exc_info)
           ^^^^^^^^^^^^^^^^^^^^^^^^^^^^^^^^^^^^^^^^^^^^^^^^
  File "C:\inetpub\wwwroot\e-randevu\dental_management_system\venv\Lib\site-packages\django\views\debug.py", line 69, in technical_500_response
    html = reporter.get_traceback_html()
           ^^^^^^^^^^^^^^^^^^^^^^^^^^^^^
  File "C:\inetpub\wwwroot\e-randevu\dental_management_system\venv\Lib\site-packages\django\views\debug.py", line 428, in get_traceback_html
    c = Context(self.get_traceback_data(), use_l10n=False)
                ^^^^^^^^^^^^^^^^^^^^^^^^^
  File "C:\inetpub\wwwroot\e-randevu\dental_management_system\venv\Lib\site-packages\django\views\debug.py", line 411, in get_traceback_data
    c["raising_view_name"] = get_caller(self.request)
                             ^^^^^^^^^^^^^^^^^^^^^^^^
  File "C:\inetpub\wwwroot\e-randevu\dental_management_system\venv\Lib\site-packages\django\views\debug.py", line 102, in get_caller
    resolver_match = resolve(request.path)
                     ^^^^^^^^^^^^^^^^^^^^^
  File "C:\inetpub\wwwroot\e-randevu\dental_management_system\venv\Lib\site-packages\django\urls\base.py", line 24, in resolve
    return get_resolver(urlconf).resolve(path)
           ^^^^^^^^^^^^^^^^^^^^^^^^^^^^^^^^^^^
  File "C:\inetpub\wwwroot\e-randevu\dental_management_system\venv\Lib\site-packages\django\urls\resolvers.py", line 686, in resolve
    for pattern in self.url_patterns:
                   ^^^^^^^^^^^^^^^^^
  File "C:\inetpub\wwwroot\e-randevu\dental_management_system\venv\Lib\site-packages\django\utils\functional.py", line 47, in __get__
    res = instance.__dict__[self.name] = self.func(instance)
                                         ^^^^^^^^^^^^^^^^^^^
  File "C:\inetpub\wwwroot\e-randevu\dental_management_system\venv\Lib\site-packages\django\urls\resolvers.py", line 738, in url_patterns
    patterns = getattr(self.urlconf_module, "urlpatterns", self.urlconf_module)
                       ^^^^^^^^^^^^^^^^^^^
  File "C:\inetpub\wwwroot\e-randevu\dental_management_system\venv\Lib\site-packages\django\utils\functional.py", line 47, in __get__
    res = instance.__dict__[self.name] = self.func(instance)
                                         ^^^^^^^^^^^^^^^^^^^
  File "C:\inetpub\wwwroot\e-randevu\dental_management_system\venv\Lib\site-packages\django\urls\resolvers.py", line 731, in urlconf_module
    return import_module(self.urlconf_name)
           ^^^^^^^^^^^^^^^^^^^^^^^^^^^^^^^^
  File "C:\Users\Administrator\AppData\Local\Programs\Python\Python311\Lib\importlib\__init__.py", line 126, in import_module
    return _bootstrap._gcd_import(name[level:], package, level)
           ^^^^^^^^^^^^^^^^^^^^^^^^^^^^^^^^^^^^^^^^^^^^^^^^^^^^
  File "<frozen importlib._bootstrap>", line 1206, in _gcd_import
  File "<frozen importlib._bootstrap>", line 1178, in _find_and_load
  File "<frozen importlib._bootstrap>", line 1149, in _find_and_load_unlocked
  File "<frozen importlib._bootstrap>", line 690, in _load_unlocked
  File "<frozen importlib._bootstrap_external>", line 940, in exec_module
  File "<frozen importlib._bootstrap>", line 241, in _call_with_frames_removed
  File "C:\inetpub\wwwroot\e-randevu\dental_management_system\dental\panel_urls.py", line 14, in <module>
    from tenants.odeme_views import abonelik_planlar, abonelik_odeme, abonelik_basarili
  File "C:\inetpub\wwwroot\e-randevu\dental_management_system\tenants\odeme_views.py", line 9, in <module>
    from tenants.iyzico import PLANS, odeme_baslat
  File "C:\inetpub\wwwroot\e-randevu\dental_management_system\tenants\iyzico.py", line 10, in <module>
    import requests
ModuleNotFoundError: No module named 'requests'

During handling of the above exception, another exception occurred:

Traceback (most recent call last):
  File "C:\inetpub\wwwroot\e-randevu\dental_management_system\venv\Lib\site-packages\django\core\handlers\exception.py", line 55, in inner
    response = get_response(request)
               ^^^^^^^^^^^^^^^^^^^^^
  File "C:\inetpub\wwwroot\e-randevu\dental_management_system\dental\middleware.py", line 47, in __call__
    response = self.get_response(request)
               ^^^^^^^^^^^^^^^^^^^^^^^^^^
  File "C:\inetpub\wwwroot\e-randevu\dental_management_system\venv\Lib\site-packages\django\core\handlers\exception.py", line 57, in inner
    response = response_for_exception(request, exc)
               ^^^^^^^^^^^^^^^^^^^^^^^^^^^^^^^^^^^^
  File "C:\inetpub\wwwroot\e-randevu\dental_management_system\venv\Lib\site-packages\django\core\handlers\exception.py", line 140, in response_for_exception
    response = handle_uncaught_exception(
               ^^^^^^^^^^^^^^^^^^^^^^^^^^
  File "C:\inetpub\wwwroot\e-randevu\dental_management_system\venv\Lib\site-packages\django\core\handlers\exception.py", line 181, in handle_uncaught_exception
    return debug.technical_500_response(request, *exc_info)
           ^^^^^^^^^^^^^^^^^^^^^^^^^^^^^^^^^^^^^^^^^^^^^^^^
  File "C:\inetpub\wwwroot\e-randevu\dental_management_system\venv\Lib\site-packages\django\views\debug.py", line 69, in technical_500_response
    html = reporter.get_traceback_html()
           ^^^^^^^^^^^^^^^^^^^^^^^^^^^^^
  File "C:\inetpub\wwwroot\e-randevu\dental_management_system\venv\Lib\site-packages\django\views\debug.py", line 428, in get_traceback_html
    c = Context(self.get_traceback_data(), use_l10n=False)
                ^^^^^^^^^^^^^^^^^^^^^^^^^
  File "C:\inetpub\wwwroot\e-randevu\dental_management_system\venv\Lib\site-packages\django\views\debug.py", line 411, in get_traceback_data
    c["raising_view_name"] = get_caller(self.request)
                             ^^^^^^^^^^^^^^^^^^^^^^^^
  File "C:\inetpub\wwwroot\e-randevu\dental_management_system\venv\Lib\site-packages\django\views\debug.py", line 102, in get_caller
    resolver_match = resolve(request.path)
                     ^^^^^^^^^^^^^^^^^^^^^
  File "C:\inetpub\wwwroot\e-randevu\dental_management_system\venv\Lib\site-packages\django\urls\base.py", line 24, in resolve
    return get_resolver(urlconf).resolve(path)
           ^^^^^^^^^^^^^^^^^^^^^^^^^^^^^^^^^^^
  File "C:\inetpub\wwwroot\e-randevu\dental_management_system\venv\Lib\site-packages\django\urls\resolvers.py", line 686, in resolve
    for pattern in self.url_patterns:
                   ^^^^^^^^^^^^^^^^^
  File "C:\inetpub\wwwroot\e-randevu\dental_management_system\venv\Lib\site-packages\django\utils\functional.py", line 47, in __get__
    res = instance.__dict__[self.name] = self.func(instance)
                                         ^^^^^^^^^^^^^^^^^^^
  File "C:\inetpub\wwwroot\e-randevu\dental_management_system\venv\Lib\site-packages\django\urls\resolvers.py", line 738, in url_patterns
    patterns = getattr(self.urlconf_module, "urlpatterns", self.urlconf_module)
                       ^^^^^^^^^^^^^^^^^^^
  File "C:\inetpub\wwwroot\e-randevu\dental_management_system\venv\Lib\site-packages\django\utils\functional.py", line 47, in __get__
    res = instance.__dict__[self.name] = self.func(instance)
                                         ^^^^^^^^^^^^^^^^^^^
  File "C:\inetpub\wwwroot\e-randevu\dental_management_system\venv\Lib\site-packages\django\urls\resolvers.py", line 731, in urlconf_module
    return import_module(self.urlconf_name)
           ^^^^^^^^^^^^^^^^^^^^^^^^^^^^^^^^
  File "C:\Users\Administrator\AppData\Local\Programs\Python\Python311\Lib\importlib\__init__.py", line 126, in import_module
    return _bootstrap._gcd_import(name[level:], package, level)
           ^^^^^^^^^^^^^^^^^^^^^^^^^^^^^^^^^^^^^^^^^^^^^^^^^^^^
  File "<frozen importlib._bootstrap>", line 1206, in _gcd_import
  File "<frozen importlib._bootstrap>", line 1178, in _find_and_load
  File "<frozen importlib._bootstrap>", line 1149, in _find_and_load_unlocked
  File "<frozen importlib._bootstrap>", line 690, in _load_unlocked
  File "<frozen importlib._bootstrap_external>", line 940, in exec_module
  File "<frozen importlib._bootstrap>", line 241, in _call_with_frames_removed
  File "C:\inetpub\wwwroot\e-randevu\dental_management_system\dental\panel_urls.py", line 14, in <module>
    from tenants.odeme_views import abonelik_planlar, abonelik_odeme, abonelik_basarili
  File "C:\inetpub\wwwroot\e-randevu\dental_management_system\tenants\odeme_views.py", line 9, in <module>
    from tenants.iyzico import PLANS, odeme_baslat
  File "C:\inetpub\wwwroot\e-randevu\dental_management_system\tenants\iyzico.py", line 10, in <module>
    import requests
ModuleNotFoundError: No module named 'requests'

During handling of the above exception, another exception occurred:

Traceback (most recent call last):
  File "C:\Users\Administrator\AppData\Local\Programs\Python\Python311\Lib\wsgiref\handlers.py", line 137, in run
    self.result = application(self.environ, self.start_response)
                  ^^^^^^^^^^^^^^^^^^^^^^^^^^^^^^^^^^^^^^^^^^^^^^
  File "C:\inetpub\wwwroot\e-randevu\dental_management_system\venv\Lib\site-packages\django\contrib\staticfiles\handlers.py", line 80, in __call__
    return self.application(environ, start_response)
           ^^^^^^^^^^^^^^^^^^^^^^^^^^^^^^^^^^^^^^^^^
  File "C:\inetpub\wwwroot\e-randevu\dental_management_system\venv\Lib\site-packages\django\core\handlers\wsgi.py", line 124, in __call__
    response = self.get_response(request)
               ^^^^^^^^^^^^^^^^^^^^^^^^^^
  File "C:\inetpub\wwwroot\e-randevu\dental_management_system\venv\Lib\site-packages\django\core\handlers\base.py", line 140, in get_response
    response = self._middleware_chain(request)
               ^^^^^^^^^^^^^^^^^^^^^^^^^^^^^^^
  File "C:\inetpub\wwwroot\e-randevu\dental_management_system\venv\Lib\site-packages\django\core\handlers\exception.py", line 57, in inner
    response = response_for_exception(request, exc)
               ^^^^^^^^^^^^^^^^^^^^^^^^^^^^^^^^^^^^
  File "C:\inetpub\wwwroot\e-randevu\dental_management_system\venv\Lib\site-packages\django\core\handlers\exception.py", line 140, in response_for_exception
    response = handle_uncaught_exception(
               ^^^^^^^^^^^^^^^^^^^^^^^^^^
  File "C:\inetpub\wwwroot\e-randevu\dental_management_system\venv\Lib\site-packages\django\core\handlers\exception.py", line 181, in handle_uncaught_exception
    return debug.technical_500_response(request, *exc_info)
           ^^^^^^^^^^^^^^^^^^^^^^^^^^^^^^^^^^^^^^^^^^^^^^^^
  File "C:\inetpub\wwwroot\e-randevu\dental_management_system\venv\Lib\site-packages\django\views\debug.py", line 69, in technical_500_response
    html = reporter.get_traceback_html()
           ^^^^^^^^^^^^^^^^^^^^^^^^^^^^^
  File "C:\inetpub\wwwroot\e-randevu\dental_management_system\venv\Lib\site-packages\django\views\debug.py", line 428, in get_traceback_html
    c = Context(self.get_traceback_data(), use_l10n=False)
                ^^^^^^^^^^^^^^^^^^^^^^^^^
  File "C:\inetpub\wwwroot\e-randevu\dental_management_system\venv\Lib\site-packages\django\views\debug.py", line 411, in get_traceback_data
    c["raising_view_name"] = get_caller(self.request)
                             ^^^^^^^^^^^^^^^^^^^^^^^^
  File "C:\inetpub\wwwroot\e-randevu\dental_management_system\venv\Lib\site-packages\django\views\debug.py", line 102, in get_caller
    resolver_match = resolve(request.path)
                     ^^^^^^^^^^^^^^^^^^^^^
  File "C:\inetpub\wwwroot\e-randevu\dental_management_system\venv\Lib\site-packages\django\urls\base.py", line 24, in resolve
    return get_resolver(urlconf).resolve(path)
           ^^^^^^^^^^^^^^^^^^^^^^^^^^^^^^^^^^^
  File "C:\inetpub\wwwroot\e-randevu\dental_management_system\venv\Lib\site-packages\django\urls\resolvers.py", line 686, in resolve
    for pattern in self.url_patterns:
                   ^^^^^^^^^^^^^^^^^
  File "C:\inetpub\wwwroot\e-randevu\dental_management_system\venv\Lib\site-packages\django\utils\functional.py", line 47, in __get__
    res = instance.__dict__[self.name] = self.func(instance)
                                         ^^^^^^^^^^^^^^^^^^^
  File "C:\inetpub\wwwroot\e-randevu\dental_management_system\venv\Lib\site-packages\django\urls\resolvers.py", line 738, in url_patterns
    patterns = getattr(self.urlconf_module, "urlpatterns", self.urlconf_module)
                       ^^^^^^^^^^^^^^^^^^^
  File "C:\inetpub\wwwroot\e-randevu\dental_management_system\venv\Lib\site-packages\django\utils\functional.py", line 47, in __get__
    res = instance.__dict__[self.name] = self.func(instance)
                                         ^^^^^^^^^^^^^^^^^^^
  File "C:\inetpub\wwwroot\e-randevu\dental_management_system\venv\Lib\site-packages\django\urls\resolvers.py", line 731, in urlconf_module
    return import_module(self.urlconf_name)
           ^^^^^^^^^^^^^^^^^^^^^^^^^^^^^^^^
  File "C:\Users\Administrator\AppData\Local\Programs\Python\Python311\Lib\importlib\__init__.py", line 126, in import_module
    return _bootstrap._gcd_import(name[level:], package, level)
           ^^^^^^^^^^^^^^^^^^^^^^^^^^^^^^^^^^^^^^^^^^^^^^^^^^^^
  File "<frozen importlib._bootstrap>", line 1206, in _gcd_import
  File "<frozen importlib._bootstrap>", line 1178, in _find_and_load
  File "<frozen importlib._bootstrap>", line 1149, in _find_and_load_unlocked
  File "<frozen importlib._bootstrap>", line 690, in _load_unlocked
  File "<frozen importlib._bootstrap_external>", line 940, in exec_module
  File "<frozen importlib._bootstrap>", line 241, in _call_with_frames_removed
  File "C:\inetpub\wwwroot\e-randevu\dental_management_system\dental\panel_urls.py", line 14, in <module>
    from tenants.odeme_views import abonelik_planlar, abonelik_odeme, abonelik_basarili
  File "C:\inetpub\wwwroot\e-randevu\dental_management_system\tenants\odeme_views.py", line 9, in <module>
    from tenants.iyzico import PLANS, odeme_baslat
  File "C:\inetpub\wwwroot\e-randevu\dental_management_system\tenants\iyzico.py", line 10, in <module>
    import requests
ModuleNotFoundError: No module named 'requests'
[29/Mar/2026 07:48:30] "GET /favicon.ico HTTP/1.1" 500 59
Traceback (most recent call last):
  File "C:\inetpub\wwwroot\e-randevu\dental_management_system\venv\Lib\site-packages\django\core\handlers\exception.py", line 55, in inner
    response = get_response(request)
               ^^^^^^^^^^^^^^^^^^^^^
  File "C:\inetpub\wwwroot\e-randevu\dental_management_system\venv\Lib\site-packages\django\core\handlers\base.py", line 181, in _get_response
    callback, callback_args, callback_kwargs = self.resolve_request(request)
                                               ^^^^^^^^^^^^^^^^^^^^^^^^^^^^^
  File "C:\inetpub\wwwroot\e-randevu\dental_management_system\venv\Lib\site-packages\django\core\handlers\base.py", line 313, in resolve_request
    resolver_match = resolver.resolve(request.path_info)
                     ^^^^^^^^^^^^^^^^^^^^^^^^^^^^^^^^^^^
  File "C:\inetpub\wwwroot\e-randevu\dental_management_system\venv\Lib\site-packages\django\urls\resolvers.py", line 686, in resolve
    for pattern in self.url_patterns:
                   ^^^^^^^^^^^^^^^^^
  File "C:\inetpub\wwwroot\e-randevu\dental_management_system\venv\Lib\site-packages\django\utils\functional.py", line 47, in __get__
    res = instance.__dict__[self.name] = self.func(instance)
                                         ^^^^^^^^^^^^^^^^^^^
  File "C:\inetpub\wwwroot\e-randevu\dental_management_system\venv\Lib\site-packages\django\urls\resolvers.py", line 738, in url_patterns
    patterns = getattr(self.urlconf_module, "urlpatterns", self.urlconf_module)
                       ^^^^^^^^^^^^^^^^^^^
  File "C:\inetpub\wwwroot\e-randevu\dental_management_system\venv\Lib\site-packages\django\utils\functional.py", line 47, in __get__
    res = instance.__dict__[self.name] = self.func(instance)
                                         ^^^^^^^^^^^^^^^^^^^
  File "C:\inetpub\wwwroot\e-randevu\dental_management_system\venv\Lib\site-packages\django\urls\resolvers.py", line 731, in urlconf_module
    return import_module(self.urlconf_name)
           ^^^^^^^^^^^^^^^^^^^^^^^^^^^^^^^^
  File "C:\Users\Administrator\AppData\Local\Programs\Python\Python311\Lib\importlib\__init__.py", line 126, in import_module
    return _bootstrap._gcd_import(name[level:], package, level)
           ^^^^^^^^^^^^^^^^^^^^^^^^^^^^^^^^^^^^^^^^^^^^^^^^^^^^
  File "<frozen importlib._bootstrap>", line 1206, in _gcd_import
  File "<frozen importlib._bootstrap>", line 1178, in _find_and_load
  File "<frozen importlib._bootstrap>", line 1149, in _find_and_load_unlocked
  File "<frozen importlib._bootstrap>", line 690, in _load_unlocked
  File "<frozen importlib._bootstrap_external>", line 940, in exec_module
  File "<frozen importlib._bootstrap>", line 241, in _call_with_frames_removed
  File "C:\inetpub\wwwroot\e-randevu\dental_management_system\dental\panel_urls.py", line 14, in <module>
    from tenants.odeme_views import abonelik_planlar, abonelik_odeme, abonelik_basarili
  File "C:\inetpub\wwwroot\e-randevu\dental_management_system\tenants\odeme_views.py", line 9, in <module>
    from tenants.iyzico import PLANS, odeme_baslat
  File "C:\inetpub\wwwroot\e-randevu\dental_management_system\tenants\iyzico.py", line 10, in <module>
    import requests
ModuleNotFoundError: No module named 'requests'

During handling of the above exception, another exception occurred:

Traceback (most recent call last):
  File "C:\inetpub\wwwroot\e-randevu\dental_management_system\venv\Lib\site-packages\django\core\handlers\exception.py", line 55, in inner
    response = get_response(request)
               ^^^^^^^^^^^^^^^^^^^^^
  File "C:\inetpub\wwwroot\e-randevu\dental_management_system\venv\Lib\site-packages\django\utils\deprecation.py", line 134, in __call__
    response = response or self.get_response(request)
                           ^^^^^^^^^^^^^^^^^^^^^^^^^^
  File "C:\inetpub\wwwroot\e-randevu\dental_management_system\venv\Lib\site-packages\django\core\handlers\exception.py", line 57, in inner
    response = response_for_exception(request, exc)
               ^^^^^^^^^^^^^^^^^^^^^^^^^^^^^^^^^^^^
  File "C:\inetpub\wwwroot\e-randevu\dental_management_system\venv\Lib\site-packages\django\core\handlers\exception.py", line 140, in response_for_exception
    response = handle_uncaught_exception(
               ^^^^^^^^^^^^^^^^^^^^^^^^^^
  File "C:\inetpub\wwwroot\e-randevu\dental_management_system\venv\Lib\site-packages\django\core\handlers\exception.py", line 181, in handle_uncaught_exception
    return debug.technical_500_response(request, *exc_info)
           ^^^^^^^^^^^^^^^^^^^^^^^^^^^^^^^^^^^^^^^^^^^^^^^^
  File "C:\inetpub\wwwroot\e-randevu\dental_management_system\venv\Lib\site-packages\django\views\debug.py", line 69, in technical_500_response
    html = reporter.get_traceback_html()
           ^^^^^^^^^^^^^^^^^^^^^^^^^^^^^
  File "C:\inetpub\wwwroot\e-randevu\dental_management_system\venv\Lib\site-packages\django\views\debug.py", line 428, in get_traceback_html
    c = Context(self.get_traceback_data(), use_l10n=False)
                ^^^^^^^^^^^^^^^^^^^^^^^^^
  File "C:\inetpub\wwwroot\e-randevu\dental_management_system\venv\Lib\site-packages\django\views\debug.py", line 411, in get_traceback_data
    c["raising_view_name"] = get_caller(self.request)
                             ^^^^^^^^^^^^^^^^^^^^^^^^
  File "C:\inetpub\wwwroot\e-randevu\dental_management_system\venv\Lib\site-packages\django\views\debug.py", line 102, in get_caller
    resolver_match = resolve(request.path)
                     ^^^^^^^^^^^^^^^^^^^^^
  File "C:\inetpub\wwwroot\e-randevu\dental_management_system\venv\Lib\site-packages\django\urls\base.py", line 24, in resolve
    return get_resolver(urlconf).resolve(path)
           ^^^^^^^^^^^^^^^^^^^^^^^^^^^^^^^^^^^
  File "C:\inetpub\wwwroot\e-randevu\dental_management_system\venv\Lib\site-packages\django\urls\resolvers.py", line 686, in resolve
    for pattern in self.url_patterns:
                   ^^^^^^^^^^^^^^^^^
  File "C:\inetpub\wwwroot\e-randevu\dental_management_system\venv\Lib\site-packages\django\utils\functional.py", line 47, in __get__
    res = instance.__dict__[self.name] = self.func(instance)
                                         ^^^^^^^^^^^^^^^^^^^
  File "C:\inetpub\wwwroot\e-randevu\dental_management_system\venv\Lib\site-packages\django\urls\resolvers.py", line 738, in url_patterns
    patterns = getattr(self.urlconf_module, "urlpatterns", self.urlconf_module)
                       ^^^^^^^^^^^^^^^^^^^
  File "C:\inetpub\wwwroot\e-randevu\dental_management_system\venv\Lib\site-packages\django\utils\functional.py", line 47, in __get__
    res = instance.__dict__[self.name] = self.func(instance)
                                         ^^^^^^^^^^^^^^^^^^^
  File "C:\inetpub\wwwroot\e-randevu\dental_management_system\venv\Lib\site-packages\django\urls\resolvers.py", line 731, in urlconf_module
    return import_module(self.urlconf_name)
           ^^^^^^^^^^^^^^^^^^^^^^^^^^^^^^^^
  File "C:\Users\Administrator\AppData\Local\Programs\Python\Python311\Lib\importlib\__init__.py", line 126, in import_module
    return _bootstrap._gcd_import(name[level:], package, level)
           ^^^^^^^^^^^^^^^^^^^^^^^^^^^^^^^^^^^^^^^^^^^^^^^^^^^^
  File "<frozen importlib._bootstrap>", line 1206, in _gcd_import
  File "<frozen importlib._bootstrap>", line 1178, in _find_and_load
  File "<frozen importlib._bootstrap>", line 1149, in _find_and_load_unlocked
  File "<frozen importlib._bootstrap>", line 690, in _load_unlocked
  File "<frozen importlib._bootstrap_external>", line 940, in exec_module
  File "<frozen importlib._bootstrap>", line 241, in _call_with_frames_removed
  File "C:\inetpub\wwwroot\e-randevu\dental_management_system\dental\panel_urls.py", line 14, in <module>
    from tenants.odeme_views import abonelik_planlar, abonelik_odeme, abonelik_basarili
  File "C:\inetpub\wwwroot\e-randevu\dental_management_system\tenants\odeme_views.py", line 9, in <module>
    from tenants.iyzico import PLANS, odeme_baslat
  File "C:\inetpub\wwwroot\e-randevu\dental_management_system\tenants\iyzico.py", line 10, in <module>
    import requests
ModuleNotFoundError: No module named 'requests'

During handling of the above exception, another exception occurred:

Traceback (most recent call last):
  File "C:\inetpub\wwwroot\e-randevu\dental_management_system\venv\Lib\site-packages\django\core\handlers\exception.py", line 55, in inner
    response = get_response(request)
               ^^^^^^^^^^^^^^^^^^^^^
  File "C:\inetpub\wwwroot\e-randevu\dental_management_system\venv\Lib\site-packages\django\utils\deprecation.py", line 134, in __call__
    response = response or self.get_response(request)
                           ^^^^^^^^^^^^^^^^^^^^^^^^^^
  File "C:\inetpub\wwwroot\e-randevu\dental_management_system\venv\Lib\site-packages\django\core\handlers\exception.py", line 57, in inner
    response = response_for_exception(request, exc)
               ^^^^^^^^^^^^^^^^^^^^^^^^^^^^^^^^^^^^
  File "C:\inetpub\wwwroot\e-randevu\dental_management_system\venv\Lib\site-packages\django\core\handlers\exception.py", line 140, in response_for_exception
    response = handle_uncaught_exception(
               ^^^^^^^^^^^^^^^^^^^^^^^^^^
  File "C:\inetpub\wwwroot\e-randevu\dental_management_system\venv\Lib\site-packages\django\core\handlers\exception.py", line 181, in handle_uncaught_exception
    return debug.technical_500_response(request, *exc_info)
           ^^^^^^^^^^^^^^^^^^^^^^^^^^^^^^^^^^^^^^^^^^^^^^^^
  File "C:\inetpub\wwwroot\e-randevu\dental_management_system\venv\Lib\site-packages\django\views\debug.py", line 69, in technical_500_response
    html = reporter.get_traceback_html()
           ^^^^^^^^^^^^^^^^^^^^^^^^^^^^^
  File "C:\inetpub\wwwroot\e-randevu\dental_management_system\venv\Lib\site-packages\django\views\debug.py", line 428, in get_traceback_html
    c = Context(self.get_traceback_data(), use_l10n=False)
                ^^^^^^^^^^^^^^^^^^^^^^^^^
  File "C:\inetpub\wwwroot\e-randevu\dental_management_system\venv\Lib\site-packages\django\views\debug.py", line 411, in get_traceback_data
    c["raising_view_name"] = get_caller(self.request)
                             ^^^^^^^^^^^^^^^^^^^^^^^^
  File "C:\inetpub\wwwroot\e-randevu\dental_management_system\venv\Lib\site-packages\django\views\debug.py", line 102, in get_caller
    resolver_match = resolve(request.path)
                     ^^^^^^^^^^^^^^^^^^^^^
  File "C:\inetpub\wwwroot\e-randevu\dental_management_system\venv\Lib\site-packages\django\urls\base.py", line 24, in resolve
    return get_resolver(urlconf).resolve(path)
           ^^^^^^^^^^^^^^^^^^^^^^^^^^^^^^^^^^^
  File "C:\inetpub\wwwroot\e-randevu\dental_management_system\venv\Lib\site-packages\django\urls\resolvers.py", line 686, in resolve
    for pattern in self.url_patterns:
                   ^^^^^^^^^^^^^^^^^
  File "C:\inetpub\wwwroot\e-randevu\dental_management_system\venv\Lib\site-packages\django\utils\functional.py", line 47, in __get__
    res = instance.__dict__[self.name] = self.func(instance)
                                         ^^^^^^^^^^^^^^^^^^^
  File "C:\inetpub\wwwroot\e-randevu\dental_management_system\venv\Lib\site-packages\django\urls\resolvers.py", line 738, in url_patterns
    patterns = getattr(self.urlconf_module, "urlpatterns", self.urlconf_module)
                       ^^^^^^^^^^^^^^^^^^^
  File "C:\inetpub\wwwroot\e-randevu\dental_management_system\venv\Lib\site-packages\django\utils\functional.py", line 47, in __get__
    res = instance.__dict__[self.name] = self.func(instance)
                                         ^^^^^^^^^^^^^^^^^^^
  File "C:\inetpub\wwwroot\e-randevu\dental_management_system\venv\Lib\site-packages\django\urls\resolvers.py", line 731, in urlconf_module
    return import_module(self.urlconf_name)
           ^^^^^^^^^^^^^^^^^^^^^^^^^^^^^^^^
  File "C:\Users\Administrator\AppData\Local\Programs\Python\Python311\Lib\importlib\__init__.py", line 126, in import_module
    return _bootstrap._gcd_import(name[level:], package, level)
           ^^^^^^^^^^^^^^^^^^^^^^^^^^^^^^^^^^^^^^^^^^^^^^^^^^^^
  File "<frozen importlib._bootstrap>", line 1206, in _gcd_import
  File "<frozen importlib._bootstrap>", line 1178, in _find_and_load
  File "<frozen importlib._bootstrap>", line 1149, in _find_and_load_unlocked
  File "<frozen importlib._bootstrap>", line 690, in _load_unlocked
  File "<frozen importlib._bootstrap_external>", line 940, in exec_module
  File "<frozen importlib._bootstrap>", line 241, in _call_with_frames_removed
  File "C:\inetpub\wwwroot\e-randevu\dental_management_system\dental\panel_urls.py", line 14, in <module>
    from tenants.odeme_views import abonelik_planlar, abonelik_odeme, abonelik_basarili
  File "C:\inetpub\wwwroot\e-randevu\dental_management_system\tenants\odeme_views.py", line 9, in <module>
    from tenants.iyzico import PLANS, odeme_baslat
  File "C:\inetpub\wwwroot\e-randevu\dental_management_system\tenants\iyzico.py", line 10, in <module>
    import requests
ModuleNotFoundError: No module named 'requests'

During handling of the above exception, another exception occurred:

Traceback (most recent call last):
  File "C:\inetpub\wwwroot\e-randevu\dental_management_system\venv\Lib\site-packages\django\core\handlers\exception.py", line 55, in inner
    response = get_response(request)
               ^^^^^^^^^^^^^^^^^^^^^
  File "C:\inetpub\wwwroot\e-randevu\dental_management_system\venv\Lib\site-packages\django\utils\deprecation.py", line 134, in __call__
    response = response or self.get_response(request)
                           ^^^^^^^^^^^^^^^^^^^^^^^^^^
  File "C:\inetpub\wwwroot\e-randevu\dental_management_system\venv\Lib\site-packages\django\core\handlers\exception.py", line 57, in inner
    response = response_for_exception(request, exc)
               ^^^^^^^^^^^^^^^^^^^^^^^^^^^^^^^^^^^^
  File "C:\inetpub\wwwroot\e-randevu\dental_management_system\venv\Lib\site-packages\django\core\handlers\exception.py", line 140, in response_for_exception
    response = handle_uncaught_exception(
               ^^^^^^^^^^^^^^^^^^^^^^^^^^
  File "C:\inetpub\wwwroot\e-randevu\dental_management_system\venv\Lib\site-packages\django\core\handlers\exception.py", line 181, in handle_uncaught_exception
    return debug.technical_500_response(request, *exc_info)
           ^^^^^^^^^^^^^^^^^^^^^^^^^^^^^^^^^^^^^^^^^^^^^^^^
  File "C:\inetpub\wwwroot\e-randevu\dental_management_system\venv\Lib\site-packages\django\views\debug.py", line 69, in technical_500_response
    html = reporter.get_traceback_html()
           ^^^^^^^^^^^^^^^^^^^^^^^^^^^^^
  File "C:\inetpub\wwwroot\e-randevu\dental_management_system\venv\Lib\site-packages\django\views\debug.py", line 428, in get_traceback_html
    c = Context(self.get_traceback_data(), use_l10n=False)
                ^^^^^^^^^^^^^^^^^^^^^^^^^
  File "C:\inetpub\wwwroot\e-randevu\dental_management_system\venv\Lib\site-packages\django\views\debug.py", line 411, in get_traceback_data
    c["raising_view_name"] = get_caller(self.request)
                             ^^^^^^^^^^^^^^^^^^^^^^^^
  File "C:\inetpub\wwwroot\e-randevu\dental_management_system\venv\Lib\site-packages\django\views\debug.py", line 102, in get_caller
    resolver_match = resolve(request.path)
                     ^^^^^^^^^^^^^^^^^^^^^
  File "C:\inetpub\wwwroot\e-randevu\dental_management_system\venv\Lib\site-packages\django\urls\base.py", line 24, in resolve
    return get_resolver(urlconf).resolve(path)
           ^^^^^^^^^^^^^^^^^^^^^^^^^^^^^^^^^^^
  File "C:\inetpub\wwwroot\e-randevu\dental_management_system\venv\Lib\site-packages\django\urls\resolvers.py", line 686, in resolve
    for pattern in self.url_patterns:
                   ^^^^^^^^^^^^^^^^^
  File "C:\inetpub\wwwroot\e-randevu\dental_management_system\venv\Lib\site-packages\django\utils\functional.py", line 47, in __get__
    res = instance.__dict__[self.name] = self.func(instance)
                                         ^^^^^^^^^^^^^^^^^^^
  File "C:\inetpub\wwwroot\e-randevu\dental_management_system\venv\Lib\site-packages\django\urls\resolvers.py", line 738, in url_patterns
    patterns = getattr(self.urlconf_module, "urlpatterns", self.urlconf_module)
                       ^^^^^^^^^^^^^^^^^^^
  File "C:\inetpub\wwwroot\e-randevu\dental_management_system\venv\Lib\site-packages\django\utils\functional.py", line 47, in __get__
    res = instance.__dict__[self.name] = self.func(instance)
                                         ^^^^^^^^^^^^^^^^^^^
  File "C:\inetpub\wwwroot\e-randevu\dental_management_system\venv\Lib\site-packages\django\urls\resolvers.py", line 731, in urlconf_module
    return import_module(self.urlconf_name)
           ^^^^^^^^^^^^^^^^^^^^^^^^^^^^^^^^
  File "C:\Users\Administrator\AppData\Local\Programs\Python\Python311\Lib\importlib\__init__.py", line 126, in import_module
    return _bootstrap._gcd_import(name[level:], package, level)
           ^^^^^^^^^^^^^^^^^^^^^^^^^^^^^^^^^^^^^^^^^^^^^^^^^^^^
  File "<frozen importlib._bootstrap>", line 1206, in _gcd_import
  File "<frozen importlib._bootstrap>", line 1178, in _find_and_load
  File "<frozen importlib._bootstrap>", line 1149, in _find_and_load_unlocked
  File "<frozen importlib._bootstrap>", line 690, in _load_unlocked
  File "<frozen importlib._bootstrap_external>", line 940, in exec_module
  File "<frozen importlib._bootstrap>", line 241, in _call_with_frames_removed
  File "C:\inetpub\wwwroot\e-randevu\dental_management_system\dental\panel_urls.py", line 14, in <module>
    from tenants.odeme_views import abonelik_planlar, abonelik_odeme, abonelik_basarili
  File "C:\inetpub\wwwroot\e-randevu\dental_management_system\tenants\odeme_views.py", line 9, in <module>
    from tenants.iyzico import PLANS, odeme_baslat
  File "C:\inetpub\wwwroot\e-randevu\dental_management_system\tenants\iyzico.py", line 10, in <module>
    import requests
ModuleNotFoundError: No module named 'requests'

During handling of the above exception, another exception occurred:

Traceback (most recent call last):
  File "C:\inetpub\wwwroot\e-randevu\dental_management_system\venv\Lib\site-packages\django\core\handlers\exception.py", line 55, in inner
    response = get_response(request)
               ^^^^^^^^^^^^^^^^^^^^^
  File "C:\inetpub\wwwroot\e-randevu\dental_management_system\venv\Lib\site-packages\django\utils\deprecation.py", line 134, in __call__
    response = response or self.get_response(request)
                           ^^^^^^^^^^^^^^^^^^^^^^^^^^
  File "C:\inetpub\wwwroot\e-randevu\dental_management_system\venv\Lib\site-packages\django\core\handlers\exception.py", line 57, in inner
    response = response_for_exception(request, exc)
               ^^^^^^^^^^^^^^^^^^^^^^^^^^^^^^^^^^^^
  File "C:\inetpub\wwwroot\e-randevu\dental_management_system\venv\Lib\site-packages\django\core\handlers\exception.py", line 140, in response_for_exception
    response = handle_uncaught_exception(
               ^^^^^^^^^^^^^^^^^^^^^^^^^^
  File "C:\inetpub\wwwroot\e-randevu\dental_management_system\venv\Lib\site-packages\django\core\handlers\exception.py", line 181, in handle_uncaught_exception
    return debug.technical_500_response(request, *exc_info)
           ^^^^^^^^^^^^^^^^^^^^^^^^^^^^^^^^^^^^^^^^^^^^^^^^
  File "C:\inetpub\wwwroot\e-randevu\dental_management_system\venv\Lib\site-packages\django\views\debug.py", line 69, in technical_500_response
    html = reporter.get_traceback_html()
           ^^^^^^^^^^^^^^^^^^^^^^^^^^^^^
  File "C:\inetpub\wwwroot\e-randevu\dental_management_system\venv\Lib\site-packages\django\views\debug.py", line 428, in get_traceback_html
    c = Context(self.get_traceback_data(), use_l10n=False)
                ^^^^^^^^^^^^^^^^^^^^^^^^^
  File "C:\inetpub\wwwroot\e-randevu\dental_management_system\venv\Lib\site-packages\django\views\debug.py", line 411, in get_traceback_data
    c["raising_view_name"] = get_caller(self.request)
                             ^^^^^^^^^^^^^^^^^^^^^^^^
  File "C:\inetpub\wwwroot\e-randevu\dental_management_system\venv\Lib\site-packages\django\views\debug.py", line 102, in get_caller
    resolver_match = resolve(request.path)
                     ^^^^^^^^^^^^^^^^^^^^^
  File "C:\inetpub\wwwroot\e-randevu\dental_management_system\venv\Lib\site-packages\django\urls\base.py", line 24, in resolve
    return get_resolver(urlconf).resolve(path)
           ^^^^^^^^^^^^^^^^^^^^^^^^^^^^^^^^^^^
  File "C:\inetpub\wwwroot\e-randevu\dental_management_system\venv\Lib\site-packages\django\urls\resolvers.py", line 686, in resolve
    for pattern in self.url_patterns:
                   ^^^^^^^^^^^^^^^^^
  File "C:\inetpub\wwwroot\e-randevu\dental_management_system\venv\Lib\site-packages\django\utils\functional.py", line 47, in __get__
    res = instance.__dict__[self.name] = self.func(instance)
                                         ^^^^^^^^^^^^^^^^^^^
  File "C:\inetpub\wwwroot\e-randevu\dental_management_system\venv\Lib\site-packages\django\urls\resolvers.py", line 738, in url_patterns
    patterns = getattr(self.urlconf_module, "urlpatterns", self.urlconf_module)
                       ^^^^^^^^^^^^^^^^^^^
  File "C:\inetpub\wwwroot\e-randevu\dental_management_system\venv\Lib\site-packages\django\utils\functional.py", line 47, in __get__
    res = instance.__dict__[self.name] = self.func(instance)
                                         ^^^^^^^^^^^^^^^^^^^
  File "C:\inetpub\wwwroot\e-randevu\dental_management_system\venv\Lib\site-packages\django\urls\resolvers.py", line 731, in urlconf_module
    return import_module(self.urlconf_name)
           ^^^^^^^^^^^^^^^^^^^^^^^^^^^^^^^^
  File "C:\Users\Administrator\AppData\Local\Programs\Python\Python311\Lib\importlib\__init__.py", line 126, in import_module
    return _bootstrap._gcd_import(name[level:], package, level)
           ^^^^^^^^^^^^^^^^^^^^^^^^^^^^^^^^^^^^^^^^^^^^^^^^^^^^
  File "<frozen importlib._bootstrap>", line 1206, in _gcd_import
  File "<frozen importlib._bootstrap>", line 1178, in _find_and_load
  File "<frozen importlib._bootstrap>", line 1149, in _find_and_load_unlocked
  File "<frozen importlib._bootstrap>", line 690, in _load_unlocked
  File "<frozen importlib._bootstrap_external>", line 940, in exec_module
  File "<frozen importlib._bootstrap>", line 241, in _call_with_frames_removed
  File "C:\inetpub\wwwroot\e-randevu\dental_management_system\dental\panel_urls.py", line 14, in <module>
    from tenants.odeme_views import abonelik_planlar, abonelik_odeme, abonelik_basarili
  File "C:\inetpub\wwwroot\e-randevu\dental_management_system\tenants\odeme_views.py", line 9, in <module>
    from tenants.iyzico import PLANS, odeme_baslat
  File "C:\inetpub\wwwroot\e-randevu\dental_management_system\tenants\iyzico.py", line 10, in <module>
    import requests
ModuleNotFoundError: No module named 'requests'

During handling of the above exception, another exception occurred:

Traceback (most recent call last):
  File "C:\inetpub\wwwroot\e-randevu\dental_management_system\venv\Lib\site-packages\django\core\handlers\exception.py", line 55, in inner
    response = get_response(request)
               ^^^^^^^^^^^^^^^^^^^^^
  File "C:\inetpub\wwwroot\e-randevu\dental_management_system\venv\Lib\site-packages\django\utils\deprecation.py", line 134, in __call__
    response = response or self.get_response(request)
                           ^^^^^^^^^^^^^^^^^^^^^^^^^^
  File "C:\inetpub\wwwroot\e-randevu\dental_management_system\venv\Lib\site-packages\django\core\handlers\exception.py", line 57, in inner
    response = response_for_exception(request, exc)
               ^^^^^^^^^^^^^^^^^^^^^^^^^^^^^^^^^^^^
  File "C:\inetpub\wwwroot\e-randevu\dental_management_system\venv\Lib\site-packages\django\core\handlers\exception.py", line 140, in response_for_exception
    response = handle_uncaught_exception(
               ^^^^^^^^^^^^^^^^^^^^^^^^^^
  File "C:\inetpub\wwwroot\e-randevu\dental_management_system\venv\Lib\site-packages\django\core\handlers\exception.py", line 181, in handle_uncaught_exception
    return debug.technical_500_response(request, *exc_info)
           ^^^^^^^^^^^^^^^^^^^^^^^^^^^^^^^^^^^^^^^^^^^^^^^^
  File "C:\inetpub\wwwroot\e-randevu\dental_management_system\venv\Lib\site-packages\django\views\debug.py", line 69, in technical_500_response
    html = reporter.get_traceback_html()
           ^^^^^^^^^^^^^^^^^^^^^^^^^^^^^
  File "C:\inetpub\wwwroot\e-randevu\dental_management_system\venv\Lib\site-packages\django\views\debug.py", line 428, in get_traceback_html
    c = Context(self.get_traceback_data(), use_l10n=False)
                ^^^^^^^^^^^^^^^^^^^^^^^^^
  File "C:\inetpub\wwwroot\e-randevu\dental_management_system\venv\Lib\site-packages\django\views\debug.py", line 411, in get_traceback_data
    c["raising_view_name"] = get_caller(self.request)
                             ^^^^^^^^^^^^^^^^^^^^^^^^
  File "C:\inetpub\wwwroot\e-randevu\dental_management_system\venv\Lib\site-packages\django\views\debug.py", line 102, in get_caller
    resolver_match = resolve(request.path)
                     ^^^^^^^^^^^^^^^^^^^^^
  File "C:\inetpub\wwwroot\e-randevu\dental_management_system\venv\Lib\site-packages\django\urls\base.py", line 24, in resolve
    return get_resolver(urlconf).resolve(path)
           ^^^^^^^^^^^^^^^^^^^^^^^^^^^^^^^^^^^
  File "C:\inetpub\wwwroot\e-randevu\dental_management_system\venv\Lib\site-packages\django\urls\resolvers.py", line 686, in resolve
    for pattern in self.url_patterns:
                   ^^^^^^^^^^^^^^^^^
  File "C:\inetpub\wwwroot\e-randevu\dental_management_system\venv\Lib\site-packages\django\utils\functional.py", line 47, in __get__
    res = instance.__dict__[self.name] = self.func(instance)
                                         ^^^^^^^^^^^^^^^^^^^
  File "C:\inetpub\wwwroot\e-randevu\dental_management_system\venv\Lib\site-packages\django\urls\resolvers.py", line 738, in url_patterns
    patterns = getattr(self.urlconf_module, "urlpatterns", self.urlconf_module)
                       ^^^^^^^^^^^^^^^^^^^
  File "C:\inetpub\wwwroot\e-randevu\dental_management_system\venv\Lib\site-packages\django\utils\functional.py", line 47, in __get__
    res = instance.__dict__[self.name] = self.func(instance)
                                         ^^^^^^^^^^^^^^^^^^^
  File "C:\inetpub\wwwroot\e-randevu\dental_management_system\venv\Lib\site-packages\django\urls\resolvers.py", line 731, in urlconf_module
    return import_module(self.urlconf_name)
           ^^^^^^^^^^^^^^^^^^^^^^^^^^^^^^^^
  File "C:\Users\Administrator\AppData\Local\Programs\Python\Python311\Lib\importlib\__init__.py", line 126, in import_module
    return _bootstrap._gcd_import(name[level:], package, level)
           ^^^^^^^^^^^^^^^^^^^^^^^^^^^^^^^^^^^^^^^^^^^^^^^^^^^^
  File "<frozen importlib._bootstrap>", line 1206, in _gcd_import
  File "<frozen importlib._bootstrap>", line 1178, in _find_and_load
  File "<frozen importlib._bootstrap>", line 1149, in _find_and_load_unlocked
  File "<frozen importlib._bootstrap>", line 690, in _load_unlocked
  File "<frozen importlib._bootstrap_external>", line 940, in exec_module
  File "<frozen importlib._bootstrap>", line 241, in _call_with_frames_removed
  File "C:\inetpub\wwwroot\e-randevu\dental_management_system\dental\panel_urls.py", line 14, in <module>
    from tenants.odeme_views import abonelik_planlar, abonelik_odeme, abonelik_basarili
  File "C:\inetpub\wwwroot\e-randevu\dental_management_system\tenants\odeme_views.py", line 9, in <module>
    from tenants.iyzico import PLANS, odeme_baslat
  File "C:\inetpub\wwwroot\e-randevu\dental_management_system\tenants\iyzico.py", line 10, in <module>
    import requests
ModuleNotFoundError: No module named 'requests'

During handling of the above exception, another exception occurred:

Traceback (most recent call last):
  File "C:\inetpub\wwwroot\e-randevu\dental_management_system\venv\Lib\site-packages\django\core\handlers\exception.py", line 55, in inner
    response = get_response(request)
               ^^^^^^^^^^^^^^^^^^^^^
  File "C:\inetpub\wwwroot\e-randevu\dental_management_system\venv\Lib\site-packages\django\utils\deprecation.py", line 134, in __call__
    response = response or self.get_response(request)
                           ^^^^^^^^^^^^^^^^^^^^^^^^^^
  File "C:\inetpub\wwwroot\e-randevu\dental_management_system\venv\Lib\site-packages\django\core\handlers\exception.py", line 57, in inner
    response = response_for_exception(request, exc)
               ^^^^^^^^^^^^^^^^^^^^^^^^^^^^^^^^^^^^
  File "C:\inetpub\wwwroot\e-randevu\dental_management_system\venv\Lib\site-packages\django\core\handlers\exception.py", line 140, in response_for_exception
    response = handle_uncaught_exception(
               ^^^^^^^^^^^^^^^^^^^^^^^^^^
  File "C:\inetpub\wwwroot\e-randevu\dental_management_system\venv\Lib\site-packages\django\core\handlers\exception.py", line 181, in handle_uncaught_exception
    return debug.technical_500_response(request, *exc_info)
           ^^^^^^^^^^^^^^^^^^^^^^^^^^^^^^^^^^^^^^^^^^^^^^^^
  File "C:\inetpub\wwwroot\e-randevu\dental_management_system\venv\Lib\site-packages\django\views\debug.py", line 69, in technical_500_response
    html = reporter.get_traceback_html()
           ^^^^^^^^^^^^^^^^^^^^^^^^^^^^^
  File "C:\inetpub\wwwroot\e-randevu\dental_management_system\venv\Lib\site-packages\django\views\debug.py", line 428, in get_traceback_html
    c = Context(self.get_traceback_data(), use_l10n=False)
                ^^^^^^^^^^^^^^^^^^^^^^^^^
  File "C:\inetpub\wwwroot\e-randevu\dental_management_system\venv\Lib\site-packages\django\views\debug.py", line 411, in get_traceback_data
    c["raising_view_name"] = get_caller(self.request)
                             ^^^^^^^^^^^^^^^^^^^^^^^^
  File "C:\inetpub\wwwroot\e-randevu\dental_management_system\venv\Lib\site-packages\django\views\debug.py", line 102, in get_caller
    resolver_match = resolve(request.path)
                     ^^^^^^^^^^^^^^^^^^^^^
  File "C:\inetpub\wwwroot\e-randevu\dental_management_system\venv\Lib\site-packages\django\urls\base.py", line 24, in resolve
    return get_resolver(urlconf).resolve(path)
           ^^^^^^^^^^^^^^^^^^^^^^^^^^^^^^^^^^^
  File "C:\inetpub\wwwroot\e-randevu\dental_management_system\venv\Lib\site-packages\django\urls\resolvers.py", line 686, in resolve
    for pattern in self.url_patterns:
                   ^^^^^^^^^^^^^^^^^
  File "C:\inetpub\wwwroot\e-randevu\dental_management_system\venv\Lib\site-packages\django\utils\functional.py", line 47, in __get__
    res = instance.__dict__[self.name] = self.func(instance)
                                         ^^^^^^^^^^^^^^^^^^^
  File "C:\inetpub\wwwroot\e-randevu\dental_management_system\venv\Lib\site-packages\django\urls\resolvers.py", line 738, in url_patterns
    patterns = getattr(self.urlconf_module, "urlpatterns", self.urlconf_module)
                       ^^^^^^^^^^^^^^^^^^^
  File "C:\inetpub\wwwroot\e-randevu\dental_management_system\venv\Lib\site-packages\django\utils\functional.py", line 47, in __get__
    res = instance.__dict__[self.name] = self.func(instance)
                                         ^^^^^^^^^^^^^^^^^^^
  File "C:\inetpub\wwwroot\e-randevu\dental_management_system\venv\Lib\site-packages\django\urls\resolvers.py", line 731, in urlconf_module
    return import_module(self.urlconf_name)
           ^^^^^^^^^^^^^^^^^^^^^^^^^^^^^^^^
  File "C:\Users\Administrator\AppData\Local\Programs\Python\Python311\Lib\importlib\__init__.py", line 126, in import_module
    return _bootstrap._gcd_import(name[level:], package, level)
           ^^^^^^^^^^^^^^^^^^^^^^^^^^^^^^^^^^^^^^^^^^^^^^^^^^^^
  File "<frozen importlib._bootstrap>", line 1206, in _gcd_import
  File "<frozen importlib._bootstrap>", line 1178, in _find_and_load
  File "<frozen importlib._bootstrap>", line 1149, in _find_and_load_unlocked
  File "<frozen importlib._bootstrap>", line 690, in _load_unlocked
  File "<frozen importlib._bootstrap_external>", line 940, in exec_module
  File "<frozen importlib._bootstrap>", line 241, in _call_with_frames_removed
  File "C:\inetpub\wwwroot\e-randevu\dental_management_system\dental\panel_urls.py", line 14, in <module>
    from tenants.odeme_views import abonelik_planlar, abonelik_odeme, abonelik_basarili
  File "C:\inetpub\wwwroot\e-randevu\dental_management_system\tenants\odeme_views.py", line 9, in <module>
    from tenants.iyzico import PLANS, odeme_baslat
  File "C:\inetpub\wwwroot\e-randevu\dental_management_system\tenants\iyzico.py", line 10, in <module>
    import requests
ModuleNotFoundError: No module named 'requests'

During handling of the above exception, another exception occurred:

Traceback (most recent call last):
  File "C:\inetpub\wwwroot\e-randevu\dental_management_system\venv\Lib\site-packages\django\core\handlers\exception.py", line 55, in inner
    response = get_response(request)
               ^^^^^^^^^^^^^^^^^^^^^
  File "C:\inetpub\wwwroot\e-randevu\dental_management_system\venv\Lib\site-packages\django\utils\deprecation.py", line 134, in __call__
    response = response or self.get_response(request)
                           ^^^^^^^^^^^^^^^^^^^^^^^^^^
  File "C:\inetpub\wwwroot\e-randevu\dental_management_system\venv\Lib\site-packages\django\core\handlers\exception.py", line 57, in inner
    response = response_for_exception(request, exc)
               ^^^^^^^^^^^^^^^^^^^^^^^^^^^^^^^^^^^^
  File "C:\inetpub\wwwroot\e-randevu\dental_management_system\venv\Lib\site-packages\django\core\handlers\exception.py", line 140, in response_for_exception
    response = handle_uncaught_exception(
               ^^^^^^^^^^^^^^^^^^^^^^^^^^
  File "C:\inetpub\wwwroot\e-randevu\dental_management_system\venv\Lib\site-packages\django\core\handlers\exception.py", line 181, in handle_uncaught_exception
    return debug.technical_500_response(request, *exc_info)
           ^^^^^^^^^^^^^^^^^^^^^^^^^^^^^^^^^^^^^^^^^^^^^^^^
  File "C:\inetpub\wwwroot\e-randevu\dental_management_system\venv\Lib\site-packages\django\views\debug.py", line 69, in technical_500_response
    html = reporter.get_traceback_html()
           ^^^^^^^^^^^^^^^^^^^^^^^^^^^^^
  File "C:\inetpub\wwwroot\e-randevu\dental_management_system\venv\Lib\site-packages\django\views\debug.py", line 428, in get_traceback_html
    c = Context(self.get_traceback_data(), use_l10n=False)
                ^^^^^^^^^^^^^^^^^^^^^^^^^
  File "C:\inetpub\wwwroot\e-randevu\dental_management_system\venv\Lib\site-packages\django\views\debug.py", line 411, in get_traceback_data
    c["raising_view_name"] = get_caller(self.request)
                             ^^^^^^^^^^^^^^^^^^^^^^^^
  File "C:\inetpub\wwwroot\e-randevu\dental_management_system\venv\Lib\site-packages\django\views\debug.py", line 102, in get_caller
    resolver_match = resolve(request.path)
                     ^^^^^^^^^^^^^^^^^^^^^
  File "C:\inetpub\wwwroot\e-randevu\dental_management_system\venv\Lib\site-packages\django\urls\base.py", line 24, in resolve
    return get_resolver(urlconf).resolve(path)
           ^^^^^^^^^^^^^^^^^^^^^^^^^^^^^^^^^^^
  File "C:\inetpub\wwwroot\e-randevu\dental_management_system\venv\Lib\site-packages\django\urls\resolvers.py", line 686, in resolve
    for pattern in self.url_patterns:
                   ^^^^^^^^^^^^^^^^^
  File "C:\inetpub\wwwroot\e-randevu\dental_management_system\venv\Lib\site-packages\django\utils\functional.py", line 47, in __get__
    res = instance.__dict__[self.name] = self.func(instance)
                                         ^^^^^^^^^^^^^^^^^^^
  File "C:\inetpub\wwwroot\e-randevu\dental_management_system\venv\Lib\site-packages\django\urls\resolvers.py", line 738, in url_patterns
    patterns = getattr(self.urlconf_module, "urlpatterns", self.urlconf_module)
                       ^^^^^^^^^^^^^^^^^^^
  File "C:\inetpub\wwwroot\e-randevu\dental_management_system\venv\Lib\site-packages\django\utils\functional.py", line 47, in __get__
    res = instance.__dict__[self.name] = self.func(instance)
                                         ^^^^^^^^^^^^^^^^^^^
  File "C:\inetpub\wwwroot\e-randevu\dental_management_system\venv\Lib\site-packages\django\urls\resolvers.py", line 731, in urlconf_module
    return import_module(self.urlconf_name)
           ^^^^^^^^^^^^^^^^^^^^^^^^^^^^^^^^
  File "C:\Users\Administrator\AppData\Local\Programs\Python\Python311\Lib\importlib\__init__.py", line 126, in import_module
    return _bootstrap._gcd_import(name[level:], package, level)
           ^^^^^^^^^^^^^^^^^^^^^^^^^^^^^^^^^^^^^^^^^^^^^^^^^^^^
  File "<frozen importlib._bootstrap>", line 1206, in _gcd_import
  File "<frozen importlib._bootstrap>", line 1178, in _find_and_load
  File "<frozen importlib._bootstrap>", line 1149, in _find_and_load_unlocked
  File "<frozen importlib._bootstrap>", line 690, in _load_unlocked
  File "<frozen importlib._bootstrap_external>", line 940, in exec_module
  File "<frozen importlib._bootstrap>", line 241, in _call_with_frames_removed
  File "C:\inetpub\wwwroot\e-randevu\dental_management_system\dental\panel_urls.py", line 14, in <module>
    from tenants.odeme_views import abonelik_planlar, abonelik_odeme, abonelik_basarili
  File "C:\inetpub\wwwroot\e-randevu\dental_management_system\tenants\odeme_views.py", line 9, in <module>
    from tenants.iyzico import PLANS, odeme_baslat
  File "C:\inetpub\wwwroot\e-randevu\dental_management_system\tenants\iyzico.py", line 10, in <module>
    import requests
ModuleNotFoundError: No module named 'requests'

During handling of the above exception, another exception occurred:

Traceback (most recent call last):
  File "C:\inetpub\wwwroot\e-randevu\dental_management_system\venv\Lib\site-packages\django\core\handlers\exception.py", line 55, in inner
    response = get_response(request)
               ^^^^^^^^^^^^^^^^^^^^^
  File "C:\inetpub\wwwroot\e-randevu\dental_management_system\dental\middleware.py", line 66, in __call__
    return self.get_response(request)
           ^^^^^^^^^^^^^^^^^^^^^^^^^^
  File "C:\inetpub\wwwroot\e-randevu\dental_management_system\venv\Lib\site-packages\django\core\handlers\exception.py", line 57, in inner
    response = response_for_exception(request, exc)
               ^^^^^^^^^^^^^^^^^^^^^^^^^^^^^^^^^^^^
  File "C:\inetpub\wwwroot\e-randevu\dental_management_system\venv\Lib\site-packages\django\core\handlers\exception.py", line 140, in response_for_exception
    response = handle_uncaught_exception(
               ^^^^^^^^^^^^^^^^^^^^^^^^^^
  File "C:\inetpub\wwwroot\e-randevu\dental_management_system\venv\Lib\site-packages\django\core\handlers\exception.py", line 181, in handle_uncaught_exception
    return debug.technical_500_response(request, *exc_info)
           ^^^^^^^^^^^^^^^^^^^^^^^^^^^^^^^^^^^^^^^^^^^^^^^^
  File "C:\inetpub\wwwroot\e-randevu\dental_management_system\venv\Lib\site-packages\django\views\debug.py", line 69, in technical_500_response
    html = reporter.get_traceback_html()
           ^^^^^^^^^^^^^^^^^^^^^^^^^^^^^
  File "C:\inetpub\wwwroot\e-randevu\dental_management_system\venv\Lib\site-packages\django\views\debug.py", line 428, in get_traceback_html
    c = Context(self.get_traceback_data(), use_l10n=False)
                ^^^^^^^^^^^^^^^^^^^^^^^^^
  File "C:\inetpub\wwwroot\e-randevu\dental_management_system\venv\Lib\site-packages\django\views\debug.py", line 411, in get_traceback_data
    c["raising_view_name"] = get_caller(self.request)
                             ^^^^^^^^^^^^^^^^^^^^^^^^
  File "C:\inetpub\wwwroot\e-randevu\dental_management_system\venv\Lib\site-packages\django\views\debug.py", line 102, in get_caller
    resolver_match = resolve(request.path)
                     ^^^^^^^^^^^^^^^^^^^^^
  File "C:\inetpub\wwwroot\e-randevu\dental_management_system\venv\Lib\site-packages\django\urls\base.py", line 24, in resolve
    return get_resolver(urlconf).resolve(path)
           ^^^^^^^^^^^^^^^^^^^^^^^^^^^^^^^^^^^
  File "C:\inetpub\wwwroot\e-randevu\dental_management_system\venv\Lib\site-packages\django\urls\resolvers.py", line 686, in resolve
    for pattern in self.url_patterns:
                   ^^^^^^^^^^^^^^^^^
  File "C:\inetpub\wwwroot\e-randevu\dental_management_system\venv\Lib\site-packages\django\utils\functional.py", line 47, in __get__
    res = instance.__dict__[self.name] = self.func(instance)
                                         ^^^^^^^^^^^^^^^^^^^
  File "C:\inetpub\wwwroot\e-randevu\dental_management_system\venv\Lib\site-packages\django\urls\resolvers.py", line 738, in url_patterns
    patterns = getattr(self.urlconf_module, "urlpatterns", self.urlconf_module)
                       ^^^^^^^^^^^^^^^^^^^
  File "C:\inetpub\wwwroot\e-randevu\dental_management_system\venv\Lib\site-packages\django\utils\functional.py", line 47, in __get__
    res = instance.__dict__[self.name] = self.func(instance)
                                         ^^^^^^^^^^^^^^^^^^^
  File "C:\inetpub\wwwroot\e-randevu\dental_management_system\venv\Lib\site-packages\django\urls\resolvers.py", line 731, in urlconf_module
    return import_module(self.urlconf_name)
           ^^^^^^^^^^^^^^^^^^^^^^^^^^^^^^^^
  File "C:\Users\Administrator\AppData\Local\Programs\Python\Python311\Lib\importlib\__init__.py", line 126, in import_module
    return _bootstrap._gcd_import(name[level:], package, level)
           ^^^^^^^^^^^^^^^^^^^^^^^^^^^^^^^^^^^^^^^^^^^^^^^^^^^^
  File "<frozen importlib._bootstrap>", line 1206, in _gcd_import
  File "<frozen importlib._bootstrap>", line 1178, in _find_and_load
  File "<frozen importlib._bootstrap>", line 1149, in _find_and_load_unlocked
  File "<frozen importlib._bootstrap>", line 690, in _load_unlocked
  File "<frozen importlib._bootstrap_external>", line 940, in exec_module
  File "<frozen importlib._bootstrap>", line 241, in _call_with_frames_removed
  File "C:\inetpub\wwwroot\e-randevu\dental_management_system\dental\panel_urls.py", line 14, in <module>
    from tenants.odeme_views import abonelik_planlar, abonelik_odeme, abonelik_basarili
  File "C:\inetpub\wwwroot\e-randevu\dental_management_system\tenants\odeme_views.py", line 9, in <module>
    from tenants.iyzico import PLANS, odeme_baslat
  File "C:\inetpub\wwwroot\e-randevu\dental_management_system\tenants\iyzico.py", line 10, in <module>
    import requests
ModuleNotFoundError: No module named 'requests'

During handling of the above exception, another exception occurred:

Traceback (most recent call last):
  File "C:\inetpub\wwwroot\e-randevu\dental_management_system\venv\Lib\site-packages\django\core\handlers\exception.py", line 55, in inner
    response = get_response(request)
               ^^^^^^^^^^^^^^^^^^^^^
  File "C:\inetpub\wwwroot\e-randevu\dental_management_system\dental\middleware.py", line 47, in __call__
    response = self.get_response(request)
               ^^^^^^^^^^^^^^^^^^^^^^^^^^
  File "C:\inetpub\wwwroot\e-randevu\dental_management_system\venv\Lib\site-packages\django\core\handlers\exception.py", line 57, in inner
    response = response_for_exception(request, exc)
               ^^^^^^^^^^^^^^^^^^^^^^^^^^^^^^^^^^^^
  File "C:\inetpub\wwwroot\e-randevu\dental_management_system\venv\Lib\site-packages\django\core\handlers\exception.py", line 140, in response_for_exception
    response = handle_uncaught_exception(
               ^^^^^^^^^^^^^^^^^^^^^^^^^^
  File "C:\inetpub\wwwroot\e-randevu\dental_management_system\venv\Lib\site-packages\django\core\handlers\exception.py", line 181, in handle_uncaught_exception
    return debug.technical_500_response(request, *exc_info)
           ^^^^^^^^^^^^^^^^^^^^^^^^^^^^^^^^^^^^^^^^^^^^^^^^
  File "C:\inetpub\wwwroot\e-randevu\dental_management_system\venv\Lib\site-packages\django\views\debug.py", line 69, in technical_500_response
    html = reporter.get_traceback_html()
           ^^^^^^^^^^^^^^^^^^^^^^^^^^^^^
  File "C:\inetpub\wwwroot\e-randevu\dental_management_system\venv\Lib\site-packages\django\views\debug.py", line 428, in get_traceback_html
    c = Context(self.get_traceback_data(), use_l10n=False)
                ^^^^^^^^^^^^^^^^^^^^^^^^^
  File "C:\inetpub\wwwroot\e-randevu\dental_management_system\venv\Lib\site-packages\django\views\debug.py", line 411, in get_traceback_data
    c["raising_view_name"] = get_caller(self.request)
                             ^^^^^^^^^^^^^^^^^^^^^^^^
  File "C:\inetpub\wwwroot\e-randevu\dental_management_system\venv\Lib\site-packages\django\views\debug.py", line 102, in get_caller
    resolver_match = resolve(request.path)
                     ^^^^^^^^^^^^^^^^^^^^^
  File "C:\inetpub\wwwroot\e-randevu\dental_management_system\venv\Lib\site-packages\django\urls\base.py", line 24, in resolve
    return get_resolver(urlconf).resolve(path)
           ^^^^^^^^^^^^^^^^^^^^^^^^^^^^^^^^^^^
  File "C:\inetpub\wwwroot\e-randevu\dental_management_system\venv\Lib\site-packages\django\urls\resolvers.py", line 686, in resolve
    for pattern in self.url_patterns:
                   ^^^^^^^^^^^^^^^^^
  File "C:\inetpub\wwwroot\e-randevu\dental_management_system\venv\Lib\site-packages\django\utils\functional.py", line 47, in __get__
    res = instance.__dict__[self.name] = self.func(instance)
                                         ^^^^^^^^^^^^^^^^^^^
  File "C:\inetpub\wwwroot\e-randevu\dental_management_system\venv\Lib\site-packages\django\urls\resolvers.py", line 738, in url_patterns
    patterns = getattr(self.urlconf_module, "urlpatterns", self.urlconf_module)
                       ^^^^^^^^^^^^^^^^^^^
  File "C:\inetpub\wwwroot\e-randevu\dental_management_system\venv\Lib\site-packages\django\utils\functional.py", line 47, in __get__
    res = instance.__dict__[self.name] = self.func(instance)
                                         ^^^^^^^^^^^^^^^^^^^
  File "C:\inetpub\wwwroot\e-randevu\dental_management_system\venv\Lib\site-packages\django\urls\resolvers.py", line 731, in urlconf_module
    return import_module(self.urlconf_name)
           ^^^^^^^^^^^^^^^^^^^^^^^^^^^^^^^^
  File "C:\Users\Administrator\AppData\Local\Programs\Python\Python311\Lib\importlib\__init__.py", line 126, in import_module
    return _bootstrap._gcd_import(name[level:], package, level)
           ^^^^^^^^^^^^^^^^^^^^^^^^^^^^^^^^^^^^^^^^^^^^^^^^^^^^
  File "<frozen importlib._bootstrap>", line 1206, in _gcd_import
  File "<frozen importlib._bootstrap>", line 1178, in _find_and_load
  File "<frozen importlib._bootstrap>", line 1149, in _find_and_load_unlocked
  File "<frozen importlib._bootstrap>", line 690, in _load_unlocked
  File "<frozen importlib._bootstrap_external>", line 940, in exec_module
  File "<frozen importlib._bootstrap>", line 241, in _call_with_frames_removed
  File "C:\inetpub\wwwroot\e-randevu\dental_management_system\dental\panel_urls.py", line 14, in <module>
    from tenants.odeme_views import abonelik_planlar, abonelik_odeme, abonelik_basarili
  File "C:\inetpub\wwwroot\e-randevu\dental_management_system\tenants\odeme_views.py", line 9, in <module>
    from tenants.iyzico import PLANS, odeme_baslat
  File "C:\inetpub\wwwroot\e-randevu\dental_management_system\tenants\iyzico.py", line 10, in <module>
    import requests
ModuleNotFoundError: No module named 'requests'

During handling of the above exception, another exception occurred:

Traceback (most recent call last):
  File "C:\Users\Administrator\AppData\Local\Programs\Python\Python311\Lib\wsgiref\handlers.py", line 137, in run
    self.result = application(self.environ, self.start_response)
                  ^^^^^^^^^^^^^^^^^^^^^^^^^^^^^^^^^^^^^^^^^^^^^^
  File "C:\inetpub\wwwroot\e-randevu\dental_management_system\venv\Lib\site-packages\django\contrib\staticfiles\handlers.py", line 80, in __call__
    return self.application(environ, start_response)
           ^^^^^^^^^^^^^^^^^^^^^^^^^^^^^^^^^^^^^^^^^
  File "C:\inetpub\wwwroot\e-randevu\dental_management_system\venv\Lib\site-packages\django\core\handlers\wsgi.py", line 124, in __call__
    response = self.get_response(request)
               ^^^^^^^^^^^^^^^^^^^^^^^^^^
  File "C:\inetpub\wwwroot\e-randevu\dental_management_system\venv\Lib\site-packages\django\core\handlers\base.py", line 140, in get_response
    response = self._middleware_chain(request)
               ^^^^^^^^^^^^^^^^^^^^^^^^^^^^^^^
  File "C:\inetpub\wwwroot\e-randevu\dental_management_system\venv\Lib\site-packages\django\core\handlers\exception.py", line 57, in inner
    response = response_for_exception(request, exc)
               ^^^^^^^^^^^^^^^^^^^^^^^^^^^^^^^^^^^^
  File "C:\inetpub\wwwroot\e-randevu\dental_management_system\venv\Lib\site-packages\django\core\handlers\exception.py", line 140, in response_for_exception
    response = handle_uncaught_exception(
               ^^^^^^^^^^^^^^^^^^^^^^^^^^
  File "C:\inetpub\wwwroot\e-randevu\dental_management_system\venv\Lib\site-packages\django\core\handlers\exception.py", line 181, in handle_uncaught_exception
    return debug.technical_500_response(request, *exc_info)
           ^^^^^^^^^^^^^^^^^^^^^^^^^^^^^^^^^^^^^^^^^^^^^^^^
  File "C:\inetpub\wwwroot\e-randevu\dental_management_system\venv\Lib\site-packages\django\views\debug.py", line 69, in technical_500_response
    html = reporter.get_traceback_html()
           ^^^^^^^^^^^^^^^^^^^^^^^^^^^^^
  File "C:\inetpub\wwwroot\e-randevu\dental_management_system\venv\Lib\site-packages\django\views\debug.py", line 428, in get_traceback_html
    c = Context(self.get_traceback_data(), use_l10n=False)
                ^^^^^^^^^^^^^^^^^^^^^^^^^
  File "C:\inetpub\wwwroot\e-randevu\dental_management_system\venv\Lib\site-packages\django\views\debug.py", line 411, in get_traceback_data
    c["raising_view_name"] = get_caller(self.request)
                             ^^^^^^^^^^^^^^^^^^^^^^^^
  File "C:\inetpub\wwwroot\e-randevu\dental_management_system\venv\Lib\site-packages\django\views\debug.py", line 102, in get_caller
    resolver_match = resolve(request.path)
                     ^^^^^^^^^^^^^^^^^^^^^
  File "C:\inetpub\wwwroot\e-randevu\dental_management_system\venv\Lib\site-packages\django\urls\base.py", line 24, in resolve
    return get_resolver(urlconf).resolve(path)
           ^^^^^^^^^^^^^^^^^^^^^^^^^^^^^^^^^^^
  File "C:\inetpub\wwwroot\e-randevu\dental_management_system\venv\Lib\site-packages\django\urls\resolvers.py", line 686, in resolve
    for pattern in self.url_patterns:
                   ^^^^^^^^^^^^^^^^^
  File "C:\inetpub\wwwroot\e-randevu\dental_management_system\venv\Lib\site-packages\django\utils\functional.py", line 47, in __get__
    res = instance.__dict__[self.name] = self.func(instance)
                                         ^^^^^^^^^^^^^^^^^^^
  File "C:\inetpub\wwwroot\e-randevu\dental_management_system\venv\Lib\site-packages\django\urls\resolvers.py", line 738, in url_patterns
    patterns = getattr(self.urlconf_module, "urlpatterns", self.urlconf_module)
                       ^^^^^^^^^^^^^^^^^^^
  File "C:\inetpub\wwwroot\e-randevu\dental_management_system\venv\Lib\site-packages\django\utils\functional.py", line 47, in __get__
    res = instance.__dict__[self.name] = self.func(instance)
                                         ^^^^^^^^^^^^^^^^^^^
  File "C:\inetpub\wwwroot\e-randevu\dental_management_system\venv\Lib\site-packages\django\urls\resolvers.py", line 731, in urlconf_module
    return import_module(self.urlconf_name)
           ^^^^^^^^^^^^^^^^^^^^^^^^^^^^^^^^
  File "C:\Users\Administrator\AppData\Local\Programs\Python\Python311\Lib\importlib\__init__.py", line 126, in import_module
    return _bootstrap._gcd_import(name[level:], package, level)
           ^^^^^^^^^^^^^^^^^^^^^^^^^^^^^^^^^^^^^^^^^^^^^^^^^^^^
  File "<frozen importlib._bootstrap>", line 1206, in _gcd_import
  File "<frozen importlib._bootstrap>", line 1178, in _find_and_load
  File "<frozen importlib._bootstrap>", line 1149, in _find_and_load_unlocked
  File "<frozen importlib._bootstrap>", line 690, in _load_unlocked
  File "<frozen importlib._bootstrap_external>", line 940, in exec_module
  File "<frozen importlib._bootstrap>", line 241, in _call_with_frames_removed
  File "C:\inetpub\wwwroot\e-randevu\dental_management_system\dental\panel_urls.py", line 14, in <module>
    from tenants.odeme_views import abonelik_planlar, abonelik_odeme, abonelik_basarili
  File "C:\inetpub\wwwroot\e-randevu\dental_management_system\tenants\odeme_views.py", line 9, in <module>
    from tenants.iyzico import PLANS, odeme_baslat
  File "C:\inetpub\wwwroot\e-randevu\dental_management_system\tenants\iyzico.py", line 10, in <module>
    import requests
ModuleNotFoundError: No module named 'requests'
[29/Mar/2026 07:49:09] "GET /giris/ HTTP/1.1" 500 59
Traceback (most recent call last):
  File "C:\inetpub\wwwroot\e-randevu\dental_management_system\venv\Lib\site-packages\django\core\handlers\exception.py", line 55, in inner
    response = get_response(request)
               ^^^^^^^^^^^^^^^^^^^^^
  File "C:\inetpub\wwwroot\e-randevu\dental_management_system\venv\Lib\site-packages\django\core\handlers\base.py", line 181, in _get_response
    callback, callback_args, callback_kwargs = self.resolve_request(request)
                                               ^^^^^^^^^^^^^^^^^^^^^^^^^^^^^
  File "C:\inetpub\wwwroot\e-randevu\dental_management_system\venv\Lib\site-packages\django\core\handlers\base.py", line 313, in resolve_request
    resolver_match = resolver.resolve(request.path_info)
                     ^^^^^^^^^^^^^^^^^^^^^^^^^^^^^^^^^^^
  File "C:\inetpub\wwwroot\e-randevu\dental_management_system\venv\Lib\site-packages\django\urls\resolvers.py", line 686, in resolve
    for pattern in self.url_patterns:
                   ^^^^^^^^^^^^^^^^^
  File "C:\inetpub\wwwroot\e-randevu\dental_management_system\venv\Lib\site-packages\django\utils\functional.py", line 47, in __get__
    res = instance.__dict__[self.name] = self.func(instance)
                                         ^^^^^^^^^^^^^^^^^^^
  File "C:\inetpub\wwwroot\e-randevu\dental_management_system\venv\Lib\site-packages\django\urls\resolvers.py", line 738, in url_patterns
    patterns = getattr(self.urlconf_module, "urlpatterns", self.urlconf_module)
                       ^^^^^^^^^^^^^^^^^^^
  File "C:\inetpub\wwwroot\e-randevu\dental_management_system\venv\Lib\site-packages\django\utils\functional.py", line 47, in __get__
    res = instance.__dict__[self.name] = self.func(instance)
                                         ^^^^^^^^^^^^^^^^^^^
  File "C:\inetpub\wwwroot\e-randevu\dental_management_system\venv\Lib\site-packages\django\urls\resolvers.py", line 731, in urlconf_module
    return import_module(self.urlconf_name)
           ^^^^^^^^^^^^^^^^^^^^^^^^^^^^^^^^
  File "C:\Users\Administrator\AppData\Local\Programs\Python\Python311\Lib\importlib\__init__.py", line 126, in import_module
    return _bootstrap._gcd_import(name[level:], package, level)
           ^^^^^^^^^^^^^^^^^^^^^^^^^^^^^^^^^^^^^^^^^^^^^^^^^^^^
  File "<frozen importlib._bootstrap>", line 1206, in _gcd_import
  File "<frozen importlib._bootstrap>", line 1178, in _find_and_load
  File "<frozen importlib._bootstrap>", line 1149, in _find_and_load_unlocked
  File "<frozen importlib._bootstrap>", line 690, in _load_unlocked
  File "<frozen importlib._bootstrap_external>", line 940, in exec_module
  File "<frozen importlib._bootstrap>", line 241, in _call_with_frames_removed
  File "C:\inetpub\wwwroot\e-randevu\dental_management_system\dental\panel_urls.py", line 14, in <module>
    from tenants.odeme_views import abonelik_planlar, abonelik_odeme, abonelik_basarili
  File "C:\inetpub\wwwroot\e-randevu\dental_management_system\tenants\odeme_views.py", line 9, in <module>
    from tenants.iyzico import PLANS, odeme_baslat
  File "C:\inetpub\wwwroot\e-randevu\dental_management_system\tenants\iyzico.py", line 10, in <module>
    import requests
ModuleNotFoundError: No module named 'requests'

During handling of the above exception, another exception occurred:

Traceback (most recent call last):
  File "C:\inetpub\wwwroot\e-randevu\dental_management_system\venv\Lib\site-packages\django\core\handlers\exception.py", line 55, in inner
    response = get_response(request)
               ^^^^^^^^^^^^^^^^^^^^^
  File "C:\inetpub\wwwroot\e-randevu\dental_management_system\venv\Lib\site-packages\django\utils\deprecation.py", line 134, in __call__
    response = response or self.get_response(request)
                           ^^^^^^^^^^^^^^^^^^^^^^^^^^
  File "C:\inetpub\wwwroot\e-randevu\dental_management_system\venv\Lib\site-packages\django\core\handlers\exception.py", line 57, in inner
    response = response_for_exception(request, exc)
               ^^^^^^^^^^^^^^^^^^^^^^^^^^^^^^^^^^^^
  File "C:\inetpub\wwwroot\e-randevu\dental_management_system\venv\Lib\site-packages\django\core\handlers\exception.py", line 140, in response_for_exception
    response = handle_uncaught_exception(
               ^^^^^^^^^^^^^^^^^^^^^^^^^^
  File "C:\inetpub\wwwroot\e-randevu\dental_management_system\venv\Lib\site-packages\django\core\handlers\exception.py", line 181, in handle_uncaught_exception
    return debug.technical_500_response(request, *exc_info)
           ^^^^^^^^^^^^^^^^^^^^^^^^^^^^^^^^^^^^^^^^^^^^^^^^
  File "C:\inetpub\wwwroot\e-randevu\dental_management_system\venv\Lib\site-packages\django\views\debug.py", line 69, in technical_500_response
    html = reporter.get_traceback_html()
           ^^^^^^^^^^^^^^^^^^^^^^^^^^^^^
  File "C:\inetpub\wwwroot\e-randevu\dental_management_system\venv\Lib\site-packages\django\views\debug.py", line 428, in get_traceback_html
    c = Context(self.get_traceback_data(), use_l10n=False)
                ^^^^^^^^^^^^^^^^^^^^^^^^^
  File "C:\inetpub\wwwroot\e-randevu\dental_management_system\venv\Lib\site-packages\django\views\debug.py", line 411, in get_traceback_data
    c["raising_view_name"] = get_caller(self.request)
                             ^^^^^^^^^^^^^^^^^^^^^^^^
  File "C:\inetpub\wwwroot\e-randevu\dental_management_system\venv\Lib\site-packages\django\views\debug.py", line 102, in get_caller
    resolver_match = resolve(request.path)
                     ^^^^^^^^^^^^^^^^^^^^^
  File "C:\inetpub\wwwroot\e-randevu\dental_management_system\venv\Lib\site-packages\django\urls\base.py", line 24, in resolve
    return get_resolver(urlconf).resolve(path)
           ^^^^^^^^^^^^^^^^^^^^^^^^^^^^^^^^^^^
  File "C:\inetpub\wwwroot\e-randevu\dental_management_system\venv\Lib\site-packages\django\urls\resolvers.py", line 686, in resolve
    for pattern in self.url_patterns:
                   ^^^^^^^^^^^^^^^^^
  File "C:\inetpub\wwwroot\e-randevu\dental_management_system\venv\Lib\site-packages\django\utils\functional.py", line 47, in __get__
    res = instance.__dict__[self.name] = self.func(instance)
                                         ^^^^^^^^^^^^^^^^^^^
  File "C:\inetpub\wwwroot\e-randevu\dental_management_system\venv\Lib\site-packages\django\urls\resolvers.py", line 738, in url_patterns
    patterns = getattr(self.urlconf_module, "urlpatterns", self.urlconf_module)
                       ^^^^^^^^^^^^^^^^^^^
  File "C:\inetpub\wwwroot\e-randevu\dental_management_system\venv\Lib\site-packages\django\utils\functional.py", line 47, in __get__
    res = instance.__dict__[self.name] = self.func(instance)
                                         ^^^^^^^^^^^^^^^^^^^
  File "C:\inetpub\wwwroot\e-randevu\dental_management_system\venv\Lib\site-packages\django\urls\resolvers.py", line 731, in urlconf_module
    return import_module(self.urlconf_name)
           ^^^^^^^^^^^^^^^^^^^^^^^^^^^^^^^^
  File "C:\Users\Administrator\AppData\Local\Programs\Python\Python311\Lib\importlib\__init__.py", line 126, in import_module
    return _bootstrap._gcd_import(name[level:], package, level)
           ^^^^^^^^^^^^^^^^^^^^^^^^^^^^^^^^^^^^^^^^^^^^^^^^^^^^
  File "<frozen importlib._bootstrap>", line 1206, in _gcd_import
  File "<frozen importlib._bootstrap>", line 1178, in _find_and_load
  File "<frozen importlib._bootstrap>", line 1149, in _find_and_load_unlocked
  File "<frozen importlib._bootstrap>", line 690, in _load_unlocked
  File "<frozen importlib._bootstrap_external>", line 940, in exec_module
  File "<frozen importlib._bootstrap>", line 241, in _call_with_frames_removed
  File "C:\inetpub\wwwroot\e-randevu\dental_management_system\dental\panel_urls.py", line 14, in <module>
    from tenants.odeme_views import abonelik_planlar, abonelik_odeme, abonelik_basarili
  File "C:\inetpub\wwwroot\e-randevu\dental_management_system\tenants\odeme_views.py", line 9, in <module>
    from tenants.iyzico import PLANS, odeme_baslat
  File "C:\inetpub\wwwroot\e-randevu\dental_management_system\tenants\iyzico.py", line 10, in <module>
    import requests
ModuleNotFoundError: No module named 'requests'

During handling of the above exception, another exception occurred:

Traceback (most recent call last):
  File "C:\inetpub\wwwroot\e-randevu\dental_management_system\venv\Lib\site-packages\django\core\handlers\exception.py", line 55, in inner
    response = get_response(request)
               ^^^^^^^^^^^^^^^^^^^^^
  File "C:\inetpub\wwwroot\e-randevu\dental_management_system\venv\Lib\site-packages\django\utils\deprecation.py", line 134, in __call__
    response = response or self.get_response(request)
                           ^^^^^^^^^^^^^^^^^^^^^^^^^^
  File "C:\inetpub\wwwroot\e-randevu\dental_management_system\venv\Lib\site-packages\django\core\handlers\exception.py", line 57, in inner
    response = response_for_exception(request, exc)
               ^^^^^^^^^^^^^^^^^^^^^^^^^^^^^^^^^^^^
  File "C:\inetpub\wwwroot\e-randevu\dental_management_system\venv\Lib\site-packages\django\core\handlers\exception.py", line 140, in response_for_exception
    response = handle_uncaught_exception(
               ^^^^^^^^^^^^^^^^^^^^^^^^^^
  File "C:\inetpub\wwwroot\e-randevu\dental_management_system\venv\Lib\site-packages\django\core\handlers\exception.py", line 181, in handle_uncaught_exception
    return debug.technical_500_response(request, *exc_info)
           ^^^^^^^^^^^^^^^^^^^^^^^^^^^^^^^^^^^^^^^^^^^^^^^^
  File "C:\inetpub\wwwroot\e-randevu\dental_management_system\venv\Lib\site-packages\django\views\debug.py", line 69, in technical_500_response
    html = reporter.get_traceback_html()
           ^^^^^^^^^^^^^^^^^^^^^^^^^^^^^
  File "C:\inetpub\wwwroot\e-randevu\dental_management_system\venv\Lib\site-packages\django\views\debug.py", line 428, in get_traceback_html
    c = Context(self.get_traceback_data(), use_l10n=False)
                ^^^^^^^^^^^^^^^^^^^^^^^^^
  File "C:\inetpub\wwwroot\e-randevu\dental_management_system\venv\Lib\site-packages\django\views\debug.py", line 411, in get_traceback_data
    c["raising_view_name"] = get_caller(self.request)
                             ^^^^^^^^^^^^^^^^^^^^^^^^
  File "C:\inetpub\wwwroot\e-randevu\dental_management_system\venv\Lib\site-packages\django\views\debug.py", line 102, in get_caller
    resolver_match = resolve(request.path)
                     ^^^^^^^^^^^^^^^^^^^^^
  File "C:\inetpub\wwwroot\e-randevu\dental_management_system\venv\Lib\site-packages\django\urls\base.py", line 24, in resolve
    return get_resolver(urlconf).resolve(path)
           ^^^^^^^^^^^^^^^^^^^^^^^^^^^^^^^^^^^
  File "C:\inetpub\wwwroot\e-randevu\dental_management_system\venv\Lib\site-packages\django\urls\resolvers.py", line 686, in resolve
    for pattern in self.url_patterns:
                   ^^^^^^^^^^^^^^^^^
  File "C:\inetpub\wwwroot\e-randevu\dental_management_system\venv\Lib\site-packages\django\utils\functional.py", line 47, in __get__
    res = instance.__dict__[self.name] = self.func(instance)
                                         ^^^^^^^^^^^^^^^^^^^
  File "C:\inetpub\wwwroot\e-randevu\dental_management_system\venv\Lib\site-packages\django\urls\resolvers.py", line 738, in url_patterns
    patterns = getattr(self.urlconf_module, "urlpatterns", self.urlconf_module)
                       ^^^^^^^^^^^^^^^^^^^
  File "C:\inetpub\wwwroot\e-randevu\dental_management_system\venv\Lib\site-packages\django\utils\functional.py", line 47, in __get__
    res = instance.__dict__[self.name] = self.func(instance)
                                         ^^^^^^^^^^^^^^^^^^^
  File "C:\inetpub\wwwroot\e-randevu\dental_management_system\venv\Lib\site-packages\django\urls\resolvers.py", line 731, in urlconf_module
    return import_module(self.urlconf_name)
           ^^^^^^^^^^^^^^^^^^^^^^^^^^^^^^^^
  File "C:\Users\Administrator\AppData\Local\Programs\Python\Python311\Lib\importlib\__init__.py", line 126, in import_module
    return _bootstrap._gcd_import(name[level:], package, level)
           ^^^^^^^^^^^^^^^^^^^^^^^^^^^^^^^^^^^^^^^^^^^^^^^^^^^^
  File "<frozen importlib._bootstrap>", line 1206, in _gcd_import
  File "<frozen importlib._bootstrap>", line 1178, in _find_and_load
  File "<frozen importlib._bootstrap>", line 1149, in _find_and_load_unlocked
  File "<frozen importlib._bootstrap>", line 690, in _load_unlocked
  File "<frozen importlib._bootstrap_external>", line 940, in exec_module
  File "<frozen importlib._bootstrap>", line 241, in _call_with_frames_removed
  File "C:\inetpub\wwwroot\e-randevu\dental_management_system\dental\panel_urls.py", line 14, in <module>
    from tenants.odeme_views import abonelik_planlar, abonelik_odeme, abonelik_basarili
  File "C:\inetpub\wwwroot\e-randevu\dental_management_system\tenants\odeme_views.py", line 9, in <module>
    from tenants.iyzico import PLANS, odeme_baslat
  File "C:\inetpub\wwwroot\e-randevu\dental_management_system\tenants\iyzico.py", line 10, in <module>
    import requests
ModuleNotFoundError: No module named 'requests'

During handling of the above exception, another exception occurred:

Traceback (most recent call last):
  File "C:\inetpub\wwwroot\e-randevu\dental_management_system\venv\Lib\site-packages\django\core\handlers\exception.py", line 55, in inner
    response = get_response(request)
               ^^^^^^^^^^^^^^^^^^^^^
  File "C:\inetpub\wwwroot\e-randevu\dental_management_system\venv\Lib\site-packages\django\utils\deprecation.py", line 134, in __call__
    response = response or self.get_response(request)
                           ^^^^^^^^^^^^^^^^^^^^^^^^^^
  File "C:\inetpub\wwwroot\e-randevu\dental_management_system\venv\Lib\site-packages\django\core\handlers\exception.py", line 57, in inner
    response = response_for_exception(request, exc)
               ^^^^^^^^^^^^^^^^^^^^^^^^^^^^^^^^^^^^
  File "C:\inetpub\wwwroot\e-randevu\dental_management_system\venv\Lib\site-packages\django\core\handlers\exception.py", line 140, in response_for_exception
    response = handle_uncaught_exception(
               ^^^^^^^^^^^^^^^^^^^^^^^^^^
  File "C:\inetpub\wwwroot\e-randevu\dental_management_system\venv\Lib\site-packages\django\core\handlers\exception.py", line 181, in handle_uncaught_exception
    return debug.technical_500_response(request, *exc_info)
           ^^^^^^^^^^^^^^^^^^^^^^^^^^^^^^^^^^^^^^^^^^^^^^^^
  File "C:\inetpub\wwwroot\e-randevu\dental_management_system\venv\Lib\site-packages\django\views\debug.py", line 69, in technical_500_response
    html = reporter.get_traceback_html()
           ^^^^^^^^^^^^^^^^^^^^^^^^^^^^^
  File "C:\inetpub\wwwroot\e-randevu\dental_management_system\venv\Lib\site-packages\django\views\debug.py", line 428, in get_traceback_html
    c = Context(self.get_traceback_data(), use_l10n=False)
                ^^^^^^^^^^^^^^^^^^^^^^^^^
  File "C:\inetpub\wwwroot\e-randevu\dental_management_system\venv\Lib\site-packages\django\views\debug.py", line 411, in get_traceback_data
    c["raising_view_name"] = get_caller(self.request)
                             ^^^^^^^^^^^^^^^^^^^^^^^^
  File "C:\inetpub\wwwroot\e-randevu\dental_management_system\venv\Lib\site-packages\django\views\debug.py", line 102, in get_caller
    resolver_match = resolve(request.path)
                     ^^^^^^^^^^^^^^^^^^^^^
  File "C:\inetpub\wwwroot\e-randevu\dental_management_system\venv\Lib\site-packages\django\urls\base.py", line 24, in resolve
    return get_resolver(urlconf).resolve(path)
           ^^^^^^^^^^^^^^^^^^^^^^^^^^^^^^^^^^^
  File "C:\inetpub\wwwroot\e-randevu\dental_management_system\venv\Lib\site-packages\django\urls\resolvers.py", line 686, in resolve
    for pattern in self.url_patterns:
                   ^^^^^^^^^^^^^^^^^
  File "C:\inetpub\wwwroot\e-randevu\dental_management_system\venv\Lib\site-packages\django\utils\functional.py", line 47, in __get__
    res = instance.__dict__[self.name] = self.func(instance)
                                         ^^^^^^^^^^^^^^^^^^^
  File "C:\inetpub\wwwroot\e-randevu\dental_management_system\venv\Lib\site-packages\django\urls\resolvers.py", line 738, in url_patterns
    patterns = getattr(self.urlconf_module, "urlpatterns", self.urlconf_module)
                       ^^^^^^^^^^^^^^^^^^^
  File "C:\inetpub\wwwroot\e-randevu\dental_management_system\venv\Lib\site-packages\django\utils\functional.py", line 47, in __get__
    res = instance.__dict__[self.name] = self.func(instance)
                                         ^^^^^^^^^^^^^^^^^^^
  File "C:\inetpub\wwwroot\e-randevu\dental_management_system\venv\Lib\site-packages\django\urls\resolvers.py", line 731, in urlconf_module
    return import_module(self.urlconf_name)
           ^^^^^^^^^^^^^^^^^^^^^^^^^^^^^^^^
  File "C:\Users\Administrator\AppData\Local\Programs\Python\Python311\Lib\importlib\__init__.py", line 126, in import_module
    return _bootstrap._gcd_import(name[level:], package, level)
           ^^^^^^^^^^^^^^^^^^^^^^^^^^^^^^^^^^^^^^^^^^^^^^^^^^^^
  File "<frozen importlib._bootstrap>", line 1206, in _gcd_import
  File "<frozen importlib._bootstrap>", line 1178, in _find_and_load
  File "<frozen importlib._bootstrap>", line 1149, in _find_and_load_unlocked
  File "<frozen importlib._bootstrap>", line 690, in _load_unlocked
  File "<frozen importlib._bootstrap_external>", line 940, in exec_module
  File "<frozen importlib._bootstrap>", line 241, in _call_with_frames_removed
  File "C:\inetpub\wwwroot\e-randevu\dental_management_system\dental\panel_urls.py", line 14, in <module>
    from tenants.odeme_views import abonelik_planlar, abonelik_odeme, abonelik_basarili
  File "C:\inetpub\wwwroot\e-randevu\dental_management_system\tenants\odeme_views.py", line 9, in <module>
    from tenants.iyzico import PLANS, odeme_baslat
  File "C:\inetpub\wwwroot\e-randevu\dental_management_system\tenants\iyzico.py", line 10, in <module>
    import requests
ModuleNotFoundError: No module named 'requests'

During handling of the above exception, another exception occurred:

Traceback (most recent call last):
  File "C:\inetpub\wwwroot\e-randevu\dental_management_system\venv\Lib\site-packages\django\core\handlers\exception.py", line 55, in inner
    response = get_response(request)
               ^^^^^^^^^^^^^^^^^^^^^
  File "C:\inetpub\wwwroot\e-randevu\dental_management_system\venv\Lib\site-packages\django\utils\deprecation.py", line 134, in __call__
    response = response or self.get_response(request)
                           ^^^^^^^^^^^^^^^^^^^^^^^^^^
  File "C:\inetpub\wwwroot\e-randevu\dental_management_system\venv\Lib\site-packages\django\core\handlers\exception.py", line 57, in inner
    response = response_for_exception(request, exc)
               ^^^^^^^^^^^^^^^^^^^^^^^^^^^^^^^^^^^^
  File "C:\inetpub\wwwroot\e-randevu\dental_management_system\venv\Lib\site-packages\django\core\handlers\exception.py", line 140, in response_for_exception
    response = handle_uncaught_exception(
               ^^^^^^^^^^^^^^^^^^^^^^^^^^
  File "C:\inetpub\wwwroot\e-randevu\dental_management_system\venv\Lib\site-packages\django\core\handlers\exception.py", line 181, in handle_uncaught_exception
    return debug.technical_500_response(request, *exc_info)
           ^^^^^^^^^^^^^^^^^^^^^^^^^^^^^^^^^^^^^^^^^^^^^^^^
  File "C:\inetpub\wwwroot\e-randevu\dental_management_system\venv\Lib\site-packages\django\views\debug.py", line 69, in technical_500_response
    html = reporter.get_traceback_html()
           ^^^^^^^^^^^^^^^^^^^^^^^^^^^^^
  File "C:\inetpub\wwwroot\e-randevu\dental_management_system\venv\Lib\site-packages\django\views\debug.py", line 428, in get_traceback_html
    c = Context(self.get_traceback_data(), use_l10n=False)
                ^^^^^^^^^^^^^^^^^^^^^^^^^
  File "C:\inetpub\wwwroot\e-randevu\dental_management_system\venv\Lib\site-packages\django\views\debug.py", line 411, in get_traceback_data
    c["raising_view_name"] = get_caller(self.request)
                             ^^^^^^^^^^^^^^^^^^^^^^^^
  File "C:\inetpub\wwwroot\e-randevu\dental_management_system\venv\Lib\site-packages\django\views\debug.py", line 102, in get_caller
    resolver_match = resolve(request.path)
                     ^^^^^^^^^^^^^^^^^^^^^
  File "C:\inetpub\wwwroot\e-randevu\dental_management_system\venv\Lib\site-packages\django\urls\base.py", line 24, in resolve
    return get_resolver(urlconf).resolve(path)
           ^^^^^^^^^^^^^^^^^^^^^^^^^^^^^^^^^^^
  File "C:\inetpub\wwwroot\e-randevu\dental_management_system\venv\Lib\site-packages\django\urls\resolvers.py", line 686, in resolve
    for pattern in self.url_patterns:
                   ^^^^^^^^^^^^^^^^^
  File "C:\inetpub\wwwroot\e-randevu\dental_management_system\venv\Lib\site-packages\django\utils\functional.py", line 47, in __get__
    res = instance.__dict__[self.name] = self.func(instance)
                                         ^^^^^^^^^^^^^^^^^^^
  File "C:\inetpub\wwwroot\e-randevu\dental_management_system\venv\Lib\site-packages\django\urls\resolvers.py", line 738, in url_patterns
    patterns = getattr(self.urlconf_module, "urlpatterns", self.urlconf_module)
                       ^^^^^^^^^^^^^^^^^^^
  File "C:\inetpub\wwwroot\e-randevu\dental_management_system\venv\Lib\site-packages\django\utils\functional.py", line 47, in __get__
    res = instance.__dict__[self.name] = self.func(instance)
                                         ^^^^^^^^^^^^^^^^^^^
  File "C:\inetpub\wwwroot\e-randevu\dental_management_system\venv\Lib\site-packages\django\urls\resolvers.py", line 731, in urlconf_module
    return import_module(self.urlconf_name)
           ^^^^^^^^^^^^^^^^^^^^^^^^^^^^^^^^
  File "C:\Users\Administrator\AppData\Local\Programs\Python\Python311\Lib\importlib\__init__.py", line 126, in import_module
    return _bootstrap._gcd_import(name[level:], package, level)
           ^^^^^^^^^^^^^^^^^^^^^^^^^^^^^^^^^^^^^^^^^^^^^^^^^^^^
  File "<frozen importlib._bootstrap>", line 1206, in _gcd_import
  File "<frozen importlib._bootstrap>", line 1178, in _find_and_load
  File "<frozen importlib._bootstrap>", line 1149, in _find_and_load_unlocked
  File "<frozen importlib._bootstrap>", line 690, in _load_unlocked
  File "<frozen importlib._bootstrap_external>", line 940, in exec_module
  File "<frozen importlib._bootstrap>", line 241, in _call_with_frames_removed
  File "C:\inetpub\wwwroot\e-randevu\dental_management_system\dental\panel_urls.py", line 14, in <module>
    from tenants.odeme_views import abonelik_planlar, abonelik_odeme, abonelik_basarili
  File "C:\inetpub\wwwroot\e-randevu\dental_management_system\tenants\odeme_views.py", line 9, in <module>
    from tenants.iyzico import PLANS, odeme_baslat
  File "C:\inetpub\wwwroot\e-randevu\dental_management_system\tenants\iyzico.py", line 10, in <module>
    import requests
ModuleNotFoundError: No module named 'requests'

During handling of the above exception, another exception occurred:

Traceback (most recent call last):
  File "C:\inetpub\wwwroot\e-randevu\dental_management_system\venv\Lib\site-packages\django\core\handlers\exception.py", line 55, in inner
    response = get_response(request)
               ^^^^^^^^^^^^^^^^^^^^^
  File "C:\inetpub\wwwroot\e-randevu\dental_management_system\venv\Lib\site-packages\django\utils\deprecation.py", line 134, in __call__
    response = response or self.get_response(request)
                           ^^^^^^^^^^^^^^^^^^^^^^^^^^
  File "C:\inetpub\wwwroot\e-randevu\dental_management_system\venv\Lib\site-packages\django\core\handlers\exception.py", line 57, in inner
    response = response_for_exception(request, exc)
               ^^^^^^^^^^^^^^^^^^^^^^^^^^^^^^^^^^^^
  File "C:\inetpub\wwwroot\e-randevu\dental_management_system\venv\Lib\site-packages\django\core\handlers\exception.py", line 140, in response_for_exception
    response = handle_uncaught_exception(
               ^^^^^^^^^^^^^^^^^^^^^^^^^^
  File "C:\inetpub\wwwroot\e-randevu\dental_management_system\venv\Lib\site-packages\django\core\handlers\exception.py", line 181, in handle_uncaught_exception
    return debug.technical_500_response(request, *exc_info)
           ^^^^^^^^^^^^^^^^^^^^^^^^^^^^^^^^^^^^^^^^^^^^^^^^
  File "C:\inetpub\wwwroot\e-randevu\dental_management_system\venv\Lib\site-packages\django\views\debug.py", line 69, in technical_500_response
    html = reporter.get_traceback_html()
           ^^^^^^^^^^^^^^^^^^^^^^^^^^^^^
  File "C:\inetpub\wwwroot\e-randevu\dental_management_system\venv\Lib\site-packages\django\views\debug.py", line 428, in get_traceback_html
    c = Context(self.get_traceback_data(), use_l10n=False)
                ^^^^^^^^^^^^^^^^^^^^^^^^^
  File "C:\inetpub\wwwroot\e-randevu\dental_management_system\venv\Lib\site-packages\django\views\debug.py", line 411, in get_traceback_data
    c["raising_view_name"] = get_caller(self.request)
                             ^^^^^^^^^^^^^^^^^^^^^^^^
  File "C:\inetpub\wwwroot\e-randevu\dental_management_system\venv\Lib\site-packages\django\views\debug.py", line 102, in get_caller
    resolver_match = resolve(request.path)
                     ^^^^^^^^^^^^^^^^^^^^^
  File "C:\inetpub\wwwroot\e-randevu\dental_management_system\venv\Lib\site-packages\django\urls\base.py", line 24, in resolve
    return get_resolver(urlconf).resolve(path)
           ^^^^^^^^^^^^^^^^^^^^^^^^^^^^^^^^^^^
  File "C:\inetpub\wwwroot\e-randevu\dental_management_system\venv\Lib\site-packages\django\urls\resolvers.py", line 686, in resolve
    for pattern in self.url_patterns:
                   ^^^^^^^^^^^^^^^^^
  File "C:\inetpub\wwwroot\e-randevu\dental_management_system\venv\Lib\site-packages\django\utils\functional.py", line 47, in __get__
    res = instance.__dict__[self.name] = self.func(instance)
                                         ^^^^^^^^^^^^^^^^^^^
  File "C:\inetpub\wwwroot\e-randevu\dental_management_system\venv\Lib\site-packages\django\urls\resolvers.py", line 738, in url_patterns
    patterns = getattr(self.urlconf_module, "urlpatterns", self.urlconf_module)
                       ^^^^^^^^^^^^^^^^^^^
  File "C:\inetpub\wwwroot\e-randevu\dental_management_system\venv\Lib\site-packages\django\utils\functional.py", line 47, in __get__
    res = instance.__dict__[self.name] = self.func(instance)
                                         ^^^^^^^^^^^^^^^^^^^
  File "C:\inetpub\wwwroot\e-randevu\dental_management_system\venv\Lib\site-packages\django\urls\resolvers.py", line 731, in urlconf_module
    return import_module(self.urlconf_name)
           ^^^^^^^^^^^^^^^^^^^^^^^^^^^^^^^^
  File "C:\Users\Administrator\AppData\Local\Programs\Python\Python311\Lib\importlib\__init__.py", line 126, in import_module
    return _bootstrap._gcd_import(name[level:], package, level)
           ^^^^^^^^^^^^^^^^^^^^^^^^^^^^^^^^^^^^^^^^^^^^^^^^^^^^
  File "<frozen importlib._bootstrap>", line 1206, in _gcd_import
  File "<frozen importlib._bootstrap>", line 1178, in _find_and_load
  File "<frozen importlib._bootstrap>", line 1149, in _find_and_load_unlocked
  File "<frozen importlib._bootstrap>", line 690, in _load_unlocked
  File "<frozen importlib._bootstrap_external>", line 940, in exec_module
  File "<frozen importlib._bootstrap>", line 241, in _call_with_frames_removed
  File "C:\inetpub\wwwroot\e-randevu\dental_management_system\dental\panel_urls.py", line 14, in <module>
    from tenants.odeme_views import abonelik_planlar, abonelik_odeme, abonelik_basarili
  File "C:\inetpub\wwwroot\e-randevu\dental_management_system\tenants\odeme_views.py", line 9, in <module>
    from tenants.iyzico import PLANS, odeme_baslat
  File "C:\inetpub\wwwroot\e-randevu\dental_management_system\tenants\iyzico.py", line 10, in <module>
    import requests
ModuleNotFoundError: No module named 'requests'

During handling of the above exception, another exception occurred:

Traceback (most recent call last):
  File "C:\inetpub\wwwroot\e-randevu\dental_management_system\venv\Lib\site-packages\django\core\handlers\exception.py", line 55, in inner
    response = get_response(request)
               ^^^^^^^^^^^^^^^^^^^^^
  File "C:\inetpub\wwwroot\e-randevu\dental_management_system\venv\Lib\site-packages\django\utils\deprecation.py", line 134, in __call__
    response = response or self.get_response(request)
                           ^^^^^^^^^^^^^^^^^^^^^^^^^^
  File "C:\inetpub\wwwroot\e-randevu\dental_management_system\venv\Lib\site-packages\django\core\handlers\exception.py", line 57, in inner
    response = response_for_exception(request, exc)
               ^^^^^^^^^^^^^^^^^^^^^^^^^^^^^^^^^^^^
  File "C:\inetpub\wwwroot\e-randevu\dental_management_system\venv\Lib\site-packages\django\core\handlers\exception.py", line 140, in response_for_exception
    response = handle_uncaught_exception(
               ^^^^^^^^^^^^^^^^^^^^^^^^^^
  File "C:\inetpub\wwwroot\e-randevu\dental_management_system\venv\Lib\site-packages\django\core\handlers\exception.py", line 181, in handle_uncaught_exception
    return debug.technical_500_response(request, *exc_info)
           ^^^^^^^^^^^^^^^^^^^^^^^^^^^^^^^^^^^^^^^^^^^^^^^^
  File "C:\inetpub\wwwroot\e-randevu\dental_management_system\venv\Lib\site-packages\django\views\debug.py", line 69, in technical_500_response
    html = reporter.get_traceback_html()
           ^^^^^^^^^^^^^^^^^^^^^^^^^^^^^
  File "C:\inetpub\wwwroot\e-randevu\dental_management_system\venv\Lib\site-packages\django\views\debug.py", line 428, in get_traceback_html
    c = Context(self.get_traceback_data(), use_l10n=False)
                ^^^^^^^^^^^^^^^^^^^^^^^^^
  File "C:\inetpub\wwwroot\e-randevu\dental_management_system\venv\Lib\site-packages\django\views\debug.py", line 411, in get_traceback_data
    c["raising_view_name"] = get_caller(self.request)
                             ^^^^^^^^^^^^^^^^^^^^^^^^
  File "C:\inetpub\wwwroot\e-randevu\dental_management_system\venv\Lib\site-packages\django\views\debug.py", line 102, in get_caller
    resolver_match = resolve(request.path)
                     ^^^^^^^^^^^^^^^^^^^^^
  File "C:\inetpub\wwwroot\e-randevu\dental_management_system\venv\Lib\site-packages\django\urls\base.py", line 24, in resolve
    return get_resolver(urlconf).resolve(path)
           ^^^^^^^^^^^^^^^^^^^^^^^^^^^^^^^^^^^
  File "C:\inetpub\wwwroot\e-randevu\dental_management_system\venv\Lib\site-packages\django\urls\resolvers.py", line 686, in resolve
    for pattern in self.url_patterns:
                   ^^^^^^^^^^^^^^^^^
  File "C:\inetpub\wwwroot\e-randevu\dental_management_system\venv\Lib\site-packages\django\utils\functional.py", line 47, in __get__
    res = instance.__dict__[self.name] = self.func(instance)
                                         ^^^^^^^^^^^^^^^^^^^
  File "C:\inetpub\wwwroot\e-randevu\dental_management_system\venv\Lib\site-packages\django\urls\resolvers.py", line 738, in url_patterns
    patterns = getattr(self.urlconf_module, "urlpatterns", self.urlconf_module)
                       ^^^^^^^^^^^^^^^^^^^
  File "C:\inetpub\wwwroot\e-randevu\dental_management_system\venv\Lib\site-packages\django\utils\functional.py", line 47, in __get__
    res = instance.__dict__[self.name] = self.func(instance)
                                         ^^^^^^^^^^^^^^^^^^^
  File "C:\inetpub\wwwroot\e-randevu\dental_management_system\venv\Lib\site-packages\django\urls\resolvers.py", line 731, in urlconf_module
    return import_module(self.urlconf_name)
           ^^^^^^^^^^^^^^^^^^^^^^^^^^^^^^^^
  File "C:\Users\Administrator\AppData\Local\Programs\Python\Python311\Lib\importlib\__init__.py", line 126, in import_module
    return _bootstrap._gcd_import(name[level:], package, level)
           ^^^^^^^^^^^^^^^^^^^^^^^^^^^^^^^^^^^^^^^^^^^^^^^^^^^^
  File "<frozen importlib._bootstrap>", line 1206, in _gcd_import
  File "<frozen importlib._bootstrap>", line 1178, in _find_and_load
  File "<frozen importlib._bootstrap>", line 1149, in _find_and_load_unlocked
  File "<frozen importlib._bootstrap>", line 690, in _load_unlocked
  File "<frozen importlib._bootstrap_external>", line 940, in exec_module
  File "<frozen importlib._bootstrap>", line 241, in _call_with_frames_removed
  File "C:\inetpub\wwwroot\e-randevu\dental_management_system\dental\panel_urls.py", line 14, in <module>
    from tenants.odeme_views import abonelik_planlar, abonelik_odeme, abonelik_basarili
  File "C:\inetpub\wwwroot\e-randevu\dental_management_system\tenants\odeme_views.py", line 9, in <module>
    from tenants.iyzico import PLANS, odeme_baslat
  File "C:\inetpub\wwwroot\e-randevu\dental_management_system\tenants\iyzico.py", line 10, in <module>
    import requests
ModuleNotFoundError: No module named 'requests'

During handling of the above exception, another exception occurred:

Traceback (most recent call last):
  File "C:\inetpub\wwwroot\e-randevu\dental_management_system\venv\Lib\site-packages\django\core\handlers\exception.py", line 55, in inner
    response = get_response(request)
               ^^^^^^^^^^^^^^^^^^^^^
  File "C:\inetpub\wwwroot\e-randevu\dental_management_system\venv\Lib\site-packages\django\utils\deprecation.py", line 134, in __call__
    response = response or self.get_response(request)
                           ^^^^^^^^^^^^^^^^^^^^^^^^^^
  File "C:\inetpub\wwwroot\e-randevu\dental_management_system\venv\Lib\site-packages\django\core\handlers\exception.py", line 57, in inner
    response = response_for_exception(request, exc)
               ^^^^^^^^^^^^^^^^^^^^^^^^^^^^^^^^^^^^
  File "C:\inetpub\wwwroot\e-randevu\dental_management_system\venv\Lib\site-packages\django\core\handlers\exception.py", line 140, in response_for_exception
    response = handle_uncaught_exception(
               ^^^^^^^^^^^^^^^^^^^^^^^^^^
  File "C:\inetpub\wwwroot\e-randevu\dental_management_system\venv\Lib\site-packages\django\core\handlers\exception.py", line 181, in handle_uncaught_exception
    return debug.technical_500_response(request, *exc_info)
           ^^^^^^^^^^^^^^^^^^^^^^^^^^^^^^^^^^^^^^^^^^^^^^^^
  File "C:\inetpub\wwwroot\e-randevu\dental_management_system\venv\Lib\site-packages\django\views\debug.py", line 69, in technical_500_response
    html = reporter.get_traceback_html()
           ^^^^^^^^^^^^^^^^^^^^^^^^^^^^^
  File "C:\inetpub\wwwroot\e-randevu\dental_management_system\venv\Lib\site-packages\django\views\debug.py", line 428, in get_traceback_html
    c = Context(self.get_traceback_data(), use_l10n=False)
                ^^^^^^^^^^^^^^^^^^^^^^^^^
  File "C:\inetpub\wwwroot\e-randevu\dental_management_system\venv\Lib\site-packages\django\views\debug.py", line 411, in get_traceback_data
    c["raising_view_name"] = get_caller(self.request)
                             ^^^^^^^^^^^^^^^^^^^^^^^^
  File "C:\inetpub\wwwroot\e-randevu\dental_management_system\venv\Lib\site-packages\django\views\debug.py", line 102, in get_caller
    resolver_match = resolve(request.path)
                     ^^^^^^^^^^^^^^^^^^^^^
  File "C:\inetpub\wwwroot\e-randevu\dental_management_system\venv\Lib\site-packages\django\urls\base.py", line 24, in resolve
    return get_resolver(urlconf).resolve(path)
           ^^^^^^^^^^^^^^^^^^^^^^^^^^^^^^^^^^^
  File "C:\inetpub\wwwroot\e-randevu\dental_management_system\venv\Lib\site-packages\django\urls\resolvers.py", line 686, in resolve
    for pattern in self.url_patterns:
                   ^^^^^^^^^^^^^^^^^
  File "C:\inetpub\wwwroot\e-randevu\dental_management_system\venv\Lib\site-packages\django\utils\functional.py", line 47, in __get__
    res = instance.__dict__[self.name] = self.func(instance)
                                         ^^^^^^^^^^^^^^^^^^^
  File "C:\inetpub\wwwroot\e-randevu\dental_management_system\venv\Lib\site-packages\django\urls\resolvers.py", line 738, in url_patterns
    patterns = getattr(self.urlconf_module, "urlpatterns", self.urlconf_module)
                       ^^^^^^^^^^^^^^^^^^^
  File "C:\inetpub\wwwroot\e-randevu\dental_management_system\venv\Lib\site-packages\django\utils\functional.py", line 47, in __get__
    res = instance.__dict__[self.name] = self.func(instance)
                                         ^^^^^^^^^^^^^^^^^^^
  File "C:\inetpub\wwwroot\e-randevu\dental_management_system\venv\Lib\site-packages\django\urls\resolvers.py", line 731, in urlconf_module
    return import_module(self.urlconf_name)
           ^^^^^^^^^^^^^^^^^^^^^^^^^^^^^^^^
  File "C:\Users\Administrator\AppData\Local\Programs\Python\Python311\Lib\importlib\__init__.py", line 126, in import_module
    return _bootstrap._gcd_import(name[level:], package, level)
           ^^^^^^^^^^^^^^^^^^^^^^^^^^^^^^^^^^^^^^^^^^^^^^^^^^^^
  File "<frozen importlib._bootstrap>", line 1206, in _gcd_import
  File "<frozen importlib._bootstrap>", line 1178, in _find_and_load
  File "<frozen importlib._bootstrap>", line 1149, in _find_and_load_unlocked
  File "<frozen importlib._bootstrap>", line 690, in _load_unlocked
  File "<frozen importlib._bootstrap_external>", line 940, in exec_module
  File "<frozen importlib._bootstrap>", line 241, in _call_with_frames_removed
  File "C:\inetpub\wwwroot\e-randevu\dental_management_system\dental\panel_urls.py", line 14, in <module>
    from tenants.odeme_views import abonelik_planlar, abonelik_odeme, abonelik_basarili
  File "C:\inetpub\wwwroot\e-randevu\dental_management_system\tenants\odeme_views.py", line 9, in <module>
    from tenants.iyzico import PLANS, odeme_baslat
  File "C:\inetpub\wwwroot\e-randevu\dental_management_system\tenants\iyzico.py", line 10, in <module>
    import requests
ModuleNotFoundError: No module named 'requests'

During handling of the above exception, another exception occurred:

Traceback (most recent call last):
  File "C:\inetpub\wwwroot\e-randevu\dental_management_system\venv\Lib\site-packages\django\core\handlers\exception.py", line 55, in inner
    response = get_response(request)
               ^^^^^^^^^^^^^^^^^^^^^
  File "C:\inetpub\wwwroot\e-randevu\dental_management_system\dental\middleware.py", line 66, in __call__
    return self.get_response(request)
           ^^^^^^^^^^^^^^^^^^^^^^^^^^
  File "C:\inetpub\wwwroot\e-randevu\dental_management_system\venv\Lib\site-packages\django\core\handlers\exception.py", line 57, in inner
    response = response_for_exception(request, exc)
               ^^^^^^^^^^^^^^^^^^^^^^^^^^^^^^^^^^^^
  File "C:\inetpub\wwwroot\e-randevu\dental_management_system\venv\Lib\site-packages\django\core\handlers\exception.py", line 140, in response_for_exception
    response = handle_uncaught_exception(
               ^^^^^^^^^^^^^^^^^^^^^^^^^^
  File "C:\inetpub\wwwroot\e-randevu\dental_management_system\venv\Lib\site-packages\django\core\handlers\exception.py", line 181, in handle_uncaught_exception
    return debug.technical_500_response(request, *exc_info)
           ^^^^^^^^^^^^^^^^^^^^^^^^^^^^^^^^^^^^^^^^^^^^^^^^
  File "C:\inetpub\wwwroot\e-randevu\dental_management_system\venv\Lib\site-packages\django\views\debug.py", line 69, in technical_500_response
    html = reporter.get_traceback_html()
           ^^^^^^^^^^^^^^^^^^^^^^^^^^^^^
  File "C:\inetpub\wwwroot\e-randevu\dental_management_system\venv\Lib\site-packages\django\views\debug.py", line 428, in get_traceback_html
    c = Context(self.get_traceback_data(), use_l10n=False)
                ^^^^^^^^^^^^^^^^^^^^^^^^^
  File "C:\inetpub\wwwroot\e-randevu\dental_management_system\venv\Lib\site-packages\django\views\debug.py", line 411, in get_traceback_data
    c["raising_view_name"] = get_caller(self.request)
                             ^^^^^^^^^^^^^^^^^^^^^^^^
  File "C:\inetpub\wwwroot\e-randevu\dental_management_system\venv\Lib\site-packages\django\views\debug.py", line 102, in get_caller
    resolver_match = resolve(request.path)
                     ^^^^^^^^^^^^^^^^^^^^^
  File "C:\inetpub\wwwroot\e-randevu\dental_management_system\venv\Lib\site-packages\django\urls\base.py", line 24, in resolve
    return get_resolver(urlconf).resolve(path)
           ^^^^^^^^^^^^^^^^^^^^^^^^^^^^^^^^^^^
  File "C:\inetpub\wwwroot\e-randevu\dental_management_system\venv\Lib\site-packages\django\urls\resolvers.py", line 686, in resolve
    for pattern in self.url_patterns:
                   ^^^^^^^^^^^^^^^^^
  File "C:\inetpub\wwwroot\e-randevu\dental_management_system\venv\Lib\site-packages\django\utils\functional.py", line 47, in __get__
    res = instance.__dict__[self.name] = self.func(instance)
                                         ^^^^^^^^^^^^^^^^^^^
  File "C:\inetpub\wwwroot\e-randevu\dental_management_system\venv\Lib\site-packages\django\urls\resolvers.py", line 738, in url_patterns
    patterns = getattr(self.urlconf_module, "urlpatterns", self.urlconf_module)
                       ^^^^^^^^^^^^^^^^^^^
  File "C:\inetpub\wwwroot\e-randevu\dental_management_system\venv\Lib\site-packages\django\utils\functional.py", line 47, in __get__
    res = instance.__dict__[self.name] = self.func(instance)
                                         ^^^^^^^^^^^^^^^^^^^
  File "C:\inetpub\wwwroot\e-randevu\dental_management_system\venv\Lib\site-packages\django\urls\resolvers.py", line 731, in urlconf_module
    return import_module(self.urlconf_name)
           ^^^^^^^^^^^^^^^^^^^^^^^^^^^^^^^^
  File "C:\Users\Administrator\AppData\Local\Programs\Python\Python311\Lib\importlib\__init__.py", line 126, in import_module
    return _bootstrap._gcd_import(name[level:], package, level)
           ^^^^^^^^^^^^^^^^^^^^^^^^^^^^^^^^^^^^^^^^^^^^^^^^^^^^
  File "<frozen importlib._bootstrap>", line 1206, in _gcd_import
  File "<frozen importlib._bootstrap>", line 1178, in _find_and_load
  File "<frozen importlib._bootstrap>", line 1149, in _find_and_load_unlocked
  File "<frozen importlib._bootstrap>", line 690, in _load_unlocked
  File "<frozen importlib._bootstrap_external>", line 940, in exec_module
  File "<frozen importlib._bootstrap>", line 241, in _call_with_frames_removed
  File "C:\inetpub\wwwroot\e-randevu\dental_management_system\dental\panel_urls.py", line 14, in <module>
    from tenants.odeme_views import abonelik_planlar, abonelik_odeme, abonelik_basarili
  File "C:\inetpub\wwwroot\e-randevu\dental_management_system\tenants\odeme_views.py", line 9, in <module>
    from tenants.iyzico import PLANS, odeme_baslat
  File "C:\inetpub\wwwroot\e-randevu\dental_management_system\tenants\iyzico.py", line 10, in <module>
    import requests
ModuleNotFoundError: No module named 'requests'

During handling of the above exception, another exception occurred:

Traceback (most recent call last):
  File "C:\inetpub\wwwroot\e-randevu\dental_management_system\venv\Lib\site-packages\django\core\handlers\exception.py", line 55, in inner
    response = get_response(request)
               ^^^^^^^^^^^^^^^^^^^^^
  File "C:\inetpub\wwwroot\e-randevu\dental_management_system\dental\middleware.py", line 47, in __call__
    response = self.get_response(request)
               ^^^^^^^^^^^^^^^^^^^^^^^^^^
  File "C:\inetpub\wwwroot\e-randevu\dental_management_system\venv\Lib\site-packages\django\core\handlers\exception.py", line 57, in inner
    response = response_for_exception(request, exc)
               ^^^^^^^^^^^^^^^^^^^^^^^^^^^^^^^^^^^^
  File "C:\inetpub\wwwroot\e-randevu\dental_management_system\venv\Lib\site-packages\django\core\handlers\exception.py", line 140, in response_for_exception
    response = handle_uncaught_exception(
               ^^^^^^^^^^^^^^^^^^^^^^^^^^
  File "C:\inetpub\wwwroot\e-randevu\dental_management_system\venv\Lib\site-packages\django\core\handlers\exception.py", line 181, in handle_uncaught_exception
    return debug.technical_500_response(request, *exc_info)
           ^^^^^^^^^^^^^^^^^^^^^^^^^^^^^^^^^^^^^^^^^^^^^^^^
  File "C:\inetpub\wwwroot\e-randevu\dental_management_system\venv\Lib\site-packages\django\views\debug.py", line 69, in technical_500_response
    html = reporter.get_traceback_html()
           ^^^^^^^^^^^^^^^^^^^^^^^^^^^^^
  File "C:\inetpub\wwwroot\e-randevu\dental_management_system\venv\Lib\site-packages\django\views\debug.py", line 428, in get_traceback_html
    c = Context(self.get_traceback_data(), use_l10n=False)
                ^^^^^^^^^^^^^^^^^^^^^^^^^
  File "C:\inetpub\wwwroot\e-randevu\dental_management_system\venv\Lib\site-packages\django\views\debug.py", line 411, in get_traceback_data
    c["raising_view_name"] = get_caller(self.request)
                             ^^^^^^^^^^^^^^^^^^^^^^^^
  File "C:\inetpub\wwwroot\e-randevu\dental_management_system\venv\Lib\site-packages\django\views\debug.py", line 102, in get_caller
    resolver_match = resolve(request.path)
                     ^^^^^^^^^^^^^^^^^^^^^
  File "C:\inetpub\wwwroot\e-randevu\dental_management_system\venv\Lib\site-packages\django\urls\base.py", line 24, in resolve
    return get_resolver(urlconf).resolve(path)
           ^^^^^^^^^^^^^^^^^^^^^^^^^^^^^^^^^^^
  File "C:\inetpub\wwwroot\e-randevu\dental_management_system\venv\Lib\site-packages\django\urls\resolvers.py", line 686, in resolve
    for pattern in self.url_patterns:
                   ^^^^^^^^^^^^^^^^^
  File "C:\inetpub\wwwroot\e-randevu\dental_management_system\venv\Lib\site-packages\django\utils\functional.py", line 47, in __get__
    res = instance.__dict__[self.name] = self.func(instance)
                                         ^^^^^^^^^^^^^^^^^^^
  File "C:\inetpub\wwwroot\e-randevu\dental_management_system\venv\Lib\site-packages\django\urls\resolvers.py", line 738, in url_patterns
    patterns = getattr(self.urlconf_module, "urlpatterns", self.urlconf_module)
                       ^^^^^^^^^^^^^^^^^^^
  File "C:\inetpub\wwwroot\e-randevu\dental_management_system\venv\Lib\site-packages\django\utils\functional.py", line 47, in __get__
    res = instance.__dict__[self.name] = self.func(instance)
                                         ^^^^^^^^^^^^^^^^^^^
  File "C:\inetpub\wwwroot\e-randevu\dental_management_system\venv\Lib\site-packages\django\urls\resolvers.py", line 731, in urlconf_module
    return import_module(self.urlconf_name)
           ^^^^^^^^^^^^^^^^^^^^^^^^^^^^^^^^
  File "C:\Users\Administrator\AppData\Local\Programs\Python\Python311\Lib\importlib\__init__.py", line 126, in import_module
    return _bootstrap._gcd_import(name[level:], package, level)
           ^^^^^^^^^^^^^^^^^^^^^^^^^^^^^^^^^^^^^^^^^^^^^^^^^^^^
  File "<frozen importlib._bootstrap>", line 1206, in _gcd_import
  File "<frozen importlib._bootstrap>", line 1178, in _find_and_load
  File "<frozen importlib._bootstrap>", line 1149, in _find_and_load_unlocked
  File "<frozen importlib._bootstrap>", line 690, in _load_unlocked
  File "<frozen importlib._bootstrap_external>", line 940, in exec_module
  File "<frozen importlib._bootstrap>", line 241, in _call_with_frames_removed
  File "C:\inetpub\wwwroot\e-randevu\dental_management_system\dental\panel_urls.py", line 14, in <module>
    from tenants.odeme_views import abonelik_planlar, abonelik_odeme, abonelik_basarili
  File "C:\inetpub\wwwroot\e-randevu\dental_management_system\tenants\odeme_views.py", line 9, in <module>
    from tenants.iyzico import PLANS, odeme_baslat
  File "C:\inetpub\wwwroot\e-randevu\dental_management_system\tenants\iyzico.py", line 10, in <module>
    import requests
ModuleNotFoundError: No module named 'requests'

During handling of the above exception, another exception occurred:

Traceback (most recent call last):
  File "C:\Users\Administrator\AppData\Local\Programs\Python\Python311\Lib\wsgiref\handlers.py", line 137, in run
    self.result = application(self.environ, self.start_response)
                  ^^^^^^^^^^^^^^^^^^^^^^^^^^^^^^^^^^^^^^^^^^^^^^
  File "C:\inetpub\wwwroot\e-randevu\dental_management_system\venv\Lib\site-packages\django\contrib\staticfiles\handlers.py", line 80, in __call__
    return self.application(environ, start_response)
           ^^^^^^^^^^^^^^^^^^^^^^^^^^^^^^^^^^^^^^^^^
  File "C:\inetpub\wwwroot\e-randevu\dental_management_system\venv\Lib\site-packages\django\core\handlers\wsgi.py", line 124, in __call__
    response = self.get_response(request)
               ^^^^^^^^^^^^^^^^^^^^^^^^^^
  File "C:\inetpub\wwwroot\e-randevu\dental_management_system\venv\Lib\site-packages\django\core\handlers\base.py", line 140, in get_response
    response = self._middleware_chain(request)
               ^^^^^^^^^^^^^^^^^^^^^^^^^^^^^^^
  File "C:\inetpub\wwwroot\e-randevu\dental_management_system\venv\Lib\site-packages\django\core\handlers\exception.py", line 57, in inner
    response = response_for_exception(request, exc)
               ^^^^^^^^^^^^^^^^^^^^^^^^^^^^^^^^^^^^
  File "C:\inetpub\wwwroot\e-randevu\dental_management_system\venv\Lib\site-packages\django\core\handlers\exception.py", line 140, in response_for_exception
    response = handle_uncaught_exception(
               ^^^^^^^^^^^^^^^^^^^^^^^^^^
  File "C:\inetpub\wwwroot\e-randevu\dental_management_system\venv\Lib\site-packages\django\core\handlers\exception.py", line 181, in handle_uncaught_exception
    return debug.technical_500_response(request, *exc_info)
           ^^^^^^^^^^^^^^^^^^^^^^^^^^^^^^^^^^^^^^^^^^^^^^^^
  File "C:\inetpub\wwwroot\e-randevu\dental_management_system\venv\Lib\site-packages\django\views\debug.py", line 69, in technical_500_response
    html = reporter.get_traceback_html()
           ^^^^^^^^^^^^^^^^^^^^^^^^^^^^^
  File "C:\inetpub\wwwroot\e-randevu\dental_management_system\venv\Lib\site-packages\django\views\debug.py", line 428, in get_traceback_html
    c = Context(self.get_traceback_data(), use_l10n=False)
                ^^^^^^^^^^^^^^^^^^^^^^^^^
  File "C:\inetpub\wwwroot\e-randevu\dental_management_system\venv\Lib\site-packages\django\views\debug.py", line 411, in get_traceback_data
    c["raising_view_name"] = get_caller(self.request)
                             ^^^^^^^^^^^^^^^^^^^^^^^^
  File "C:\inetpub\wwwroot\e-randevu\dental_management_system\venv\Lib\site-packages\django\views\debug.py", line 102, in get_caller
    resolver_match = resolve(request.path)
                     ^^^^^^^^^^^^^^^^^^^^^
  File "C:\inetpub\wwwroot\e-randevu\dental_management_system\venv\Lib\site-packages\django\urls\base.py", line 24, in resolve
    return get_resolver(urlconf).resolve(path)
           ^^^^^^^^^^^^^^^^^^^^^^^^^^^^^^^^^^^
  File "C:\inetpub\wwwroot\e-randevu\dental_management_system\venv\Lib\site-packages\django\urls\resolvers.py", line 686, in resolve
    for pattern in self.url_patterns:
                   ^^^^^^^^^^^^^^^^^
  File "C:\inetpub\wwwroot\e-randevu\dental_management_system\venv\Lib\site-packages\django\utils\functional.py", line 47, in __get__
    res = instance.__dict__[self.name] = self.func(instance)
                                         ^^^^^^^^^^^^^^^^^^^
  File "C:\inetpub\wwwroot\e-randevu\dental_management_system\venv\Lib\site-packages\django\urls\resolvers.py", line 738, in url_patterns
    patterns = getattr(self.urlconf_module, "urlpatterns", self.urlconf_module)
                       ^^^^^^^^^^^^^^^^^^^
  File "C:\inetpub\wwwroot\e-randevu\dental_management_system\venv\Lib\site-packages\django\utils\functional.py", line 47, in __get__
    res = instance.__dict__[self.name] = self.func(instance)
                                         ^^^^^^^^^^^^^^^^^^^
  File "C:\inetpub\wwwroot\e-randevu\dental_management_system\venv\Lib\site-packages\django\urls\resolvers.py", line 731, in urlconf_module
    return import_module(self.urlconf_name)
           ^^^^^^^^^^^^^^^^^^^^^^^^^^^^^^^^
  File "C:\Users\Administrator\AppData\Local\Programs\Python\Python311\Lib\importlib\__init__.py", line 126, in import_module
    return _bootstrap._gcd_import(name[level:], package, level)
           ^^^^^^^^^^^^^^^^^^^^^^^^^^^^^^^^^^^^^^^^^^^^^^^^^^^^
  File "<frozen importlib._bootstrap>", line 1206, in _gcd_import
  File "<frozen importlib._bootstrap>", line 1178, in _find_and_load
  File "<frozen importlib._bootstrap>", line 1149, in _find_and_load_unlocked
  File "<frozen importlib._bootstrap>", line 690, in _load_unlocked
  File "<frozen importlib._bootstrap_external>", line 940, in exec_module
  File "<frozen importlib._bootstrap>", line 241, in _call_with_frames_removed
  File "C:\inetpub\wwwroot\e-randevu\dental_management_system\dental\panel_urls.py", line 14, in <module>
    from tenants.odeme_views import abonelik_planlar, abonelik_odeme, abonelik_basarili
  File "C:\inetpub\wwwroot\e-randevu\dental_management_system\tenants\odeme_views.py", line 9, in <module>
    from tenants.iyzico import PLANS, odeme_baslat
  File "C:\inetpub\wwwroot\e-randevu\dental_management_system\tenants\iyzico.py", line 10, in <module>
    import requests
ModuleNotFoundError: No module named 'requests'
[29/Mar/2026 07:52:46] "GET /giris/ HTTP/1.1" 500 59
Not Found: /robots.txt
[29/Mar/2026 08:00:09] "GET /robots.txt HTTP/1.1" 404 2949
Traceback (most recent call last):
  File "C:\inetpub\wwwroot\e-randevu\dental_management_system\venv\Lib\site-packages\django\core\handlers\exception.py", line 55, in inner
    response = get_response(request)
               ^^^^^^^^^^^^^^^^^^^^^
  File "C:\inetpub\wwwroot\e-randevu\dental_management_system\venv\Lib\site-packages\django\core\handlers\base.py", line 181, in _get_response
    callback, callback_args, callback_kwargs = self.resolve_request(request)
                                               ^^^^^^^^^^^^^^^^^^^^^^^^^^^^^
  File "C:\inetpub\wwwroot\e-randevu\dental_management_system\venv\Lib\site-packages\django\core\handlers\base.py", line 313, in resolve_request
    resolver_match = resolver.resolve(request.path_info)
                     ^^^^^^^^^^^^^^^^^^^^^^^^^^^^^^^^^^^
  File "C:\inetpub\wwwroot\e-randevu\dental_management_system\venv\Lib\site-packages\django\urls\resolvers.py", line 686, in resolve
    for pattern in self.url_patterns:
                   ^^^^^^^^^^^^^^^^^
  File "C:\inetpub\wwwroot\e-randevu\dental_management_system\venv\Lib\site-packages\django\utils\functional.py", line 47, in __get__
    res = instance.__dict__[self.name] = self.func(instance)
                                         ^^^^^^^^^^^^^^^^^^^
  File "C:\inetpub\wwwroot\e-randevu\dental_management_system\venv\Lib\site-packages\django\urls\resolvers.py", line 738, in url_patterns
    patterns = getattr(self.urlconf_module, "urlpatterns", self.urlconf_module)
                       ^^^^^^^^^^^^^^^^^^^
  File "C:\inetpub\wwwroot\e-randevu\dental_management_system\venv\Lib\site-packages\django\utils\functional.py", line 47, in __get__
    res = instance.__dict__[self.name] = self.func(instance)
                                         ^^^^^^^^^^^^^^^^^^^
  File "C:\inetpub\wwwroot\e-randevu\dental_management_system\venv\Lib\site-packages\django\urls\resolvers.py", line 731, in urlconf_module
    return import_module(self.urlconf_name)
           ^^^^^^^^^^^^^^^^^^^^^^^^^^^^^^^^
  File "C:\Users\Administrator\AppData\Local\Programs\Python\Python311\Lib\importlib\__init__.py", line 126, in import_module
    return _bootstrap._gcd_import(name[level:], package, level)
           ^^^^^^^^^^^^^^^^^^^^^^^^^^^^^^^^^^^^^^^^^^^^^^^^^^^^
  File "<frozen importlib._bootstrap>", line 1206, in _gcd_import
  File "<frozen importlib._bootstrap>", line 1178, in _find_and_load
  File "<frozen importlib._bootstrap>", line 1149, in _find_and_load_unlocked
  File "<frozen importlib._bootstrap>", line 690, in _load_unlocked
  File "<frozen importlib._bootstrap_external>", line 940, in exec_module
  File "<frozen importlib._bootstrap>", line 241, in _call_with_frames_removed
  File "C:\inetpub\wwwroot\e-randevu\dental_management_system\dental\panel_urls.py", line 14, in <module>
    from tenants.odeme_views import abonelik_planlar, abonelik_odeme, abonelik_basarili
  File "C:\inetpub\wwwroot\e-randevu\dental_management_system\tenants\odeme_views.py", line 9, in <module>
    from tenants.iyzico import PLANS, odeme_baslat
  File "C:\inetpub\wwwroot\e-randevu\dental_management_system\tenants\iyzico.py", line 10, in <module>
    import requests
ModuleNotFoundError: No module named 'requests'

During handling of the above exception, another exception occurred:

Traceback (most recent call last):
  File "C:\inetpub\wwwroot\e-randevu\dental_management_system\venv\Lib\site-packages\django\core\handlers\exception.py", line 55, in inner
    response = get_response(request)
               ^^^^^^^^^^^^^^^^^^^^^
  File "C:\inetpub\wwwroot\e-randevu\dental_management_system\venv\Lib\site-packages\django\utils\deprecation.py", line 134, in __call__
    response = response or self.get_response(request)
                           ^^^^^^^^^^^^^^^^^^^^^^^^^^
  File "C:\inetpub\wwwroot\e-randevu\dental_management_system\venv\Lib\site-packages\django\core\handlers\exception.py", line 57, in inner
    response = response_for_exception(request, exc)
               ^^^^^^^^^^^^^^^^^^^^^^^^^^^^^^^^^^^^
  File "C:\inetpub\wwwroot\e-randevu\dental_management_system\venv\Lib\site-packages\django\core\handlers\exception.py", line 140, in response_for_exception
    response = handle_uncaught_exception(
               ^^^^^^^^^^^^^^^^^^^^^^^^^^
  File "C:\inetpub\wwwroot\e-randevu\dental_management_system\venv\Lib\site-packages\django\core\handlers\exception.py", line 181, in handle_uncaught_exception
    return debug.technical_500_response(request, *exc_info)
           ^^^^^^^^^^^^^^^^^^^^^^^^^^^^^^^^^^^^^^^^^^^^^^^^
  File "C:\inetpub\wwwroot\e-randevu\dental_management_system\venv\Lib\site-packages\django\views\debug.py", line 69, in technical_500_response
    html = reporter.get_traceback_html()
           ^^^^^^^^^^^^^^^^^^^^^^^^^^^^^
  File "C:\inetpub\wwwroot\e-randevu\dental_management_system\venv\Lib\site-packages\django\views\debug.py", line 428, in get_traceback_html
    c = Context(self.get_traceback_data(), use_l10n=False)
                ^^^^^^^^^^^^^^^^^^^^^^^^^
  File "C:\inetpub\wwwroot\e-randevu\dental_management_system\venv\Lib\site-packages\django\views\debug.py", line 411, in get_traceback_data
    c["raising_view_name"] = get_caller(self.request)
                             ^^^^^^^^^^^^^^^^^^^^^^^^
  File "C:\inetpub\wwwroot\e-randevu\dental_management_system\venv\Lib\site-packages\django\views\debug.py", line 102, in get_caller
    resolver_match = resolve(request.path)
                     ^^^^^^^^^^^^^^^^^^^^^
  File "C:\inetpub\wwwroot\e-randevu\dental_management_system\venv\Lib\site-packages\django\urls\base.py", line 24, in resolve
    return get_resolver(urlconf).resolve(path)
           ^^^^^^^^^^^^^^^^^^^^^^^^^^^^^^^^^^^
  File "C:\inetpub\wwwroot\e-randevu\dental_management_system\venv\Lib\site-packages\django\urls\resolvers.py", line 686, in resolve
    for pattern in self.url_patterns:
                   ^^^^^^^^^^^^^^^^^
  File "C:\inetpub\wwwroot\e-randevu\dental_management_system\venv\Lib\site-packages\django\utils\functional.py", line 47, in __get__
    res = instance.__dict__[self.name] = self.func(instance)
                                         ^^^^^^^^^^^^^^^^^^^
  File "C:\inetpub\wwwroot\e-randevu\dental_management_system\venv\Lib\site-packages\django\urls\resolvers.py", line 738, in url_patterns
    patterns = getattr(self.urlconf_module, "urlpatterns", self.urlconf_module)
                       ^^^^^^^^^^^^^^^^^^^
  File "C:\inetpub\wwwroot\e-randevu\dental_management_system\venv\Lib\site-packages\django\utils\functional.py", line 47, in __get__
    res = instance.__dict__[self.name] = self.func(instance)
                                         ^^^^^^^^^^^^^^^^^^^
  File "C:\inetpub\wwwroot\e-randevu\dental_management_system\venv\Lib\site-packages\django\urls\resolvers.py", line 731, in urlconf_module
    return import_module(self.urlconf_name)
           ^^^^^^^^^^^^^^^^^^^^^^^^^^^^^^^^
  File "C:\Users\Administrator\AppData\Local\Programs\Python\Python311\Lib\importlib\__init__.py", line 126, in import_module
    return _bootstrap._gcd_import(name[level:], package, level)
           ^^^^^^^^^^^^^^^^^^^^^^^^^^^^^^^^^^^^^^^^^^^^^^^^^^^^
  File "<frozen importlib._bootstrap>", line 1206, in _gcd_import
  File "<frozen importlib._bootstrap>", line 1178, in _find_and_load
  File "<frozen importlib._bootstrap>", line 1149, in _find_and_load_unlocked
  File "<frozen importlib._bootstrap>", line 690, in _load_unlocked
  File "<frozen importlib._bootstrap_external>", line 940, in exec_module
  File "<frozen importlib._bootstrap>", line 241, in _call_with_frames_removed
  File "C:\inetpub\wwwroot\e-randevu\dental_management_system\dental\panel_urls.py", line 14, in <module>
    from tenants.odeme_views import abonelik_planlar, abonelik_odeme, abonelik_basarili
  File "C:\inetpub\wwwroot\e-randevu\dental_management_system\tenants\odeme_views.py", line 9, in <module>
    from tenants.iyzico import PLANS, odeme_baslat
  File "C:\inetpub\wwwroot\e-randevu\dental_management_system\tenants\iyzico.py", line 10, in <module>
    import requests
ModuleNotFoundError: No module named 'requests'

During handling of the above exception, another exception occurred:

Traceback (most recent call last):
  File "C:\inetpub\wwwroot\e-randevu\dental_management_system\venv\Lib\site-packages\django\core\handlers\exception.py", line 55, in inner
    response = get_response(request)
               ^^^^^^^^^^^^^^^^^^^^^
  File "C:\inetpub\wwwroot\e-randevu\dental_management_system\venv\Lib\site-packages\django\utils\deprecation.py", line 134, in __call__
    response = response or self.get_response(request)
                           ^^^^^^^^^^^^^^^^^^^^^^^^^^
  File "C:\inetpub\wwwroot\e-randevu\dental_management_system\venv\Lib\site-packages\django\core\handlers\exception.py", line 57, in inner
    response = response_for_exception(request, exc)
               ^^^^^^^^^^^^^^^^^^^^^^^^^^^^^^^^^^^^
  File "C:\inetpub\wwwroot\e-randevu\dental_management_system\venv\Lib\site-packages\django\core\handlers\exception.py", line 140, in response_for_exception
    response = handle_uncaught_exception(
               ^^^^^^^^^^^^^^^^^^^^^^^^^^
  File "C:\inetpub\wwwroot\e-randevu\dental_management_system\venv\Lib\site-packages\django\core\handlers\exception.py", line 181, in handle_uncaught_exception
    return debug.technical_500_response(request, *exc_info)
           ^^^^^^^^^^^^^^^^^^^^^^^^^^^^^^^^^^^^^^^^^^^^^^^^
  File "C:\inetpub\wwwroot\e-randevu\dental_management_system\venv\Lib\site-packages\django\views\debug.py", line 69, in technical_500_response
    html = reporter.get_traceback_html()
           ^^^^^^^^^^^^^^^^^^^^^^^^^^^^^
  File "C:\inetpub\wwwroot\e-randevu\dental_management_system\venv\Lib\site-packages\django\views\debug.py", line 428, in get_traceback_html
    c = Context(self.get_traceback_data(), use_l10n=False)
                ^^^^^^^^^^^^^^^^^^^^^^^^^
  File "C:\inetpub\wwwroot\e-randevu\dental_management_system\venv\Lib\site-packages\django\views\debug.py", line 411, in get_traceback_data
    c["raising_view_name"] = get_caller(self.request)
                             ^^^^^^^^^^^^^^^^^^^^^^^^
  File "C:\inetpub\wwwroot\e-randevu\dental_management_system\venv\Lib\site-packages\django\views\debug.py", line 102, in get_caller
    resolver_match = resolve(request.path)
                     ^^^^^^^^^^^^^^^^^^^^^
  File "C:\inetpub\wwwroot\e-randevu\dental_management_system\venv\Lib\site-packages\django\urls\base.py", line 24, in resolve
    return get_resolver(urlconf).resolve(path)
           ^^^^^^^^^^^^^^^^^^^^^^^^^^^^^^^^^^^
  File "C:\inetpub\wwwroot\e-randevu\dental_management_system\venv\Lib\site-packages\django\urls\resolvers.py", line 686, in resolve
    for pattern in self.url_patterns:
                   ^^^^^^^^^^^^^^^^^
  File "C:\inetpub\wwwroot\e-randevu\dental_management_system\venv\Lib\site-packages\django\utils\functional.py", line 47, in __get__
    res = instance.__dict__[self.name] = self.func(instance)
                                         ^^^^^^^^^^^^^^^^^^^
  File "C:\inetpub\wwwroot\e-randevu\dental_management_system\venv\Lib\site-packages\django\urls\resolvers.py", line 738, in url_patterns
    patterns = getattr(self.urlconf_module, "urlpatterns", self.urlconf_module)
                       ^^^^^^^^^^^^^^^^^^^
  File "C:\inetpub\wwwroot\e-randevu\dental_management_system\venv\Lib\site-packages\django\utils\functional.py", line 47, in __get__
    res = instance.__dict__[self.name] = self.func(instance)
                                         ^^^^^^^^^^^^^^^^^^^
  File "C:\inetpub\wwwroot\e-randevu\dental_management_system\venv\Lib\site-packages\django\urls\resolvers.py", line 731, in urlconf_module
    return import_module(self.urlconf_name)
           ^^^^^^^^^^^^^^^^^^^^^^^^^^^^^^^^
  File "C:\Users\Administrator\AppData\Local\Programs\Python\Python311\Lib\importlib\__init__.py", line 126, in import_module
    return _bootstrap._gcd_import(name[level:], package, level)
           ^^^^^^^^^^^^^^^^^^^^^^^^^^^^^^^^^^^^^^^^^^^^^^^^^^^^
  File "<frozen importlib._bootstrap>", line 1206, in _gcd_import
  File "<frozen importlib._bootstrap>", line 1178, in _find_and_load
  File "<frozen importlib._bootstrap>", line 1149, in _find_and_load_unlocked
  File "<frozen importlib._bootstrap>", line 690, in _load_unlocked
  File "<frozen importlib._bootstrap_external>", line 940, in exec_module
  File "<frozen importlib._bootstrap>", line 241, in _call_with_frames_removed
  File "C:\inetpub\wwwroot\e-randevu\dental_management_system\dental\panel_urls.py", line 14, in <module>
    from tenants.odeme_views import abonelik_planlar, abonelik_odeme, abonelik_basarili
  File "C:\inetpub\wwwroot\e-randevu\dental_management_system\tenants\odeme_views.py", line 9, in <module>
    from tenants.iyzico import PLANS, odeme_baslat
  File "C:\inetpub\wwwroot\e-randevu\dental_management_system\tenants\iyzico.py", line 10, in <module>
    import requests
ModuleNotFoundError: No module named 'requests'

During handling of the above exception, another exception occurred:

Traceback (most recent call last):
  File "C:\inetpub\wwwroot\e-randevu\dental_management_system\venv\Lib\site-packages\django\core\handlers\exception.py", line 55, in inner
    response = get_response(request)
               ^^^^^^^^^^^^^^^^^^^^^
  File "C:\inetpub\wwwroot\e-randevu\dental_management_system\venv\Lib\site-packages\django\utils\deprecation.py", line 134, in __call__
    response = response or self.get_response(request)
                           ^^^^^^^^^^^^^^^^^^^^^^^^^^
  File "C:\inetpub\wwwroot\e-randevu\dental_management_system\venv\Lib\site-packages\django\core\handlers\exception.py", line 57, in inner
    response = response_for_exception(request, exc)
               ^^^^^^^^^^^^^^^^^^^^^^^^^^^^^^^^^^^^
  File "C:\inetpub\wwwroot\e-randevu\dental_management_system\venv\Lib\site-packages\django\core\handlers\exception.py", line 140, in response_for_exception
    response = handle_uncaught_exception(
               ^^^^^^^^^^^^^^^^^^^^^^^^^^
  File "C:\inetpub\wwwroot\e-randevu\dental_management_system\venv\Lib\site-packages\django\core\handlers\exception.py", line 181, in handle_uncaught_exception
    return debug.technical_500_response(request, *exc_info)
           ^^^^^^^^^^^^^^^^^^^^^^^^^^^^^^^^^^^^^^^^^^^^^^^^
  File "C:\inetpub\wwwroot\e-randevu\dental_management_system\venv\Lib\site-packages\django\views\debug.py", line 69, in technical_500_response
    html = reporter.get_traceback_html()
           ^^^^^^^^^^^^^^^^^^^^^^^^^^^^^
  File "C:\inetpub\wwwroot\e-randevu\dental_management_system\venv\Lib\site-packages\django\views\debug.py", line 428, in get_traceback_html
    c = Context(self.get_traceback_data(), use_l10n=False)
                ^^^^^^^^^^^^^^^^^^^^^^^^^
  File "C:\inetpub\wwwroot\e-randevu\dental_management_system\venv\Lib\site-packages\django\views\debug.py", line 411, in get_traceback_data
    c["raising_view_name"] = get_caller(self.request)
                             ^^^^^^^^^^^^^^^^^^^^^^^^
  File "C:\inetpub\wwwroot\e-randevu\dental_management_system\venv\Lib\site-packages\django\views\debug.py", line 102, in get_caller
    resolver_match = resolve(request.path)
                     ^^^^^^^^^^^^^^^^^^^^^
  File "C:\inetpub\wwwroot\e-randevu\dental_management_system\venv\Lib\site-packages\django\urls\base.py", line 24, in resolve
    return get_resolver(urlconf).resolve(path)
           ^^^^^^^^^^^^^^^^^^^^^^^^^^^^^^^^^^^
  File "C:\inetpub\wwwroot\e-randevu\dental_management_system\venv\Lib\site-packages\django\urls\resolvers.py", line 686, in resolve
    for pattern in self.url_patterns:
                   ^^^^^^^^^^^^^^^^^
  File "C:\inetpub\wwwroot\e-randevu\dental_management_system\venv\Lib\site-packages\django\utils\functional.py", line 47, in __get__
    res = instance.__dict__[self.name] = self.func(instance)
                                         ^^^^^^^^^^^^^^^^^^^
  File "C:\inetpub\wwwroot\e-randevu\dental_management_system\venv\Lib\site-packages\django\urls\resolvers.py", line 738, in url_patterns
    patterns = getattr(self.urlconf_module, "urlpatterns", self.urlconf_module)
                       ^^^^^^^^^^^^^^^^^^^
  File "C:\inetpub\wwwroot\e-randevu\dental_management_system\venv\Lib\site-packages\django\utils\functional.py", line 47, in __get__
    res = instance.__dict__[self.name] = self.func(instance)
                                         ^^^^^^^^^^^^^^^^^^^
  File "C:\inetpub\wwwroot\e-randevu\dental_management_system\venv\Lib\site-packages\django\urls\resolvers.py", line 731, in urlconf_module
    return import_module(self.urlconf_name)
           ^^^^^^^^^^^^^^^^^^^^^^^^^^^^^^^^
  File "C:\Users\Administrator\AppData\Local\Programs\Python\Python311\Lib\importlib\__init__.py", line 126, in import_module
    return _bootstrap._gcd_import(name[level:], package, level)
           ^^^^^^^^^^^^^^^^^^^^^^^^^^^^^^^^^^^^^^^^^^^^^^^^^^^^
  File "<frozen importlib._bootstrap>", line 1206, in _gcd_import
  File "<frozen importlib._bootstrap>", line 1178, in _find_and_load
  File "<frozen importlib._bootstrap>", line 1149, in _find_and_load_unlocked
  File "<frozen importlib._bootstrap>", line 690, in _load_unlocked
  File "<frozen importlib._bootstrap_external>", line 940, in exec_module
  File "<frozen importlib._bootstrap>", line 241, in _call_with_frames_removed
  File "C:\inetpub\wwwroot\e-randevu\dental_management_system\dental\panel_urls.py", line 14, in <module>
    from tenants.odeme_views import abonelik_planlar, abonelik_odeme, abonelik_basarili
  File "C:\inetpub\wwwroot\e-randevu\dental_management_system\tenants\odeme_views.py", line 9, in <module>
    from tenants.iyzico import PLANS, odeme_baslat
  File "C:\inetpub\wwwroot\e-randevu\dental_management_system\tenants\iyzico.py", line 10, in <module>
    import requests
ModuleNotFoundError: No module named 'requests'

During handling of the above exception, another exception occurred:

Traceback (most recent call last):
  File "C:\inetpub\wwwroot\e-randevu\dental_management_system\venv\Lib\site-packages\django\core\handlers\exception.py", line 55, in inner
    response = get_response(request)
               ^^^^^^^^^^^^^^^^^^^^^
  File "C:\inetpub\wwwroot\e-randevu\dental_management_system\venv\Lib\site-packages\django\utils\deprecation.py", line 134, in __call__
    response = response or self.get_response(request)
                           ^^^^^^^^^^^^^^^^^^^^^^^^^^
  File "C:\inetpub\wwwroot\e-randevu\dental_management_system\venv\Lib\site-packages\django\core\handlers\exception.py", line 57, in inner
    response = response_for_exception(request, exc)
               ^^^^^^^^^^^^^^^^^^^^^^^^^^^^^^^^^^^^
  File "C:\inetpub\wwwroot\e-randevu\dental_management_system\venv\Lib\site-packages\django\core\handlers\exception.py", line 140, in response_for_exception
    response = handle_uncaught_exception(
               ^^^^^^^^^^^^^^^^^^^^^^^^^^
  File "C:\inetpub\wwwroot\e-randevu\dental_management_system\venv\Lib\site-packages\django\core\handlers\exception.py", line 181, in handle_uncaught_exception
    return debug.technical_500_response(request, *exc_info)
           ^^^^^^^^^^^^^^^^^^^^^^^^^^^^^^^^^^^^^^^^^^^^^^^^
  File "C:\inetpub\wwwroot\e-randevu\dental_management_system\venv\Lib\site-packages\django\views\debug.py", line 69, in technical_500_response
    html = reporter.get_traceback_html()
           ^^^^^^^^^^^^^^^^^^^^^^^^^^^^^
  File "C:\inetpub\wwwroot\e-randevu\dental_management_system\venv\Lib\site-packages\django\views\debug.py", line 428, in get_traceback_html
    c = Context(self.get_traceback_data(), use_l10n=False)
                ^^^^^^^^^^^^^^^^^^^^^^^^^
  File "C:\inetpub\wwwroot\e-randevu\dental_management_system\venv\Lib\site-packages\django\views\debug.py", line 411, in get_traceback_data
    c["raising_view_name"] = get_caller(self.request)
                             ^^^^^^^^^^^^^^^^^^^^^^^^
  File "C:\inetpub\wwwroot\e-randevu\dental_management_system\venv\Lib\site-packages\django\views\debug.py", line 102, in get_caller
    resolver_match = resolve(request.path)
                     ^^^^^^^^^^^^^^^^^^^^^
  File "C:\inetpub\wwwroot\e-randevu\dental_management_system\venv\Lib\site-packages\django\urls\base.py", line 24, in resolve
    return get_resolver(urlconf).resolve(path)
           ^^^^^^^^^^^^^^^^^^^^^^^^^^^^^^^^^^^
  File "C:\inetpub\wwwroot\e-randevu\dental_management_system\venv\Lib\site-packages\django\urls\resolvers.py", line 686, in resolve
    for pattern in self.url_patterns:
                   ^^^^^^^^^^^^^^^^^
  File "C:\inetpub\wwwroot\e-randevu\dental_management_system\venv\Lib\site-packages\django\utils\functional.py", line 47, in __get__
    res = instance.__dict__[self.name] = self.func(instance)
                                         ^^^^^^^^^^^^^^^^^^^
  File "C:\inetpub\wwwroot\e-randevu\dental_management_system\venv\Lib\site-packages\django\urls\resolvers.py", line 738, in url_patterns
    patterns = getattr(self.urlconf_module, "urlpatterns", self.urlconf_module)
                       ^^^^^^^^^^^^^^^^^^^
  File "C:\inetpub\wwwroot\e-randevu\dental_management_system\venv\Lib\site-packages\django\utils\functional.py", line 47, in __get__
    res = instance.__dict__[self.name] = self.func(instance)
                                         ^^^^^^^^^^^^^^^^^^^
  File "C:\inetpub\wwwroot\e-randevu\dental_management_system\venv\Lib\site-packages\django\urls\resolvers.py", line 731, in urlconf_module
    return import_module(self.urlconf_name)
           ^^^^^^^^^^^^^^^^^^^^^^^^^^^^^^^^
  File "C:\Users\Administrator\AppData\Local\Programs\Python\Python311\Lib\importlib\__init__.py", line 126, in import_module
    return _bootstrap._gcd_import(name[level:], package, level)
           ^^^^^^^^^^^^^^^^^^^^^^^^^^^^^^^^^^^^^^^^^^^^^^^^^^^^
  File "<frozen importlib._bootstrap>", line 1206, in _gcd_import
  File "<frozen importlib._bootstrap>", line 1178, in _find_and_load
  File "<frozen importlib._bootstrap>", line 1149, in _find_and_load_unlocked
  File "<frozen importlib._bootstrap>", line 690, in _load_unlocked
  File "<frozen importlib._bootstrap_external>", line 940, in exec_module
  File "<frozen importlib._bootstrap>", line 241, in _call_with_frames_removed
  File "C:\inetpub\wwwroot\e-randevu\dental_management_system\dental\panel_urls.py", line 14, in <module>
    from tenants.odeme_views import abonelik_planlar, abonelik_odeme, abonelik_basarili
  File "C:\inetpub\wwwroot\e-randevu\dental_management_system\tenants\odeme_views.py", line 9, in <module>
    from tenants.iyzico import PLANS, odeme_baslat
  File "C:\inetpub\wwwroot\e-randevu\dental_management_system\tenants\iyzico.py", line 10, in <module>
    import requests
ModuleNotFoundError: No module named 'requests'

During handling of the above exception, another exception occurred:

Traceback (most recent call last):
  File "C:\inetpub\wwwroot\e-randevu\dental_management_system\venv\Lib\site-packages\django\core\handlers\exception.py", line 55, in inner
    response = get_response(request)
               ^^^^^^^^^^^^^^^^^^^^^
  File "C:\inetpub\wwwroot\e-randevu\dental_management_system\venv\Lib\site-packages\django\utils\deprecation.py", line 134, in __call__
    response = response or self.get_response(request)
                           ^^^^^^^^^^^^^^^^^^^^^^^^^^
  File "C:\inetpub\wwwroot\e-randevu\dental_management_system\venv\Lib\site-packages\django\core\handlers\exception.py", line 57, in inner
    response = response_for_exception(request, exc)
               ^^^^^^^^^^^^^^^^^^^^^^^^^^^^^^^^^^^^
  File "C:\inetpub\wwwroot\e-randevu\dental_management_system\venv\Lib\site-packages\django\core\handlers\exception.py", line 140, in response_for_exception
    response = handle_uncaught_exception(
               ^^^^^^^^^^^^^^^^^^^^^^^^^^
  File "C:\inetpub\wwwroot\e-randevu\dental_management_system\venv\Lib\site-packages\django\core\handlers\exception.py", line 181, in handle_uncaught_exception
    return debug.technical_500_response(request, *exc_info)
           ^^^^^^^^^^^^^^^^^^^^^^^^^^^^^^^^^^^^^^^^^^^^^^^^
  File "C:\inetpub\wwwroot\e-randevu\dental_management_system\venv\Lib\site-packages\django\views\debug.py", line 69, in technical_500_response
    html = reporter.get_traceback_html()
           ^^^^^^^^^^^^^^^^^^^^^^^^^^^^^
  File "C:\inetpub\wwwroot\e-randevu\dental_management_system\venv\Lib\site-packages\django\views\debug.py", line 428, in get_traceback_html
    c = Context(self.get_traceback_data(), use_l10n=False)
                ^^^^^^^^^^^^^^^^^^^^^^^^^
  File "C:\inetpub\wwwroot\e-randevu\dental_management_system\venv\Lib\site-packages\django\views\debug.py", line 411, in get_traceback_data
    c["raising_view_name"] = get_caller(self.request)
                             ^^^^^^^^^^^^^^^^^^^^^^^^
  File "C:\inetpub\wwwroot\e-randevu\dental_management_system\venv\Lib\site-packages\django\views\debug.py", line 102, in get_caller
    resolver_match = resolve(request.path)
                     ^^^^^^^^^^^^^^^^^^^^^
  File "C:\inetpub\wwwroot\e-randevu\dental_management_system\venv\Lib\site-packages\django\urls\base.py", line 24, in resolve
    return get_resolver(urlconf).resolve(path)
           ^^^^^^^^^^^^^^^^^^^^^^^^^^^^^^^^^^^
  File "C:\inetpub\wwwroot\e-randevu\dental_management_system\venv\Lib\site-packages\django\urls\resolvers.py", line 686, in resolve
    for pattern in self.url_patterns:
                   ^^^^^^^^^^^^^^^^^
  File "C:\inetpub\wwwroot\e-randevu\dental_management_system\venv\Lib\site-packages\django\utils\functional.py", line 47, in __get__
    res = instance.__dict__[self.name] = self.func(instance)
                                         ^^^^^^^^^^^^^^^^^^^
  File "C:\inetpub\wwwroot\e-randevu\dental_management_system\venv\Lib\site-packages\django\urls\resolvers.py", line 738, in url_patterns
    patterns = getattr(self.urlconf_module, "urlpatterns", self.urlconf_module)
                       ^^^^^^^^^^^^^^^^^^^
  File "C:\inetpub\wwwroot\e-randevu\dental_management_system\venv\Lib\site-packages\django\utils\functional.py", line 47, in __get__
    res = instance.__dict__[self.name] = self.func(instance)
                                         ^^^^^^^^^^^^^^^^^^^
  File "C:\inetpub\wwwroot\e-randevu\dental_management_system\venv\Lib\site-packages\django\urls\resolvers.py", line 731, in urlconf_module
    return import_module(self.urlconf_name)
           ^^^^^^^^^^^^^^^^^^^^^^^^^^^^^^^^
  File "C:\Users\Administrator\AppData\Local\Programs\Python\Python311\Lib\importlib\__init__.py", line 126, in import_module
    return _bootstrap._gcd_import(name[level:], package, level)
           ^^^^^^^^^^^^^^^^^^^^^^^^^^^^^^^^^^^^^^^^^^^^^^^^^^^^
  File "<frozen importlib._bootstrap>", line 1206, in _gcd_import
  File "<frozen importlib._bootstrap>", line 1178, in _find_and_load
  File "<frozen importlib._bootstrap>", line 1149, in _find_and_load_unlocked
  File "<frozen importlib._bootstrap>", line 690, in _load_unlocked
  File "<frozen importlib._bootstrap_external>", line 940, in exec_module
  File "<frozen importlib._bootstrap>", line 241, in _call_with_frames_removed
  File "C:\inetpub\wwwroot\e-randevu\dental_management_system\dental\panel_urls.py", line 14, in <module>
    from tenants.odeme_views import abonelik_planlar, abonelik_odeme, abonelik_basarili
  File "C:\inetpub\wwwroot\e-randevu\dental_management_system\tenants\odeme_views.py", line 9, in <module>
    from tenants.iyzico import PLANS, odeme_baslat
  File "C:\inetpub\wwwroot\e-randevu\dental_management_system\tenants\iyzico.py", line 10, in <module>
    import requests
ModuleNotFoundError: No module named 'requests'

During handling of the above exception, another exception occurred:

Traceback (most recent call last):
  File "C:\inetpub\wwwroot\e-randevu\dental_management_system\venv\Lib\site-packages\django\core\handlers\exception.py", line 55, in inner
    response = get_response(request)
               ^^^^^^^^^^^^^^^^^^^^^
  File "C:\inetpub\wwwroot\e-randevu\dental_management_system\venv\Lib\site-packages\django\utils\deprecation.py", line 134, in __call__
    response = response or self.get_response(request)
                           ^^^^^^^^^^^^^^^^^^^^^^^^^^
  File "C:\inetpub\wwwroot\e-randevu\dental_management_system\venv\Lib\site-packages\django\core\handlers\exception.py", line 57, in inner
    response = response_for_exception(request, exc)
               ^^^^^^^^^^^^^^^^^^^^^^^^^^^^^^^^^^^^
  File "C:\inetpub\wwwroot\e-randevu\dental_management_system\venv\Lib\site-packages\django\core\handlers\exception.py", line 140, in response_for_exception
    response = handle_uncaught_exception(
               ^^^^^^^^^^^^^^^^^^^^^^^^^^
  File "C:\inetpub\wwwroot\e-randevu\dental_management_system\venv\Lib\site-packages\django\core\handlers\exception.py", line 181, in handle_uncaught_exception
    return debug.technical_500_response(request, *exc_info)
           ^^^^^^^^^^^^^^^^^^^^^^^^^^^^^^^^^^^^^^^^^^^^^^^^
  File "C:\inetpub\wwwroot\e-randevu\dental_management_system\venv\Lib\site-packages\django\views\debug.py", line 69, in technical_500_response
    html = reporter.get_traceback_html()
           ^^^^^^^^^^^^^^^^^^^^^^^^^^^^^
  File "C:\inetpub\wwwroot\e-randevu\dental_management_system\venv\Lib\site-packages\django\views\debug.py", line 428, in get_traceback_html
    c = Context(self.get_traceback_data(), use_l10n=False)
                ^^^^^^^^^^^^^^^^^^^^^^^^^
  File "C:\inetpub\wwwroot\e-randevu\dental_management_system\venv\Lib\site-packages\django\views\debug.py", line 411, in get_traceback_data
    c["raising_view_name"] = get_caller(self.request)
                             ^^^^^^^^^^^^^^^^^^^^^^^^
  File "C:\inetpub\wwwroot\e-randevu\dental_management_system\venv\Lib\site-packages\django\views\debug.py", line 102, in get_caller
    resolver_match = resolve(request.path)
                     ^^^^^^^^^^^^^^^^^^^^^
  File "C:\inetpub\wwwroot\e-randevu\dental_management_system\venv\Lib\site-packages\django\urls\base.py", line 24, in resolve
    return get_resolver(urlconf).resolve(path)
           ^^^^^^^^^^^^^^^^^^^^^^^^^^^^^^^^^^^
  File "C:\inetpub\wwwroot\e-randevu\dental_management_system\venv\Lib\site-packages\django\urls\resolvers.py", line 686, in resolve
    for pattern in self.url_patterns:
                   ^^^^^^^^^^^^^^^^^
  File "C:\inetpub\wwwroot\e-randevu\dental_management_system\venv\Lib\site-packages\django\utils\functional.py", line 47, in __get__
    res = instance.__dict__[self.name] = self.func(instance)
                                         ^^^^^^^^^^^^^^^^^^^
  File "C:\inetpub\wwwroot\e-randevu\dental_management_system\venv\Lib\site-packages\django\urls\resolvers.py", line 738, in url_patterns
    patterns = getattr(self.urlconf_module, "urlpatterns", self.urlconf_module)
                       ^^^^^^^^^^^^^^^^^^^
  File "C:\inetpub\wwwroot\e-randevu\dental_management_system\venv\Lib\site-packages\django\utils\functional.py", line 47, in __get__
    res = instance.__dict__[self.name] = self.func(instance)
                                         ^^^^^^^^^^^^^^^^^^^
  File "C:\inetpub\wwwroot\e-randevu\dental_management_system\venv\Lib\site-packages\django\urls\resolvers.py", line 731, in urlconf_module
    return import_module(self.urlconf_name)
           ^^^^^^^^^^^^^^^^^^^^^^^^^^^^^^^^
  File "C:\Users\Administrator\AppData\Local\Programs\Python\Python311\Lib\importlib\__init__.py", line 126, in import_module
    return _bootstrap._gcd_import(name[level:], package, level)
           ^^^^^^^^^^^^^^^^^^^^^^^^^^^^^^^^^^^^^^^^^^^^^^^^^^^^
  File "<frozen importlib._bootstrap>", line 1206, in _gcd_import
  File "<frozen importlib._bootstrap>", line 1178, in _find_and_load
  File "<frozen importlib._bootstrap>", line 1149, in _find_and_load_unlocked
  File "<frozen importlib._bootstrap>", line 690, in _load_unlocked
  File "<frozen importlib._bootstrap_external>", line 940, in exec_module
  File "<frozen importlib._bootstrap>", line 241, in _call_with_frames_removed
  File "C:\inetpub\wwwroot\e-randevu\dental_management_system\dental\panel_urls.py", line 14, in <module>
    from tenants.odeme_views import abonelik_planlar, abonelik_odeme, abonelik_basarili
  File "C:\inetpub\wwwroot\e-randevu\dental_management_system\tenants\odeme_views.py", line 9, in <module>
    from tenants.iyzico import PLANS, odeme_baslat
  File "C:\inetpub\wwwroot\e-randevu\dental_management_system\tenants\iyzico.py", line 10, in <module>
    import requests
ModuleNotFoundError: No module named 'requests'

During handling of the above exception, another exception occurred:

Traceback (most recent call last):
  File "C:\inetpub\wwwroot\e-randevu\dental_management_system\venv\Lib\site-packages\django\core\handlers\exception.py", line 55, in inner
    response = get_response(request)
               ^^^^^^^^^^^^^^^^^^^^^
  File "C:\inetpub\wwwroot\e-randevu\dental_management_system\venv\Lib\site-packages\django\utils\deprecation.py", line 134, in __call__
    response = response or self.get_response(request)
                           ^^^^^^^^^^^^^^^^^^^^^^^^^^
  File "C:\inetpub\wwwroot\e-randevu\dental_management_system\venv\Lib\site-packages\django\core\handlers\exception.py", line 57, in inner
    response = response_for_exception(request, exc)
               ^^^^^^^^^^^^^^^^^^^^^^^^^^^^^^^^^^^^
  File "C:\inetpub\wwwroot\e-randevu\dental_management_system\venv\Lib\site-packages\django\core\handlers\exception.py", line 140, in response_for_exception
    response = handle_uncaught_exception(
               ^^^^^^^^^^^^^^^^^^^^^^^^^^
  File "C:\inetpub\wwwroot\e-randevu\dental_management_system\venv\Lib\site-packages\django\core\handlers\exception.py", line 181, in handle_uncaught_exception
    return debug.technical_500_response(request, *exc_info)
           ^^^^^^^^^^^^^^^^^^^^^^^^^^^^^^^^^^^^^^^^^^^^^^^^
  File "C:\inetpub\wwwroot\e-randevu\dental_management_system\venv\Lib\site-packages\django\views\debug.py", line 69, in technical_500_response
    html = reporter.get_traceback_html()
           ^^^^^^^^^^^^^^^^^^^^^^^^^^^^^
  File "C:\inetpub\wwwroot\e-randevu\dental_management_system\venv\Lib\site-packages\django\views\debug.py", line 428, in get_traceback_html
    c = Context(self.get_traceback_data(), use_l10n=False)
                ^^^^^^^^^^^^^^^^^^^^^^^^^
  File "C:\inetpub\wwwroot\e-randevu\dental_management_system\venv\Lib\site-packages\django\views\debug.py", line 411, in get_traceback_data
    c["raising_view_name"] = get_caller(self.request)
                             ^^^^^^^^^^^^^^^^^^^^^^^^
  File "C:\inetpub\wwwroot\e-randevu\dental_management_system\venv\Lib\site-packages\django\views\debug.py", line 102, in get_caller
    resolver_match = resolve(request.path)
                     ^^^^^^^^^^^^^^^^^^^^^
  File "C:\inetpub\wwwroot\e-randevu\dental_management_system\venv\Lib\site-packages\django\urls\base.py", line 24, in resolve
    return get_resolver(urlconf).resolve(path)
           ^^^^^^^^^^^^^^^^^^^^^^^^^^^^^^^^^^^
  File "C:\inetpub\wwwroot\e-randevu\dental_management_system\venv\Lib\site-packages\django\urls\resolvers.py", line 686, in resolve
    for pattern in self.url_patterns:
                   ^^^^^^^^^^^^^^^^^
  File "C:\inetpub\wwwroot\e-randevu\dental_management_system\venv\Lib\site-packages\django\utils\functional.py", line 47, in __get__
    res = instance.__dict__[self.name] = self.func(instance)
                                         ^^^^^^^^^^^^^^^^^^^
  File "C:\inetpub\wwwroot\e-randevu\dental_management_system\venv\Lib\site-packages\django\urls\resolvers.py", line 738, in url_patterns
    patterns = getattr(self.urlconf_module, "urlpatterns", self.urlconf_module)
                       ^^^^^^^^^^^^^^^^^^^
  File "C:\inetpub\wwwroot\e-randevu\dental_management_system\venv\Lib\site-packages\django\utils\functional.py", line 47, in __get__
    res = instance.__dict__[self.name] = self.func(instance)
                                         ^^^^^^^^^^^^^^^^^^^
  File "C:\inetpub\wwwroot\e-randevu\dental_management_system\venv\Lib\site-packages\django\urls\resolvers.py", line 731, in urlconf_module
    return import_module(self.urlconf_name)
           ^^^^^^^^^^^^^^^^^^^^^^^^^^^^^^^^
  File "C:\Users\Administrator\AppData\Local\Programs\Python\Python311\Lib\importlib\__init__.py", line 126, in import_module
    return _bootstrap._gcd_import(name[level:], package, level)
           ^^^^^^^^^^^^^^^^^^^^^^^^^^^^^^^^^^^^^^^^^^^^^^^^^^^^
  File "<frozen importlib._bootstrap>", line 1206, in _gcd_import
  File "<frozen importlib._bootstrap>", line 1178, in _find_and_load
  File "<frozen importlib._bootstrap>", line 1149, in _find_and_load_unlocked
  File "<frozen importlib._bootstrap>", line 690, in _load_unlocked
  File "<frozen importlib._bootstrap_external>", line 940, in exec_module
  File "<frozen importlib._bootstrap>", line 241, in _call_with_frames_removed
  File "C:\inetpub\wwwroot\e-randevu\dental_management_system\dental\panel_urls.py", line 14, in <module>
    from tenants.odeme_views import abonelik_planlar, abonelik_odeme, abonelik_basarili
  File "C:\inetpub\wwwroot\e-randevu\dental_management_system\tenants\odeme_views.py", line 9, in <module>
    from tenants.iyzico import PLANS, odeme_baslat
  File "C:\inetpub\wwwroot\e-randevu\dental_management_system\tenants\iyzico.py", line 10, in <module>
    import requests
ModuleNotFoundError: No module named 'requests'

During handling of the above exception, another exception occurred:

Traceback (most recent call last):
  File "C:\inetpub\wwwroot\e-randevu\dental_management_system\venv\Lib\site-packages\django\core\handlers\exception.py", line 55, in inner
    response = get_response(request)
               ^^^^^^^^^^^^^^^^^^^^^
  File "C:\inetpub\wwwroot\e-randevu\dental_management_system\dental\middleware.py", line 66, in __call__
    return self.get_response(request)
           ^^^^^^^^^^^^^^^^^^^^^^^^^^
  File "C:\inetpub\wwwroot\e-randevu\dental_management_system\venv\Lib\site-packages\django\core\handlers\exception.py", line 57, in inner
    response = response_for_exception(request, exc)
               ^^^^^^^^^^^^^^^^^^^^^^^^^^^^^^^^^^^^
  File "C:\inetpub\wwwroot\e-randevu\dental_management_system\venv\Lib\site-packages\django\core\handlers\exception.py", line 140, in response_for_exception
    response = handle_uncaught_exception(
               ^^^^^^^^^^^^^^^^^^^^^^^^^^
  File "C:\inetpub\wwwroot\e-randevu\dental_management_system\venv\Lib\site-packages\django\core\handlers\exception.py", line 181, in handle_uncaught_exception
    return debug.technical_500_response(request, *exc_info)
           ^^^^^^^^^^^^^^^^^^^^^^^^^^^^^^^^^^^^^^^^^^^^^^^^
  File "C:\inetpub\wwwroot\e-randevu\dental_management_system\venv\Lib\site-packages\django\views\debug.py", line 69, in technical_500_response
    html = reporter.get_traceback_html()
           ^^^^^^^^^^^^^^^^^^^^^^^^^^^^^
  File "C:\inetpub\wwwroot\e-randevu\dental_management_system\venv\Lib\site-packages\django\views\debug.py", line 428, in get_traceback_html
    c = Context(self.get_traceback_data(), use_l10n=False)
                ^^^^^^^^^^^^^^^^^^^^^^^^^
  File "C:\inetpub\wwwroot\e-randevu\dental_management_system\venv\Lib\site-packages\django\views\debug.py", line 411, in get_traceback_data
    c["raising_view_name"] = get_caller(self.request)
                             ^^^^^^^^^^^^^^^^^^^^^^^^
  File "C:\inetpub\wwwroot\e-randevu\dental_management_system\venv\Lib\site-packages\django\views\debug.py", line 102, in get_caller
    resolver_match = resolve(request.path)
                     ^^^^^^^^^^^^^^^^^^^^^
  File "C:\inetpub\wwwroot\e-randevu\dental_management_system\venv\Lib\site-packages\django\urls\base.py", line 24, in resolve
    return get_resolver(urlconf).resolve(path)
           ^^^^^^^^^^^^^^^^^^^^^^^^^^^^^^^^^^^
  File "C:\inetpub\wwwroot\e-randevu\dental_management_system\venv\Lib\site-packages\django\urls\resolvers.py", line 686, in resolve
    for pattern in self.url_patterns:
                   ^^^^^^^^^^^^^^^^^
  File "C:\inetpub\wwwroot\e-randevu\dental_management_system\venv\Lib\site-packages\django\utils\functional.py", line 47, in __get__
    res = instance.__dict__[self.name] = self.func(instance)
                                         ^^^^^^^^^^^^^^^^^^^
  File "C:\inetpub\wwwroot\e-randevu\dental_management_system\venv\Lib\site-packages\django\urls\resolvers.py", line 738, in url_patterns
    patterns = getattr(self.urlconf_module, "urlpatterns", self.urlconf_module)
                       ^^^^^^^^^^^^^^^^^^^
  File "C:\inetpub\wwwroot\e-randevu\dental_management_system\venv\Lib\site-packages\django\utils\functional.py", line 47, in __get__
    res = instance.__dict__[self.name] = self.func(instance)
                                         ^^^^^^^^^^^^^^^^^^^
  File "C:\inetpub\wwwroot\e-randevu\dental_management_system\venv\Lib\site-packages\django\urls\resolvers.py", line 731, in urlconf_module
    return import_module(self.urlconf_name)
           ^^^^^^^^^^^^^^^^^^^^^^^^^^^^^^^^
  File "C:\Users\Administrator\AppData\Local\Programs\Python\Python311\Lib\importlib\__init__.py", line 126, in import_module
    return _bootstrap._gcd_import(name[level:], package, level)
           ^^^^^^^^^^^^^^^^^^^^^^^^^^^^^^^^^^^^^^^^^^^^^^^^^^^^
  File "<frozen importlib._bootstrap>", line 1206, in _gcd_import
  File "<frozen importlib._bootstrap>", line 1178, in _find_and_load
  File "<frozen importlib._bootstrap>", line 1149, in _find_and_load_unlocked
  File "<frozen importlib._bootstrap>", line 690, in _load_unlocked
  File "<frozen importlib._bootstrap_external>", line 940, in exec_module
  File "<frozen importlib._bootstrap>", line 241, in _call_with_frames_removed
  File "C:\inetpub\wwwroot\e-randevu\dental_management_system\dental\panel_urls.py", line 14, in <module>
    from tenants.odeme_views import abonelik_planlar, abonelik_odeme, abonelik_basarili
  File "C:\inetpub\wwwroot\e-randevu\dental_management_system\tenants\odeme_views.py", line 9, in <module>
    from tenants.iyzico import PLANS, odeme_baslat
  File "C:\inetpub\wwwroot\e-randevu\dental_management_system\tenants\iyzico.py", line 10, in <module>
    import requests
ModuleNotFoundError: No module named 'requests'

During handling of the above exception, another exception occurred:

Traceback (most recent call last):
  File "C:\inetpub\wwwroot\e-randevu\dental_management_system\venv\Lib\site-packages\django\core\handlers\exception.py", line 55, in inner
    response = get_response(request)
               ^^^^^^^^^^^^^^^^^^^^^
  File "C:\inetpub\wwwroot\e-randevu\dental_management_system\dental\middleware.py", line 47, in __call__
    response = self.get_response(request)
               ^^^^^^^^^^^^^^^^^^^^^^^^^^
  File "C:\inetpub\wwwroot\e-randevu\dental_management_system\venv\Lib\site-packages\django\core\handlers\exception.py", line 57, in inner
    response = response_for_exception(request, exc)
               ^^^^^^^^^^^^^^^^^^^^^^^^^^^^^^^^^^^^
  File "C:\inetpub\wwwroot\e-randevu\dental_management_system\venv\Lib\site-packages\django\core\handlers\exception.py", line 140, in response_for_exception
    response = handle_uncaught_exception(
               ^^^^^^^^^^^^^^^^^^^^^^^^^^
  File "C:\inetpub\wwwroot\e-randevu\dental_management_system\venv\Lib\site-packages\django\core\handlers\exception.py", line 181, in handle_uncaught_exception
    return debug.technical_500_response(request, *exc_info)
           ^^^^^^^^^^^^^^^^^^^^^^^^^^^^^^^^^^^^^^^^^^^^^^^^
  File "C:\inetpub\wwwroot\e-randevu\dental_management_system\venv\Lib\site-packages\django\views\debug.py", line 69, in technical_500_response
    html = reporter.get_traceback_html()
           ^^^^^^^^^^^^^^^^^^^^^^^^^^^^^
  File "C:\inetpub\wwwroot\e-randevu\dental_management_system\venv\Lib\site-packages\django\views\debug.py", line 428, in get_traceback_html
    c = Context(self.get_traceback_data(), use_l10n=False)
                ^^^^^^^^^^^^^^^^^^^^^^^^^
  File "C:\inetpub\wwwroot\e-randevu\dental_management_system\venv\Lib\site-packages\django\views\debug.py", line 411, in get_traceback_data
    c["raising_view_name"] = get_caller(self.request)
                             ^^^^^^^^^^^^^^^^^^^^^^^^
  File "C:\inetpub\wwwroot\e-randevu\dental_management_system\venv\Lib\site-packages\django\views\debug.py", line 102, in get_caller
    resolver_match = resolve(request.path)
                     ^^^^^^^^^^^^^^^^^^^^^
  File "C:\inetpub\wwwroot\e-randevu\dental_management_system\venv\Lib\site-packages\django\urls\base.py", line 24, in resolve
    return get_resolver(urlconf).resolve(path)
           ^^^^^^^^^^^^^^^^^^^^^^^^^^^^^^^^^^^
  File "C:\inetpub\wwwroot\e-randevu\dental_management_system\venv\Lib\site-packages\django\urls\resolvers.py", line 686, in resolve
    for pattern in self.url_patterns:
                   ^^^^^^^^^^^^^^^^^
  File "C:\inetpub\wwwroot\e-randevu\dental_management_system\venv\Lib\site-packages\django\utils\functional.py", line 47, in __get__
    res = instance.__dict__[self.name] = self.func(instance)
                                         ^^^^^^^^^^^^^^^^^^^
  File "C:\inetpub\wwwroot\e-randevu\dental_management_system\venv\Lib\site-packages\django\urls\resolvers.py", line 738, in url_patterns
    patterns = getattr(self.urlconf_module, "urlpatterns", self.urlconf_module)
                       ^^^^^^^^^^^^^^^^^^^
  File "C:\inetpub\wwwroot\e-randevu\dental_management_system\venv\Lib\site-packages\django\utils\functional.py", line 47, in __get__
    res = instance.__dict__[self.name] = self.func(instance)
                                         ^^^^^^^^^^^^^^^^^^^
  File "C:\inetpub\wwwroot\e-randevu\dental_management_system\venv\Lib\site-packages\django\urls\resolvers.py", line 731, in urlconf_module
    return import_module(self.urlconf_name)
           ^^^^^^^^^^^^^^^^^^^^^^^^^^^^^^^^
  File "C:\Users\Administrator\AppData\Local\Programs\Python\Python311\Lib\importlib\__init__.py", line 126, in import_module
    return _bootstrap._gcd_import(name[level:], package, level)
           ^^^^^^^^^^^^^^^^^^^^^^^^^^^^^^^^^^^^^^^^^^^^^^^^^^^^
  File "<frozen importlib._bootstrap>", line 1206, in _gcd_import
  File "<frozen importlib._bootstrap>", line 1178, in _find_and_load
  File "<frozen importlib._bootstrap>", line 1149, in _find_and_load_unlocked
  File "<frozen importlib._bootstrap>", line 690, in _load_unlocked
  File "<frozen importlib._bootstrap_external>", line 940, in exec_module
  File "<frozen importlib._bootstrap>", line 241, in _call_with_frames_removed
  File "C:\inetpub\wwwroot\e-randevu\dental_management_system\dental\panel_urls.py", line 14, in <module>
    from tenants.odeme_views import abonelik_planlar, abonelik_odeme, abonelik_basarili
  File "C:\inetpub\wwwroot\e-randevu\dental_management_system\tenants\odeme_views.py", line 9, in <module>
    from tenants.iyzico import PLANS, odeme_baslat
  File "C:\inetpub\wwwroot\e-randevu\dental_management_system\tenants\iyzico.py", line 10, in <module>
    import requests
ModuleNotFoundError: No module named 'requests'

During handling of the above exception, another exception occurred:

Traceback (most recent call last):
  File "C:\Users\Administrator\AppData\Local\Programs\Python\Python311\Lib\wsgiref\handlers.py", line 137, in run
    self.result = application(self.environ, self.start_response)
                  ^^^^^^^^^^^^^^^^^^^^^^^^^^^^^^^^^^^^^^^^^^^^^^
  File "C:\inetpub\wwwroot\e-randevu\dental_management_system\venv\Lib\site-packages\django\contrib\staticfiles\handlers.py", line 80, in __call__
    return self.application(environ, start_response)
           ^^^^^^^^^^^^^^^^^^^^^^^^^^^^^^^^^^^^^^^^^
  File "C:\inetpub\wwwroot\e-randevu\dental_management_system\venv\Lib\site-packages\django\core\handlers\wsgi.py", line 124, in __call__
    response = self.get_response(request)
               ^^^^^^^^^^^^^^^^^^^^^^^^^^
  File "C:\inetpub\wwwroot\e-randevu\dental_management_system\venv\Lib\site-packages\django\core\handlers\base.py", line 140, in get_response
    response = self._middleware_chain(request)
               ^^^^^^^^^^^^^^^^^^^^^^^^^^^^^^^
  File "C:\inetpub\wwwroot\e-randevu\dental_management_system\venv\Lib\site-packages\django\core\handlers\exception.py", line 57, in inner
    response = response_for_exception(request, exc)
               ^^^^^^^^^^^^^^^^^^^^^^^^^^^^^^^^^^^^
  File "C:\inetpub\wwwroot\e-randevu\dental_management_system\venv\Lib\site-packages\django\core\handlers\exception.py", line 140, in response_for_exception
    response = handle_uncaught_exception(
               ^^^^^^^^^^^^^^^^^^^^^^^^^^
  File "C:\inetpub\wwwroot\e-randevu\dental_management_system\venv\Lib\site-packages\django\core\handlers\exception.py", line 181, in handle_uncaught_exception
    return debug.technical_500_response(request, *exc_info)
           ^^^^^^^^^^^^^^^^^^^^^^^^^^^^^^^^^^^^^^^^^^^^^^^^
  File "C:\inetpub\wwwroot\e-randevu\dental_management_system\venv\Lib\site-packages\django\views\debug.py", line 69, in technical_500_response
    html = reporter.get_traceback_html()
           ^^^^^^^^^^^^^^^^^^^^^^^^^^^^^
  File "C:\inetpub\wwwroot\e-randevu\dental_management_system\venv\Lib\site-packages\django\views\debug.py", line 428, in get_traceback_html
    c = Context(self.get_traceback_data(), use_l10n=False)
                ^^^^^^^^^^^^^^^^^^^^^^^^^
  File "C:\inetpub\wwwroot\e-randevu\dental_management_system\venv\Lib\site-packages\django\views\debug.py", line 411, in get_traceback_data
    c["raising_view_name"] = get_caller(self.request)
                             ^^^^^^^^^^^^^^^^^^^^^^^^
  File "C:\inetpub\wwwroot\e-randevu\dental_management_system\venv\Lib\site-packages\django\views\debug.py", line 102, in get_caller
    resolver_match = resolve(request.path)
                     ^^^^^^^^^^^^^^^^^^^^^
  File "C:\inetpub\wwwroot\e-randevu\dental_management_system\venv\Lib\site-packages\django\urls\base.py", line 24, in resolve
    return get_resolver(urlconf).resolve(path)
           ^^^^^^^^^^^^^^^^^^^^^^^^^^^^^^^^^^^
  File "C:\inetpub\wwwroot\e-randevu\dental_management_system\venv\Lib\site-packages\django\urls\resolvers.py", line 686, in resolve
    for pattern in self.url_patterns:
                   ^^^^^^^^^^^^^^^^^
  File "C:\inetpub\wwwroot\e-randevu\dental_management_system\venv\Lib\site-packages\django\utils\functional.py", line 47, in __get__
    res = instance.__dict__[self.name] = self.func(instance)
                                         ^^^^^^^^^^^^^^^^^^^
  File "C:\inetpub\wwwroot\e-randevu\dental_management_system\venv\Lib\site-packages\django\urls\resolvers.py", line 738, in url_patterns
    patterns = getattr(self.urlconf_module, "urlpatterns", self.urlconf_module)
                       ^^^^^^^^^^^^^^^^^^^
  File "C:\inetpub\wwwroot\e-randevu\dental_management_system\venv\Lib\site-packages\django\utils\functional.py", line 47, in __get__
    res = instance.__dict__[self.name] = self.func(instance)
                                         ^^^^^^^^^^^^^^^^^^^
  File "C:\inetpub\wwwroot\e-randevu\dental_management_system\venv\Lib\site-packages\django\urls\resolvers.py", line 731, in urlconf_module
    return import_module(self.urlconf_name)
           ^^^^^^^^^^^^^^^^^^^^^^^^^^^^^^^^
  File "C:\Users\Administrator\AppData\Local\Programs\Python\Python311\Lib\importlib\__init__.py", line 126, in import_module
    return _bootstrap._gcd_import(name[level:], package, level)
           ^^^^^^^^^^^^^^^^^^^^^^^^^^^^^^^^^^^^^^^^^^^^^^^^^^^^
  File "<frozen importlib._bootstrap>", line 1206, in _gcd_import
  File "<frozen importlib._bootstrap>", line 1178, in _find_and_load
  File "<frozen importlib._bootstrap>", line 1149, in _find_and_load_unlocked
  File "<frozen importlib._bootstrap>", line 690, in _load_unlocked
  File "<frozen importlib._bootstrap_external>", line 940, in exec_module
  File "<frozen importlib._bootstrap>", line 241, in _call_with_frames_removed
  File "C:\inetpub\wwwroot\e-randevu\dental_management_system\dental\panel_urls.py", line 14, in <module>
    from tenants.odeme_views import abonelik_planlar, abonelik_odeme, abonelik_basarili
  File "C:\inetpub\wwwroot\e-randevu\dental_management_system\tenants\odeme_views.py", line 9, in <module>
    from tenants.iyzico import PLANS, odeme_baslat
  File "C:\inetpub\wwwroot\e-randevu\dental_management_system\tenants\iyzico.py", line 10, in <module>
    import requests
ModuleNotFoundError: No module named 'requests'
[29/Mar/2026 08:00:17] "GET /robots.txt HTTP/1.1" 500 59
[29/Mar/2026 08:00:17,191] - Broken pipe from ('127.0.0.1', 55221)
[29/Mar/2026 08:00:43] "GET / HTTP/1.1" 200 16347
[29/Mar/2026 08:00:58] "GET /giris/ HTTP/1.1" 200 5064
[29/Mar/2026 08:01:07] "GET /kayit/ HTTP/1.1" 200 10163
[29/Mar/2026 08:02:01] "GET /kayit/ HTTP/1.1" 200 10163
[29/Mar/2026 08:02:02] "GET /kayit/ HTTP/1.1" 200 10163
[29/Mar/2026 08:02:06] "GET / HTTP/1.1" 200 16347
Internal Server Error: /
Traceback (most recent call last):
  File "C:\inetpub\wwwroot\e-randevu\dental_management_system\tenants\hasta_views.py", line 133, in klinik_randevu_sayfasi
    clinic = Clinic.objects.get(subdomain=subdomain, is_active=True)
             ^^^^^^^^^^^^^^^^^^^^^^^^^^^^^^^^^^^^^^^^^^^^^^^^^^^^^^^
  File "C:\inetpub\wwwroot\e-randevu\dental_management_system\venv\Lib\site-packages\django\db\models\manager.py", line 87, in manager_method
    return getattr(self.get_queryset(), name)(*args, **kwargs)
           ^^^^^^^^^^^^^^^^^^^^^^^^^^^^^^^^^^^^^^^^^^^^^^^^^^^
  File "C:\inetpub\wwwroot\e-randevu\dental_management_system\venv\Lib\site-packages\django\db\models\query.py", line 649, in get
    raise self.model.DoesNotExist(
tenants.models.Clinic.DoesNotExist: Clinic matching query does not exist.

During handling of the above exception, another exception occurred:

Traceback (most recent call last):
  File "C:\inetpub\wwwroot\e-randevu\dental_management_system\venv\Lib\site-packages\django\core\handlers\exception.py", line 55, in inner
    response = get_response(request)
               ^^^^^^^^^^^^^^^^^^^^^
  File "C:\inetpub\wwwroot\e-randevu\dental_management_system\venv\Lib\site-packages\django\core\handlers\base.py", line 197, in _get_response
    response = wrapped_callback(request, *callback_args, **callback_kwargs)
               ^^^^^^^^^^^^^^^^^^^^^^^^^^^^^^^^^^^^^^^^^^^^^^^^^^^^^^^^^^^^
  File "C:\inetpub\wwwroot\e-randevu\dental_management_system\tenants\hasta_views.py", line 135, in klinik_randevu_sayfasi
    return render(request, 'hasta/klinik_bulunamadi.html', {}, status=404)
           ^^^^^^^^^^^^^^^^^^^^^^^^^^^^^^^^^^^^^^^^^^^^^^^^^^^^^^^^^^^^^^^
  File "C:\inetpub\wwwroot\e-randevu\dental_management_system\venv\Lib\site-packages\django\shortcuts.py", line 25, in render
    content = loader.render_to_string(template_name, context, request, using=using)
              ^^^^^^^^^^^^^^^^^^^^^^^^^^^^^^^^^^^^^^^^^^^^^^^^^^^^^^^^^^^^^^^^^^^^^
  File "C:\inetpub\wwwroot\e-randevu\dental_management_system\venv\Lib\site-packages\django\template\loader.py", line 61, in render_to_string
    template = get_template(template_name, using=using)
               ^^^^^^^^^^^^^^^^^^^^^^^^^^^^^^^^^^^^^^^^
  File "C:\inetpub\wwwroot\e-randevu\dental_management_system\venv\Lib\site-packages\django\template\loader.py", line 19, in get_template
    raise TemplateDoesNotExist(template_name, chain=chain)
django.template.exceptions.TemplateDoesNotExist: hasta/klinik_bulunamadi.html
[29/Mar/2026 08:03:52] "GET / HTTP/1.1" 500 98109
Internal Server Error: /
Traceback (most recent call last):
  File "C:\inetpub\wwwroot\e-randevu\dental_management_system\tenants\hasta_views.py", line 133, in klinik_randevu_sayfasi
    clinic = Clinic.objects.get(subdomain=subdomain, is_active=True)
             ^^^^^^^^^^^^^^^^^^^^^^^^^^^^^^^^^^^^^^^^^^^^^^^^^^^^^^^
  File "C:\inetpub\wwwroot\e-randevu\dental_management_system\venv\Lib\site-packages\django\db\models\manager.py", line 87, in manager_method
    return getattr(self.get_queryset(), name)(*args, **kwargs)
           ^^^^^^^^^^^^^^^^^^^^^^^^^^^^^^^^^^^^^^^^^^^^^^^^^^^
  File "C:\inetpub\wwwroot\e-randevu\dental_management_system\venv\Lib\site-packages\django\db\models\query.py", line 649, in get
    raise self.model.DoesNotExist(
tenants.models.Clinic.DoesNotExist: Clinic matching query does not exist.

During handling of the above exception, another exception occurred:

Traceback (most recent call last):
  File "C:\inetpub\wwwroot\e-randevu\dental_management_system\venv\Lib\site-packages\django\core\handlers\exception.py", line 55, in inner
    response = get_response(request)
               ^^^^^^^^^^^^^^^^^^^^^
  File "C:\inetpub\wwwroot\e-randevu\dental_management_system\venv\Lib\site-packages\django\core\handlers\base.py", line 197, in _get_response
    response = wrapped_callback(request, *callback_args, **callback_kwargs)
               ^^^^^^^^^^^^^^^^^^^^^^^^^^^^^^^^^^^^^^^^^^^^^^^^^^^^^^^^^^^^
  File "C:\inetpub\wwwroot\e-randevu\dental_management_system\tenants\hasta_views.py", line 135, in klinik_randevu_sayfasi
    return render(request, 'hasta/klinik_bulunamadi.html', {}, status=404)
           ^^^^^^^^^^^^^^^^^^^^^^^^^^^^^^^^^^^^^^^^^^^^^^^^^^^^^^^^^^^^^^^
  File "C:\inetpub\wwwroot\e-randevu\dental_management_system\venv\Lib\site-packages\django\shortcuts.py", line 25, in render
    content = loader.render_to_string(template_name, context, request, using=using)
              ^^^^^^^^^^^^^^^^^^^^^^^^^^^^^^^^^^^^^^^^^^^^^^^^^^^^^^^^^^^^^^^^^^^^^
  File "C:\inetpub\wwwroot\e-randevu\dental_management_system\venv\Lib\site-packages\django\template\loader.py", line 61, in render_to_string
    template = get_template(template_name, using=using)
               ^^^^^^^^^^^^^^^^^^^^^^^^^^^^^^^^^^^^^^^^
  File "C:\inetpub\wwwroot\e-randevu\dental_management_system\venv\Lib\site-packages\django\template\loader.py", line 19, in get_template
    raise TemplateDoesNotExist(template_name, chain=chain)
django.template.exceptions.TemplateDoesNotExist: hasta/klinik_bulunamadi.html
[29/Mar/2026 08:03:52] "GET / HTTP/1.1" 500 98107
[29/Mar/2026 08:05:48] "GET /hasta/giris/ HTTP/1.1" 200 3789
[29/Mar/2026 08:05:53] "GET /hasta/kayit/ HTTP/1.1" 200 14454
[29/Mar/2026 08:07:07] "GET /?sehir=%C4%B0stanbul HTTP/1.1" 200 21118
[29/Mar/2026 08:07:08] "GET /media/clinics/logos/download.jpg HTTP/1.1" 200 3832
[29/Mar/2026 08:07:10] "GET / HTTP/1.1" 200 65992
Not Found: /cdn-cgi/scripts/5c5dd728/cloudflare-static/email-decode.min.js
[29/Mar/2026 08:07:10] "GET /cdn-cgi/scripts/5c5dd728/cloudflare-static/email-decode.min.js HTTP/1.1" 404 2515
[29/Mar/2026 08:10:12] "GET / HTTP/1.1" 200 65992
Not Found: /favicon.ico
[29/Mar/2026 08:10:12] "GET /favicon.ico HTTP/1.1" 404 2362
Not Found: /favicon.png
[29/Mar/2026 08:10:13] "GET /favicon.png HTTP/1.1" 404 2362
[29/Mar/2026 08:30:06] "GET /.env HTTP/1.1" 301 0
Internal Server Error: /
Traceback (most recent call last):
  File "C:\inetpub\wwwroot\e-randevu\dental_management_system\tenants\hasta_views.py", line 133, in klinik_randevu_sayfasi
    clinic = Clinic.objects.get(subdomain=subdomain, is_active=True)
             ^^^^^^^^^^^^^^^^^^^^^^^^^^^^^^^^^^^^^^^^^^^^^^^^^^^^^^^
  File "C:\inetpub\wwwroot\e-randevu\dental_management_system\venv\Lib\site-packages\django\db\models\manager.py", line 87, in manager_method
    return getattr(self.get_queryset(), name)(*args, **kwargs)
           ^^^^^^^^^^^^^^^^^^^^^^^^^^^^^^^^^^^^^^^^^^^^^^^^^^^
  File "C:\inetpub\wwwroot\e-randevu\dental_management_system\venv\Lib\site-packages\django\db\models\query.py", line 649, in get
    raise self.model.DoesNotExist(
tenants.models.Clinic.DoesNotExist: Clinic matching query does not exist.

During handling of the above exception, another exception occurred:

Traceback (most recent call last):
  File "C:\inetpub\wwwroot\e-randevu\dental_management_system\venv\Lib\site-packages\django\core\handlers\exception.py", line 55, in inner
    response = get_response(request)
               ^^^^^^^^^^^^^^^^^^^^^
  File "C:\inetpub\wwwroot\e-randevu\dental_management_system\venv\Lib\site-packages\django\core\handlers\base.py", line 197, in _get_response
    response = wrapped_callback(request, *callback_args, **callback_kwargs)
               ^^^^^^^^^^^^^^^^^^^^^^^^^^^^^^^^^^^^^^^^^^^^^^^^^^^^^^^^^^^^
  File "C:\inetpub\wwwroot\e-randevu\dental_management_system\tenants\hasta_views.py", line 135, in klinik_randevu_sayfasi
    return render(request, 'hasta/klinik_bulunamadi.html', {}, status=404)
           ^^^^^^^^^^^^^^^^^^^^^^^^^^^^^^^^^^^^^^^^^^^^^^^^^^^^^^^^^^^^^^^
  File "C:\inetpub\wwwroot\e-randevu\dental_management_system\venv\Lib\site-packages\django\shortcuts.py", line 25, in render
    content = loader.render_to_string(template_name, context, request, using=using)
              ^^^^^^^^^^^^^^^^^^^^^^^^^^^^^^^^^^^^^^^^^^^^^^^^^^^^^^^^^^^^^^^^^^^^^
  File "C:\inetpub\wwwroot\e-randevu\dental_management_system\venv\Lib\site-packages\django\template\loader.py", line 61, in render_to_string
    template = get_template(template_name, using=using)
               ^^^^^^^^^^^^^^^^^^^^^^^^^^^^^^^^^^^^^^^^
  File "C:\inetpub\wwwroot\e-randevu\dental_management_system\venv\Lib\site-packages\django\template\loader.py", line 19, in get_template
    raise TemplateDoesNotExist(template_name, chain=chain)
django.template.exceptions.TemplateDoesNotExist: hasta/klinik_bulunamadi.html
[29/Mar/2026 08:36:37] "GET / HTTP/1.1" 500 98092
[29/Mar/2026 08:50:01] "GET / HTTP/1.1" 200 16347
[29/Mar/2026 08:58:47] "GET / HTTP/1.1" 200 16347
Not Found: /
[29/Mar/2026 09:00:43] "GET / HTTP/1.1" 404 8848
Internal Server Error: /
Traceback (most recent call last):
  File "C:\inetpub\wwwroot\e-randevu\dental_management_system\tenants\hasta_views.py", line 133, in klinik_randevu_sayfasi
    clinic = Clinic.objects.get(subdomain=subdomain, is_active=True)
             ^^^^^^^^^^^^^^^^^^^^^^^^^^^^^^^^^^^^^^^^^^^^^^^^^^^^^^^
  File "C:\inetpub\wwwroot\e-randevu\dental_management_system\venv\Lib\site-packages\django\db\models\manager.py", line 87, in manager_method
    return getattr(self.get_queryset(), name)(*args, **kwargs)
           ^^^^^^^^^^^^^^^^^^^^^^^^^^^^^^^^^^^^^^^^^^^^^^^^^^^
  File "C:\inetpub\wwwroot\e-randevu\dental_management_system\venv\Lib\site-packages\django\db\models\query.py", line 649, in get
    raise self.model.DoesNotExist(
tenants.models.Clinic.DoesNotExist: Clinic matching query does not exist.

During handling of the above exception, another exception occurred:

Traceback (most recent call last):
  File "C:\inetpub\wwwroot\e-randevu\dental_management_system\venv\Lib\site-packages\django\core\handlers\exception.py", line 55, in inner
    response = get_response(request)
               ^^^^^^^^^^^^^^^^^^^^^
  File "C:\inetpub\wwwroot\e-randevu\dental_management_system\venv\Lib\site-packages\django\core\handlers\base.py", line 197, in _get_response
    response = wrapped_callback(request, *callback_args, **callback_kwargs)
               ^^^^^^^^^^^^^^^^^^^^^^^^^^^^^^^^^^^^^^^^^^^^^^^^^^^^^^^^^^^^
  File "C:\inetpub\wwwroot\e-randevu\dental_management_system\tenants\hasta_views.py", line 135, in klinik_randevu_sayfasi
    return render(request, 'hasta/klinik_bulunamadi.html', {}, status=404)
           ^^^^^^^^^^^^^^^^^^^^^^^^^^^^^^^^^^^^^^^^^^^^^^^^^^^^^^^^^^^^^^^
  File "C:\inetpub\wwwroot\e-randevu\dental_management_system\venv\Lib\site-packages\django\shortcuts.py", line 25, in render
    content = loader.render_to_string(template_name, context, request, using=using)
              ^^^^^^^^^^^^^^^^^^^^^^^^^^^^^^^^^^^^^^^^^^^^^^^^^^^^^^^^^^^^^^^^^^^^^
  File "C:\inetpub\wwwroot\e-randevu\dental_management_system\venv\Lib\site-packages\django\template\loader.py", line 61, in render_to_string
    template = get_template(template_name, using=using)
               ^^^^^^^^^^^^^^^^^^^^^^^^^^^^^^^^^^^^^^^^
  File "C:\inetpub\wwwroot\e-randevu\dental_management_system\venv\Lib\site-packages\django\template\loader.py", line 19, in get_template
    raise TemplateDoesNotExist(template_name, chain=chain)
django.template.exceptions.TemplateDoesNotExist: hasta/klinik_bulunamadi.html
[29/Mar/2026 09:20:50] "GET / HTTP/1.1" 500 98091
Not Found: /
[29/Mar/2026 09:30:21] "GET / HTTP/1.1" 404 8849
[29/Mar/2026 09:41:17] "GET /?sehir= HTTP/1.1" 200 16347
Forbidden (Referer checking failed - no Referer.): /
[29/Mar/2026 09:43:31] "POST / HTTP/1.1" 403 3565
Not Found: /index.php
[29/Mar/2026 09:43:31] "POST /index.php HTTP/1.1" 404 2951
Not Found: /admin
[29/Mar/2026 09:43:32] "POST /admin HTTP/1.1" 404 2939
Not Found: /api
[29/Mar/2026 09:43:33] "POST /api HTTP/1.1" 404 2933
[29/Mar/2026 09:51:38] "GET /hasta/giris/ HTTP/1.1" 200 3789
Forbidden (Referer checking failed - no Referer.): /
[29/Mar/2026 10:00:34] "POST / HTTP/1.1" 403 3565
Not Found: /index.php
[29/Mar/2026 10:00:34] "POST /index.php HTTP/1.1" 404 2951
Not Found: /admin
[29/Mar/2026 10:00:34] "POST /admin HTTP/1.1" 404 2939
Not Found: /api
[29/Mar/2026 10:00:34] "POST /api HTTP/1.1" 404 2933
Not Found: /
[29/Mar/2026 10:00:36] "GET / HTTP/1.1" 404 8848
Internal Server Error: /
Traceback (most recent call last):
  File "C:\inetpub\wwwroot\e-randevu\dental_management_system\tenants\hasta_views.py", line 133, in klinik_randevu_sayfasi
    clinic = Clinic.objects.get(subdomain=subdomain, is_active=True)
             ^^^^^^^^^^^^^^^^^^^^^^^^^^^^^^^^^^^^^^^^^^^^^^^^^^^^^^^
  File "C:\inetpub\wwwroot\e-randevu\dental_management_system\venv\Lib\site-packages\django\db\models\manager.py", line 87, in manager_method
    return getattr(self.get_queryset(), name)(*args, **kwargs)
           ^^^^^^^^^^^^^^^^^^^^^^^^^^^^^^^^^^^^^^^^^^^^^^^^^^^
  File "C:\inetpub\wwwroot\e-randevu\dental_management_system\venv\Lib\site-packages\django\db\models\query.py", line 649, in get
    raise self.model.DoesNotExist(
tenants.models.Clinic.DoesNotExist: Clinic matching query does not exist.

During handling of the above exception, another exception occurred:

Traceback (most recent call last):
  File "C:\inetpub\wwwroot\e-randevu\dental_management_system\venv\Lib\site-packages\django\core\handlers\exception.py", line 55, in inner
    response = get_response(request)
               ^^^^^^^^^^^^^^^^^^^^^
  File "C:\inetpub\wwwroot\e-randevu\dental_management_system\venv\Lib\site-packages\django\core\handlers\base.py", line 197, in _get_response
    response = wrapped_callback(request, *callback_args, **callback_kwargs)
               ^^^^^^^^^^^^^^^^^^^^^^^^^^^^^^^^^^^^^^^^^^^^^^^^^^^^^^^^^^^^
  File "C:\inetpub\wwwroot\e-randevu\dental_management_system\tenants\hasta_views.py", line 135, in klinik_randevu_sayfasi
    return render(request, 'hasta/klinik_bulunamadi.html', {}, status=404)
           ^^^^^^^^^^^^^^^^^^^^^^^^^^^^^^^^^^^^^^^^^^^^^^^^^^^^^^^^^^^^^^^
  File "C:\inetpub\wwwroot\e-randevu\dental_management_system\venv\Lib\site-packages\django\shortcuts.py", line 25, in render
    content = loader.render_to_string(template_name, context, request, using=using)
              ^^^^^^^^^^^^^^^^^^^^^^^^^^^^^^^^^^^^^^^^^^^^^^^^^^^^^^^^^^^^^^^^^^^^^
  File "C:\inetpub\wwwroot\e-randevu\dental_management_system\venv\Lib\site-packages\django\template\loader.py", line 61, in render_to_string
    template = get_template(template_name, using=using)
               ^^^^^^^^^^^^^^^^^^^^^^^^^^^^^^^^^^^^^^^^
  File "C:\inetpub\wwwroot\e-randevu\dental_management_system\venv\Lib\site-packages\django\template\loader.py", line 19, in get_template
    raise TemplateDoesNotExist(template_name, chain=chain)
django.template.exceptions.TemplateDoesNotExist: hasta/klinik_bulunamadi.html
[29/Mar/2026 10:11:20] "GET / HTTP/1.1" 500 98108
Not Found: /wp-login.php
[29/Mar/2026 10:13:55] "GET /wp-login.php HTTP/1.1" 404 2955
Not Found: /
[29/Mar/2026 10:20:31] "GET / HTTP/1.1" 404 8849
Not Found: /wp-login.php
[29/Mar/2026 10:33:33] "GET /wp-login.php HTTP/1.1" 404 2955
[29/Mar/2026 10:39:43] "GET /?q= HTTP/1.1" 200 16347
[29/Mar/2026 10:50:40] "GET /hasta/kayit/ HTTP/1.1" 200 14454
Not Found: /
[29/Mar/2026 10:51:04] "GET / HTTP/1.1" 404 8848
